filename	script_start_human_time	warning_human_time	server_start_human_time	compile_overworld_start_human_time	compile_overworld_end_human_time	compile_the_nether_start_human_time	compile_the_nether_end_human_time	compile_the_end_start_human_time	compile_the_end_end_human_time	elapsed_human_time	elapsed_time_ms	server_started_human_time	server_started_elapsed_time	chunky_start_human_time	chunky_radius	chunky_end_human_time	chunky_chunks	chunky_elapsed_time
benchmark_graalvm-java_89th_user_jvm_args.txt_run1_20251114_101914 	2025-11-14 10:19:16 	2025-11-14 10:19:21 	2025-11-14 10:19:32 	2025-11-14 10:19:33 	2025-11-14 10:19:44 	2025-11-14 10:19:45 	2025-11-14 10:19:49 	2025-11-14 10:19:45 	2025-11-14 10:19:48 	2025-11-14 10:19:45	11762 	2025-11-14 10:19:45	516 	2025-11-14 10:19:50	15000 	2025-11-14 10:54:46	3523129	0:34:56 
benchmark_graalvm-java_89th_user_jvm_args.txt_run2_20251114_105451 	2025-11-14 10:54:53 	2025-11-14 10:54:57 	2025-11-14 10:55:09 	2025-11-14 10:55:10 	2025-11-14 10:55:20 	2025-11-14 10:55:22 	2025-11-14 10:55:23 	2025-11-14 10:55:22 	2025-11-14 10:55:26 	2025-11-14 10:55:22	11839 	2025-11-14 10:55:22	545 	2025-11-14 10:55:26	15000 	2025-11-14 11:30:37	3523129	0:35:10 
benchmark_graalvm-java_89th_user_jvm_args.txt_run3_20251114_113041 	2025-11-14 11:30:44 	2025-11-14 11:30:48 	2025-11-14 11:31:00 	2025-11-14 11:31:01 	2025-11-14 11:31:11 	2025-11-14 11:31:13 	2025-11-14 11:31:14 	2025-11-14 11:31:13 	2025-11-14 11:31:17 	2025-11-14 11:31:13	12011 	2025-11-14 11:31:13	795 	2025-11-14 11:31:17	15000 	2025-11-14 12:06:33	3523129	0:35:15 
benchmark_graalvm-java_89th_user_jvm_args.txt_run4_20251114_120638 	2025-11-14 12:06:41 	2025-11-14 12:06:45 	2025-11-14 12:06:57 	2025-11-14 12:06:58 	2025-11-14 12:07:08 	2025-11-14 12:07:10 	2025-11-14 12:07:14 	2025-11-14 12:07:10 	2025-11-14 12:07:12 	2025-11-14 12:07:10	11799 	2025-11-14 12:07:10	520 	2025-11-14 12:07:14	15000 	2025-11-14 12:42:30	3523129	0:35:15 
benchmark_graalvm-java_aikar_user_jvm_args.txt_run1_20251114_182731 	2025-11-14 18:27:35 	2025-11-14 18:27:39 	2025-11-14 18:27:51 	2025-11-14 18:27:52 	2025-11-14 18:28:03 	2025-11-14 18:28:04 	2025-11-14 18:28:05 	2025-11-14 18:28:04 	2025-11-14 18:28:08 	2025-11-14 18:28:04	11766 	2025-11-14 18:28:04	468 	2025-11-14 18:28:08	15000 	2025-11-14 19:13:09	3523129	0:45:00 
benchmark_graalvm-java_aikar_user_jvm_args.txt_run2_20251114_191313 	2025-11-14 19:13:17 	2025-11-14 19:13:21 	2025-11-14 19:13:33 	2025-11-14 19:13:34 	2025-11-14 19:13:44 	2025-11-14 19:13:45 	2025-11-14 19:13:47 	2025-11-14 19:13:45 	2025-11-14 19:13:50 	2025-11-14 19:13:45	11576 	2025-11-14 19:13:45	289 	2025-11-14 19:13:50	15000 	2025-11-14 19:52:25	3523129	0:38:34 
benchmark_graalvm-java_aikar_user_jvm_args.txt_run3_20251114_195229 	2025-11-14 19:52:33 	2025-11-14 19:52:37 	2025-11-14 19:52:49 	2025-11-14 19:52:50 	2025-11-14 19:53:01 	2025-11-14 19:53:02 	2025-11-14 19:53:03 	2025-11-14 19:53:02 	2025-11-14 19:53:06 	2025-11-14 19:53:02	11790 	2025-11-14 19:53:02	599 	2025-11-14 19:53:06	15000 	2025-11-14 20:38:58	3523129	0:45:51 
benchmark_graalvm-java_aikar_user_jvm_args.txt_run4_20251114_203903 	2025-11-14 20:39:06 	2025-11-14 20:39:10 	2025-11-14 20:39:22 	2025-11-14 20:39:23 	2025-11-14 20:39:34 	2025-11-14 20:39:35 	2025-11-14 20:39:37 	2025-11-14 20:39:35 	2025-11-14 20:39:39 	2025-11-14 20:39:35	11737 	2025-11-14 20:39:35	421 	2025-11-14 20:39:39	15000 	2025-11-14 21:18:31	3523129	0:38:51 
benchmark_graalvm-java_atm_user_jvm_args.txt_run1_20251114_152339 	2025-11-14 15:23:47 	2025-11-14 15:23:51 	2025-11-14 15:24:03 	2025-11-14 15:24:04 	2025-11-14 15:24:15 	2025-11-14 15:24:16 	2025-11-14 15:24:18 	2025-11-14 15:24:16 	2025-11-14 15:24:20 	2025-11-14 15:24:16	11850 	2025-11-14 15:24:16	538 	2025-11-14 15:24:21	15000 	2025-11-14 16:09:09	3523129	0:44:48 
benchmark_graalvm-java_atm_user_jvm_args.txt_run2_20251114_160917 	2025-11-14 16:09:26 	2025-11-14 16:09:30 	2025-11-14 16:09:42 	2025-11-14 16:09:43 	2025-11-14 16:09:53 	2025-11-14 16:09:54 	2025-11-14 16:09:56 	2025-11-14 16:09:54 	2025-11-14 16:09:59 	2025-11-14 16:09:54	11619 	2025-11-14 16:09:54	332 	2025-11-14 16:09:59	15000 	2025-11-14 16:55:22	3523129	0:45:23 
benchmark_graalvm-java_atm_user_jvm_args.txt_run3_20251114_165532 	2025-11-14 16:55:40 	2025-11-14 16:55:44 	2025-11-14 16:55:56 	2025-11-14 16:55:57 	2025-11-14 16:56:08 	2025-11-14 16:56:09 	2025-11-14 16:56:11 	2025-11-14 16:56:09 	2025-11-14 16:56:14 	2025-11-14 16:56:09	11973 	2025-11-14 16:56:09	701 	2025-11-14 16:56:14	15000 	2025-11-14 17:41:41	3523129	0:45:27 
benchmark_graalvm-java_atm_user_jvm_args.txt_run4_20251114_174149 	2025-11-14 17:41:58 	2025-11-14 17:42:02 	2025-11-14 17:42:14 	2025-11-14 17:42:15 	2025-11-14 17:42:26 	2025-11-14 17:42:27 	2025-11-14 17:42:29 	2025-11-14 17:42:27 	2025-11-14 17:42:31 	2025-11-14 17:42:27	12028 	2025-11-14 17:42:27	714 	2025-11-14 17:42:32	15000 	2025-11-14 18:27:23	3523129	0:44:50 
benchmark_graalvm-java_none_user_jvm_args.txt_run1_20251115_001205 	2025-11-15 00:12:05 	2025-11-15 00:12:10 	2025-11-15 00:12:22 	2025-11-15 00:12:22 	2025-11-15 00:12:33 	2025-11-15 00:12:34 	2025-11-15 00:12:39 	2025-11-15 00:12:34 	2025-11-15 00:12:37 	2025-11-15 00:12:35	11855 	2025-11-15 00:12:35	539 	2025-11-15 00:12:39	15000 	2025-11-15 01:31:37	3523129	1:18:57 
benchmark_graalvm-java_none_user_jvm_args.txt_run2_20251115_013141 	2025-11-15 01:31:42 	2025-11-15 01:31:46 	2025-11-15 01:31:58 	2025-11-15 01:31:59 	2025-11-15 01:32:10 	2025-11-15 01:32:11 	2025-11-15 01:32:15 	2025-11-15 01:32:11 	2025-11-15 01:32:14 	2025-11-15 01:32:11	11713 	2025-11-15 01:32:11	411 	2025-11-15 01:32:15	15000 	2025-11-15 02:48:47	3523129	1:16:32 
benchmark_graalvm-java_small_user_jvm_args.txt_run1_20251114_124234 	2025-11-14 12:42:41 	2025-11-14 12:42:46 	2025-11-14 12:42:58 	2025-11-14 12:42:59 	2025-11-14 12:43:09 	2025-11-14 12:43:11 	2025-11-14 12:43:15 	2025-11-14 12:43:11 	2025-11-14 12:43:14 	2025-11-14 12:43:11	11785 	2025-11-14 12:43:11	583 	2025-11-14 12:43:15	15000 	2025-11-14 13:22:47	3523129	0:39:31 
benchmark_graalvm-java_none_user_jvm_args.txt_run3_20251115_024852 	2025-11-15 02:48:53 	2025-11-15 02:48:57 	2025-11-15 02:49:09 	2025-11-15 02:49:10 	2025-11-15 02:49:21 	2025-11-15 02:49:22 	2025-11-15 02:49:23 	2025-11-15 02:49:22 	2025-11-15 02:49:26 	2025-11-15 02:49:22	11795 	2025-11-15 02:49:22	483 	2025-11-15 02:49:26	15000 	2025-11-15 04:08:46	3523129	1:19:20 
benchmark_graalvm-java_none_user_jvm_args.txt_run4_20251115_040851 	2025-11-15 04:08:52 	2025-11-15 04:08:56 	2025-11-15 04:09:08 	2025-11-15 04:09:09 	2025-11-15 04:09:19 	2025-11-15 04:09:21 	2025-11-15 04:09:22 	2025-11-15 04:09:21 	2025-11-15 04:09:25 	2025-11-15 04:09:21	11875 	2025-11-15 04:09:21	591 	2025-11-15 04:09:25	15000 	2025-11-15 05:26:24	3523129	1:16:58 
benchmark_graalvm-java_small_user_jvm_args.txt_run2_20251114_132256 	2025-11-14 13:23:03 	2025-11-14 13:23:08 	2025-11-14 13:23:20 	2025-11-14 13:23:21 	2025-11-14 13:23:31 	2025-11-14 13:23:32 	2025-11-14 13:23:34 	2025-11-14 13:23:32 	2025-11-14 13:23:37 	2025-11-14 13:23:33	11771 	2025-11-14 13:23:33	609 	2025-11-14 13:23:37	15000 	2025-11-14 14:02:56	3523129	0:39:18 
benchmark_graalvm-java_small_user_jvm_args.txt_run3_20251114_140303 	2025-11-14 14:03:10 	2025-11-14 14:03:15 	2025-11-14 14:03:27 	2025-11-14 14:03:28 	2025-11-14 14:03:39 	2025-11-14 14:03:40 	2025-11-14 14:03:42 	2025-11-14 14:03:40 	2025-11-14 14:03:45 	2025-11-14 14:03:40	11747 	2025-11-14 14:03:40	586 	2025-11-14 14:03:45	15000 	2025-11-14 14:43:19	3523129	0:39:34 
benchmark_graalvm-java_small_user_jvm_args.txt_run4_20251114_144328 	2025-11-14 14:43:35 	2025-11-14 14:43:40 	2025-11-14 14:43:52 	2025-11-14 14:43:53 	2025-11-14 14:44:04 	2025-11-14 14:44:05 	2025-11-14 14:44:07 	2025-11-14 14:44:05 	2025-11-14 14:44:09 	2025-11-14 14:44:05	11995 	2025-11-14 14:44:05	845 	2025-11-14 14:44:09	15000 	2025-11-14 15:23:30	3523129	0:39:20 
benchmark_graalvm-java_velocity_user_jvm_args.txt_run2_20251114_220535 	2025-11-14 22:05:39 	2025-11-14 22:05:43 	2025-11-14 22:05:55 	2025-11-14 22:05:56 	2025-11-14 22:06:06 	2025-11-14 22:06:08 	2025-11-14 22:06:09 	2025-11-14 22:06:08 	2025-11-14 22:06:12 	2025-11-14 22:06:08	11892 	2025-11-14 22:06:08	600 	2025-11-14 22:06:12	15000 	2025-11-14 22:45:12	3523129	0:38:59 
benchmark_graalvm-java_velocity_user_jvm_args.txt_run1_20251114_211836 	2025-11-14 21:18:40 	2025-11-14 21:18:44 	2025-11-14 21:18:56 	2025-11-14 21:18:57 	2025-11-14 21:19:08 	2025-11-14 21:19:09 	2025-11-14 21:19:11 	2025-11-14 21:19:09 	2025-11-14 21:19:13 	2025-11-14 21:19:09	11964 	2025-11-14 21:19:09	669 	2025-11-14 21:19:14	15000 	2025-11-14 22:05:31	3523129	0:46:17 
benchmark_graalvm-java_velocity_user_jvm_args.txt_run3_20251114_224517 	2025-11-14 22:45:20 	2025-11-14 22:45:25 	2025-11-14 22:45:37 	2025-11-14 22:45:37 	2025-11-14 22:45:48 	2025-11-14 22:45:49 	2025-11-14 22:45:54 	2025-11-14 22:45:49 	2025-11-14 22:45:52 	2025-11-14 22:45:49	12011 	2025-11-14 22:45:49	720 	2025-11-14 22:45:54	15000 	2025-11-14 23:31:08	3523129	0:45:14 
benchmark_graalvm-java_velocity_user_jvm_args.txt_run4_20251114_233113 	2025-11-14 23:31:17 	2025-11-14 23:31:21 	2025-11-14 23:31:33 	2025-11-14 23:31:34 	2025-11-14 23:31:44 	2025-11-14 23:31:46 	2025-11-14 23:31:47 	2025-11-14 23:31:46 	2025-11-14 23:31:50 	2025-11-14 23:31:46	11916 	2025-11-14 23:31:46	614 	2025-11-14 23:31:50	15000 	2025-11-15 00:12:00	3523129	0:40:09 
benchmark_jetbrains-java_89th_user_jvm_args.txt_run1_20251116_020733 	2025-11-16 02:07:37 	2025-11-16 02:07:41 	2025-11-16 02:07:53 	2025-11-16 02:07:54 	2025-11-16 02:08:04 	2025-11-16 02:08:06 	2025-11-16 02:08:07 	2025-11-16 02:08:06 	2025-11-16 02:08:10 	2025-11-16 02:08:06	11651 	2025-11-16 02:08:06	336 	2025-11-16 02:08:10	15000 	2025-11-16 02:58:13	3523129	0:50:03 
benchmark_jetbrains-java_89th_user_jvm_args.txt_run2_20251116_025818 	2025-11-16 02:58:22 	2025-11-16 02:58:26 	2025-11-16 02:58:38 	2025-11-16 02:58:38 	2025-11-16 02:58:49 	2025-11-16 02:58:50 	2025-11-16 02:58:54 	2025-11-16 02:58:50 	2025-11-16 02:58:53 	2025-11-16 02:58:50	11520 	2025-11-16 02:58:50	207 	2025-11-16 02:58:55	15000 	2025-11-16 03:36:02	3523129	0:37:07 
benchmark_jetbrains-java_89th_user_jvm_args.txt_run3_20251116_033609 	2025-11-16 03:36:12 	2025-11-16 03:36:17 	2025-11-16 03:36:29 	2025-11-16 03:36:29 	2025-11-16 03:36:40 	2025-11-16 03:36:41 	2025-11-16 03:36:43 	2025-11-16 03:36:41 	2025-11-16 03:36:45 	2025-11-16 03:36:41	11589 	2025-11-16 03:36:41	282 	2025-11-16 03:36:45	15000 	2025-11-16 04:26:29	3523129	0:49:43 
benchmark_jetbrains-java_89th_user_jvm_args.txt_run4_20251116_042635 	2025-11-16 04:26:38 	2025-11-16 04:26:42 	2025-11-16 04:26:54 	2025-11-16 04:26:55 	2025-11-16 04:27:06 	2025-11-16 04:27:07 	2025-11-16 04:27:08 	2025-11-16 04:27:07 	2025-11-16 04:27:11 	2025-11-16 04:27:07	11506 	2025-11-16 04:27:07	203 	2025-11-16 04:27:11	15000 	2025-11-16 05:04:16	3523129	0:37:04 
benchmark_jetbrains-java_aikar_user_jvm_args.txt_run2_20251116_114425 	2025-11-16 11:44:29 	2025-11-16 11:44:33 	2025-11-16 11:44:45 	2025-11-16 11:44:45 	2025-11-16 11:44:56 	2025-11-16 11:44:57 	2025-11-16 11:44:59 	2025-11-16 11:44:57 	2025-11-16 11:45:01 	2025-11-16 11:44:57	11515 	2025-11-16 11:44:57	191 	2025-11-16 11:45:02	15000 	2025-11-16 12:23:37	3523129	0:38:35 
benchmark_jetbrains-java_aikar_user_jvm_args.txt_run1_20251116_105336 	2025-11-16 10:53:40 	2025-11-16 10:53:44 	2025-11-16 10:53:56 	2025-11-16 10:53:57 	2025-11-16 10:54:07 	2025-11-16 10:54:08 	2025-11-16 10:54:10 	2025-11-16 10:54:08 	2025-11-16 10:54:13 	2025-11-16 10:54:08	11513 	2025-11-16 10:54:08	236 	2025-11-16 10:54:13	15000 	2025-11-16 11:44:20	3523129	0:50:07 
benchmark_jetbrains-java_aikar_user_jvm_args.txt_run3_20251116_122342 	2025-11-16 12:23:46 	2025-11-16 12:23:50 	2025-11-16 12:24:02 	2025-11-16 12:24:02 	2025-11-16 12:24:13 	2025-11-16 12:24:14 	2025-11-16 12:24:16 	2025-11-16 12:24:14 	2025-11-16 12:24:19 	2025-11-16 12:24:14	11541 	2025-11-16 12:24:14	323 	2025-11-16 12:24:19	15000 	2025-11-16 13:14:22	3523129	0:50:03 
benchmark_jetbrains-java_aikar_user_jvm_args.txt_run4_20251116_131427 	2025-11-16 13:14:30 	2025-11-16 13:14:35 	2025-11-16 13:14:47 	2025-11-16 13:14:47 	2025-11-16 13:14:58 	2025-11-16 13:14:59 	2025-11-16 13:15:00 	2025-11-16 13:14:59 	2025-11-16 13:15:03 	2025-11-16 13:14:59	11490 	2025-11-16 13:14:59	169 	2025-11-16 13:15:03	15000 	2025-11-16 13:53:52	3523129	0:38:48 
benchmark_jetbrains-java_atm_user_jvm_args.txt_run1_20251116_074945 	2025-11-16 07:49:53 	2025-11-16 07:49:58 	2025-11-16 07:50:10 	2025-11-16 07:50:10 	2025-11-16 07:50:21 	2025-11-16 07:50:22 	2025-11-16 07:50:23 	2025-11-16 07:50:22 	2025-11-16 07:50:26 	2025-11-16 07:50:22	11522 	2025-11-16 07:50:22	186 	2025-11-16 07:50:26	15000 	2025-11-16 08:35:31	3523129	0:45:05 
benchmark_jetbrains-java_atm_user_jvm_args.txt_run2_20251116_083540 	2025-11-16 08:35:48 	2025-11-16 08:35:52 	2025-11-16 08:36:04 	2025-11-16 08:36:05 	2025-11-16 08:36:16 	2025-11-16 08:36:17 	2025-11-16 08:36:18 	2025-11-16 08:36:17 	2025-11-16 08:36:21 	2025-11-16 08:36:17	11646 	2025-11-16 08:36:17	373 	2025-11-16 08:36:21	15000 	2025-11-16 09:21:19	3523129	0:44:58 
benchmark_jetbrains-java_atm_user_jvm_args.txt_run3_20251116_092128 	2025-11-16 09:21:36 	2025-11-16 09:21:41 	2025-11-16 09:21:52 	2025-11-16 09:21:53 	2025-11-16 09:22:04 	2025-11-16 09:22:05 	2025-11-16 09:22:06 	2025-11-16 09:22:05 	2025-11-16 09:22:09 	2025-11-16 09:22:05	11522 	2025-11-16 09:22:05	196 	2025-11-16 09:22:09	15000 	2025-11-16 10:07:24	3523129	0:45:14 
benchmark_jetbrains-java_atm_user_jvm_args.txt_run4_20251116_100732 	2025-11-16 10:07:40 	2025-11-16 10:07:45 	2025-11-16 10:07:57 	2025-11-16 10:07:57 	2025-11-16 10:08:08 	2025-11-16 10:08:09 	2025-11-16 10:08:11 	2025-11-16 10:08:09 	2025-11-16 10:08:14 	2025-11-16 10:08:09	11748 	2025-11-16 10:08:09	450 	2025-11-16 10:08:14	15000 	2025-11-16 10:53:26	3523129	0:45:12 
benchmark_jetbrains-java_none_user_jvm_args.txt_run1_20251116_170014 	2025-11-16 17:00:15 	2025-11-16 17:00:20 	2025-11-16 17:00:32 	2025-11-16 17:00:32 	2025-11-16 17:00:44 	2025-11-16 17:00:45 	2025-11-16 17:00:46 	2025-11-16 17:00:45 	2025-11-16 17:00:49 	2025-11-16 17:00:45	12130 	2025-11-16 17:00:45	905 	2025-11-16 17:00:49	15000 	2025-11-16 18:25:00	3523129	1:24:10 
benchmark_jetbrains-java_none_user_jvm_args.txt_run2_20251116_182505 	2025-11-16 18:25:05 	2025-11-16 18:25:10 	2025-11-16 18:25:22 	2025-11-16 18:25:23 	2025-11-16 18:25:34 	2025-11-16 18:25:35 	2025-11-16 18:25:36 	2025-11-16 18:25:35 	2025-11-16 18:25:39 	2025-11-16 18:25:35	11984 	2025-11-16 18:25:35	730 	2025-11-16 18:25:39	15000 	2025-11-16 19:49:29	3523129	1:23:49 
benchmark_jetbrains-java_small_user_jvm_args.txt_run1_20251116_050423 	2025-11-16 05:04:30 	2025-11-16 05:04:35 	2025-11-16 05:04:47 	2025-11-16 05:04:48 	2025-11-16 05:04:59 	2025-11-16 05:05:00 	2025-11-16 05:05:04 	2025-11-16 05:05:00 	2025-11-16 05:05:03 	2025-11-16 05:05:00	11594 	2025-11-16 05:05:00	369 	2025-11-16 05:05:04	15000 	2025-11-16 05:46:14	3523129	0:41:10 
benchmark_jetbrains-java_none_user_jvm_args.txt_run3_20251116_194933 	2025-11-16 19:49:34 	2025-11-16 19:49:39 	2025-11-16 19:49:50 	2025-11-16 19:49:51 	2025-11-16 19:50:02 	2025-11-16 19:50:03 	2025-11-16 19:50:05 	2025-11-16 19:50:03 	2025-11-16 19:50:07 	2025-11-16 19:50:03	11632 	2025-11-16 19:50:03	403 	2025-11-16 19:50:07	15000 	2025-11-16 21:15:47	3523129	1:25:39 
benchmark_jetbrains-java_small_user_jvm_args.txt_run2_20251116_054623 	2025-11-16 05:46:30 	2025-11-16 05:46:35 	2025-11-16 05:46:47 	2025-11-16 05:46:48 	2025-11-16 05:46:59 	2025-11-16 05:47:00 	2025-11-16 05:47:04 	2025-11-16 05:47:00 	2025-11-16 05:47:03 	2025-11-16 05:47:00	11553 	2025-11-16 05:47:00	382 	2025-11-16 05:47:04	15000 	2025-11-16 06:27:26	3523129	0:40:22 
benchmark_jetbrains-java_none_user_jvm_args.txt_run4_20251116_211551 	2025-11-16 21:15:52 	2025-11-16 21:15:57 	2025-11-16 21:16:09 	2025-11-16 21:16:09 	2025-11-16 21:16:20 	2025-11-16 21:16:21 	2025-11-16 21:16:23 	2025-11-16 21:16:21 	2025-11-16 21:16:26 	2025-11-16 21:16:21	11706 	2025-11-16 21:16:21	472 	2025-11-16 21:16:26	15000 	2025-11-16 22:40:04	3523129	1:23:38 
benchmark_jetbrains-java_small_user_jvm_args.txt_run3_20251116_062734 	2025-11-16 06:27:41 	2025-11-16 06:27:46 	2025-11-16 06:27:59 	2025-11-16 06:27:59 	2025-11-16 06:28:10 	2025-11-16 06:28:11 	2025-11-16 06:28:16 	2025-11-16 06:28:11 	2025-11-16 06:28:14 	2025-11-16 06:28:11	11656 	2025-11-16 06:28:11	468 	2025-11-16 06:28:16	15000 	2025-11-16 07:08:35	3523129	0:40:18 
benchmark_jetbrains-java_small_user_jvm_args.txt_run4_20251116_070843 	2025-11-16 07:08:50 	2025-11-16 07:08:55 	2025-11-16 07:09:07 	2025-11-16 07:09:08 	2025-11-16 07:09:19 	2025-11-16 07:09:20 	2025-11-16 07:09:21 	2025-11-16 07:09:20 	2025-11-16 07:09:24 	2025-11-16 07:09:20	11662 	2025-11-16 07:09:20	454 	2025-11-16 07:09:24	15000 	2025-11-16 07:49:36	3523129	0:40:11 
benchmark_jetbrains-java_velocity_user_jvm_args.txt_run2_20251116_144503 	2025-11-16 14:45:07 	2025-11-16 14:45:11 	2025-11-16 14:45:23 	2025-11-16 14:45:24 	2025-11-16 14:45:35 	2025-11-16 14:45:36 	2025-11-16 14:45:38 	2025-11-16 14:45:36 	2025-11-16 14:45:41 	2025-11-16 14:45:36	12099 	2025-11-16 14:45:36	864 	2025-11-16 14:45:41	15000 	2025-11-16 15:26:41	3523129	0:41:00 
benchmark_jetbrains-java_velocity_user_jvm_args.txt_run1_20251116_135357 	2025-11-16 13:54:01 	2025-11-16 13:54:05 	2025-11-16 13:54:17 	2025-11-16 13:54:18 	2025-11-16 13:54:29 	2025-11-16 13:54:31 	2025-11-16 13:54:32 	2025-11-16 13:54:31 	2025-11-16 13:54:35 	2025-11-16 13:54:31	12243 	2025-11-16 13:54:31	023 	2025-11-16 13:54:35	15000 	2025-11-16 14:44:59	3523129	0:50:23 
benchmark_jetbrains-java_velocity_user_jvm_args.txt_run3_20251116_152646 	2025-11-16 15:26:49 	2025-11-16 15:26:54 	2025-11-16 15:27:05 	2025-11-16 15:27:06 	2025-11-16 15:27:17 	2025-11-16 15:27:18 	2025-11-16 15:27:20 	2025-11-16 15:27:18 	2025-11-16 15:27:23 	2025-11-16 15:27:18	11844 	2025-11-16 15:27:18	580 	2025-11-16 15:27:23	15000 	2025-11-16 16:18:32	3523129	0:51:09 
benchmark_jetbrains-java_velocity_user_jvm_args.txt_run4_20251116_161836 	2025-11-16 16:18:40 	2025-11-16 16:18:44 	2025-11-16 16:18:56 	2025-11-16 16:18:57 	2025-11-16 16:19:08 	2025-11-16 16:19:09 	2025-11-16 16:19:10 	2025-11-16 16:19:09 	2025-11-16 16:19:13 	2025-11-16 16:19:09	11800 	2025-11-16 16:19:09	580 	2025-11-16 16:19:13	15000 	2025-11-16 17:00:10	3523129	0:40:56 
benchmark_openjdk-java_89th_user_jvm_args.txt_run1_20251115_052628 	2025-11-15 05:26:31 	2025-11-15 05:26:36 	2025-11-15 05:26:48 	2025-11-15 05:26:48 	2025-11-15 05:26:59 	2025-11-15 05:27:00 	2025-11-15 05:27:04 	2025-11-15 05:27:00 	2025-11-15 05:27:03 	2025-11-15 05:27:00	11463 	2025-11-15 05:27:00	223 	2025-11-15 05:27:04	15000 	2025-11-15 06:16:09	3523129	0:49:05 
benchmark_openjdk-java_89th_user_jvm_args.txt_run2_20251115_061614 	2025-11-15 06:16:18 	2025-11-15 06:16:22 	2025-11-15 06:16:34 	2025-11-15 06:16:34 	2025-11-15 06:16:45 	2025-11-15 06:16:46 	2025-11-15 06:16:47 	2025-11-15 06:16:46 	2025-11-15 06:16:50 	2025-11-15 06:16:46	11464 	2025-11-15 06:16:46	156 	2025-11-15 06:16:50	15000 	2025-11-15 06:54:23	3523129	0:37:33 
benchmark_openjdk-java_89th_user_jvm_args.txt_run3_20251115_065428 	2025-11-15 06:54:31 	2025-11-15 06:54:36 	2025-11-15 06:54:47 	2025-11-15 06:54:48 	2025-11-15 06:54:59 	2025-11-15 06:55:00 	2025-11-15 06:55:01 	2025-11-15 06:55:00 	2025-11-15 06:55:04 	2025-11-15 06:55:00	11540 	2025-11-15 06:55:00	252 	2025-11-15 06:55:04	15000 	2025-11-15 07:43:55	3523129	0:48:51 
benchmark_openjdk-java_89th_user_jvm_args.txt_run4_20251115_074400 	2025-11-15 07:44:03 	2025-11-15 07:44:08 	2025-11-15 07:44:19 	2025-11-15 07:44:20 	2025-11-15 07:44:31 	2025-11-15 07:44:32 	2025-11-15 07:44:33 	2025-11-15 07:44:32 	2025-11-15 07:44:36 	2025-11-15 07:44:32	11578 	2025-11-15 07:44:32	304 	2025-11-15 07:44:36	15000 	2025-11-15 08:22:06	3523129	0:37:29 
benchmark_openjdk-java_aikar_user_jvm_args.txt_run1_20251115_142258 	2025-11-15 14:23:02 	2025-11-15 14:23:06 	2025-11-15 14:23:18 	2025-11-15 14:23:18 	2025-11-15 14:23:29 	2025-11-15 14:23:30 	2025-11-15 14:23:32 	2025-11-15 14:23:30 	2025-11-15 14:23:34 	2025-11-15 14:23:30	11469 	2025-11-15 14:23:30	190 	2025-11-15 14:23:34	15000 	2025-11-15 15:12:17	3523129	0:48:42 
benchmark_openjdk-java_aikar_user_jvm_args.txt_run2_20251115_151222 	2025-11-15 15:12:25 	2025-11-15 15:12:29 	2025-11-15 15:12:41 	2025-11-15 15:12:42 	2025-11-15 15:12:52 	2025-11-15 15:12:53 	2025-11-15 15:12:55 	2025-11-15 15:12:54 	2025-11-15 15:12:58 	2025-11-15 15:12:54	11487 	2025-11-15 15:12:54	183 	2025-11-15 15:12:58	15000 	2025-11-15 15:52:51	3523129	0:39:52 
benchmark_openjdk-java_aikar_user_jvm_args.txt_run3_20251115_155256 	2025-11-15 15:52:59 	2025-11-15 15:53:04 	2025-11-15 15:53:15 	2025-11-15 15:53:16 	2025-11-15 15:53:27 	2025-11-15 15:53:28 	2025-11-15 15:53:29 	2025-11-15 15:53:28 	2025-11-15 15:53:32 	2025-11-15 15:53:28	11592 	2025-11-15 15:53:28	299 	2025-11-15 15:53:32	15000 	2025-11-15 16:43:07	3523129	0:49:34 
benchmark_openjdk-java_aikar_user_jvm_args.txt_run4_20251115_164311 	2025-11-15 16:43:15 	2025-11-15 16:43:19 	2025-11-15 16:43:31 	2025-11-15 16:43:31 	2025-11-15 16:43:42 	2025-11-15 16:43:43 	2025-11-15 16:43:44 	2025-11-15 16:43:43 	2025-11-15 16:43:47 	2025-11-15 16:43:43	11607 	2025-11-15 16:43:43	308 	2025-11-15 16:43:47	15000 	2025-11-15 17:23:16	3523129	0:39:28 
benchmark_openjdk-java_atm_user_jvm_args.txt_run1_20251115_111029 	2025-11-15 11:10:37 	2025-11-15 11:10:41 	2025-11-15 11:10:53 	2025-11-15 11:10:54 	2025-11-15 11:11:04 	2025-11-15 11:11:06 	2025-11-15 11:11:10 	2025-11-15 11:11:06 	2025-11-15 11:11:08 	2025-11-15 11:11:06	11906 	2025-11-15 11:11:06	550 	2025-11-15 11:11:10	15000 	2025-11-15 11:58:27	3523129	0:47:16 
benchmark_openjdk-java_atm_user_jvm_args.txt_run2_20251115_115835 	2025-11-15 11:58:44 	2025-11-15 11:58:48 	2025-11-15 11:59:00 	2025-11-15 11:59:00 	2025-11-15 11:59:11 	2025-11-15 11:59:12 	2025-11-15 11:59:14 	2025-11-15 11:59:12 	2025-11-15 11:59:16 	2025-11-15 11:59:12	11640 	2025-11-15 11:59:12	351 	2025-11-15 11:59:17	15000 	2025-11-15 12:46:11	3523129	0:46:54 
benchmark_openjdk-java_atm_user_jvm_args.txt_run3_20251115_124620 	2025-11-15 12:46:28 	2025-11-15 12:46:32 	2025-11-15 12:46:44 	2025-11-15 12:46:45 	2025-11-15 12:46:55 	2025-11-15 12:46:56 	2025-11-15 12:47:01 	2025-11-15 12:46:56 	2025-11-15 12:46:59 	2025-11-15 12:46:56	11461 	2025-11-15 12:46:56	125 	2025-11-15 12:47:01	15000 	2025-11-15 13:34:23	3523129	0:47:22 
benchmark_openjdk-java_atm_user_jvm_args.txt_run4_20251115_133433 	2025-11-15 13:34:41 	2025-11-15 13:34:45 	2025-11-15 13:34:57 	2025-11-15 13:34:58 	2025-11-15 13:35:09 	2025-11-15 13:35:10 	2025-11-15 13:35:14 	2025-11-15 13:35:10 	2025-11-15 13:35:12 	2025-11-15 13:35:10	11523 	2025-11-15 13:35:10	234 	2025-11-15 13:35:14	15000 	2025-11-15 14:22:49	3523129	0:47:35 
benchmark_openjdk-java_none_user_jvm_args.txt_run1_20251115_202541 	2025-11-15 20:25:42 	2025-11-15 20:25:46 	2025-11-15 20:25:58 	2025-11-15 20:25:59 	2025-11-15 20:26:09 	2025-11-15 20:26:11 	2025-11-15 20:26:12 	2025-11-15 20:26:11 	2025-11-15 20:26:15 	2025-11-15 20:26:11	11601 	2025-11-15 20:26:11	309 	2025-11-15 20:26:15	15000 	2025-11-15 21:50:30	3523129	1:24:15 
benchmark_openjdk-java_none_user_jvm_args.txt_run2_20251115_215034 	2025-11-15 21:50:35 	2025-11-15 21:50:39 	2025-11-15 21:50:51 	2025-11-15 21:50:52 	2025-11-15 21:51:02 	2025-11-15 21:51:04 	2025-11-15 21:51:05 	2025-11-15 21:51:04 	2025-11-15 21:51:08 	2025-11-15 21:51:04	11583 	2025-11-15 21:51:04	278 	2025-11-15 21:51:08	15000 	2025-11-15 23:15:05	3523129	1:23:56 
benchmark_openjdk-java_small_user_jvm_args.txt_run1_20251115_082211 	2025-11-15 08:22:18 	2025-11-15 08:22:23 	2025-11-15 08:22:34 	2025-11-15 08:22:35 	2025-11-15 08:22:46 	2025-11-15 08:22:47 	2025-11-15 08:22:48 	2025-11-15 08:22:47 	2025-11-15 08:22:51 	2025-11-15 08:22:47	11617 	2025-11-15 08:22:47	439 	2025-11-15 08:22:51	15000 	2025-11-15 09:04:02	3523129	0:41:10 
benchmark_openjdk-java_none_user_jvm_args.txt_run3_20251115_231509 	2025-11-15 23:15:10 	2025-11-15 23:15:14 	2025-11-15 23:15:26 	2025-11-15 23:15:27 	2025-11-15 23:15:37 	2025-11-15 23:15:38 	2025-11-15 23:15:43 	2025-11-15 23:15:38 	2025-11-15 23:15:41 	2025-11-15 23:15:38	11519 	2025-11-15 23:15:38	255 	2025-11-15 23:15:43	15000 	2025-11-16 00:41:28	3523129	1:25:44 
benchmark_openjdk-java_small_user_jvm_args.txt_run2_20251115_090410 	2025-11-15 09:04:17 	2025-11-15 09:04:22 	2025-11-15 09:04:33 	2025-11-15 09:04:34 	2025-11-15 09:04:45 	2025-11-15 09:04:46 	2025-11-15 09:04:48 	2025-11-15 09:04:46 	2025-11-15 09:04:50 	2025-11-15 09:04:46	11703 	2025-11-15 09:04:46	516 	2025-11-15 09:04:50	15000 	2025-11-15 09:46:17	3523129	0:41:26 
benchmark_openjdk-java_none_user_jvm_args.txt_run4_20251116_004132 	2025-11-16 00:41:33 	2025-11-16 00:41:37 	2025-11-16 00:41:49 	2025-11-16 00:41:50 	2025-11-16 00:42:00 	2025-11-16 00:42:01 	2025-11-16 00:42:03 	2025-11-16 00:42:01 	2025-11-16 00:42:06 	2025-11-16 00:42:01	11506 	2025-11-16 00:42:01	248 	2025-11-16 00:42:06	15000 	2025-11-16 02:07:27	3523129	1:25:21 
benchmark_openjdk-java_small_user_jvm_args.txt_run3_20251115_094626 	2025-11-15 09:46:33 	2025-11-15 09:46:37 	2025-11-15 09:46:49 	2025-11-15 09:46:50 	2025-11-15 09:47:00 	2025-11-15 09:47:02 	2025-11-15 09:47:03 	2025-11-15 09:47:02 	2025-11-15 09:47:06 	2025-11-15 09:47:02	11518 	2025-11-15 09:47:02	303 	2025-11-15 09:47:06	15000 	2025-11-15 10:28:21	3523129	0:41:14 
benchmark_openjdk-java_small_user_jvm_args.txt_run4_20251115_102829 	2025-11-15 10:28:36 	2025-11-15 10:28:41 	2025-11-15 10:28:53 	2025-11-15 10:28:53 	2025-11-15 10:29:04 	2025-11-15 10:29:05 	2025-11-15 10:29:07 	2025-11-15 10:29:05 	2025-11-15 10:29:10 	2025-11-15 10:29:05	11552 	2025-11-15 10:29:05	364 	2025-11-15 10:29:10	15000 	2025-11-15 11:10:20	3523129	0:41:10 
benchmark_openjdk-java_velocity_user_jvm_args.txt_run1_20251115_172321 	2025-11-15 17:23:25 	2025-11-15 17:23:29 	2025-11-15 17:23:41 	2025-11-15 17:23:42 	2025-11-15 17:23:52 	2025-11-15 17:23:53 	2025-11-15 17:23:55 	2025-11-15 17:23:53 	2025-11-15 17:23:58 	2025-11-15 17:23:53	11520 	2025-11-15 17:23:53	274 	2025-11-15 17:23:58	15000 	2025-11-15 18:12:25	3523129	0:48:27 
benchmark_openjdk-java_velocity_user_jvm_args.txt_run2_20251115_181230 	2025-11-15 18:12:33 	2025-11-15 18:12:37 	2025-11-15 18:12:49 	2025-11-15 18:12:50 	2025-11-15 18:13:00 	2025-11-15 18:13:01 	2025-11-15 18:13:03 	2025-11-15 18:13:02 	2025-11-15 18:13:06 	2025-11-15 18:13:02	11502 	2025-11-15 18:13:02	230 	2025-11-15 18:13:06	15000 	2025-11-15 18:54:17	3523129	0:41:11 
benchmark_openjdk-java_velocity_user_jvm_args.txt_run3_20251115_185422 	2025-11-15 18:54:25 	2025-11-15 18:54:30 	2025-11-15 18:54:41 	2025-11-15 18:54:42 	2025-11-15 18:54:53 	2025-11-15 18:54:54 	2025-11-15 18:54:58 	2025-11-15 18:54:54 	2025-11-15 18:54:57 	2025-11-15 18:54:54	11484 	2025-11-15 18:54:54	245 	2025-11-15 18:54:58	15000 	2025-11-15 19:44:14	3523129	0:49:15 
benchmark_openjdk-java_velocity_user_jvm_args.txt_run4_20251115_194421 	2025-11-15 19:44:24 	2025-11-15 19:44:28 	2025-11-15 19:44:40 	2025-11-15 19:44:41 	2025-11-15 19:44:51 	2025-11-15 19:44:52 	2025-11-15 19:44:54 	2025-11-15 19:44:52 	2025-11-15 19:44:57 	2025-11-15 19:44:53	11479 	2025-11-15 19:44:53	218 	2025-11-15 19:44:57	15000 	2025-11-15 20:25:37	3523129	0:40:39 
benchmark_temurin-java_89th_user_jvm_args.txt_run1_20251116_224009 	2025-11-16 22:40:12 	2025-11-16 22:40:17 	2025-11-16 22:40:29 	2025-11-16 22:40:29 	2025-11-16 22:40:40 	2025-11-16 22:40:41 	2025-11-16 22:40:43 	2025-11-16 22:40:41 	2025-11-16 22:40:45 	2025-11-16 22:40:41	11463 	2025-11-16 22:40:41	256 	2025-11-16 22:40:46	15000 	2025-11-16 23:31:01	3523129	0:50:15 
benchmark_temurin-java_89th_user_jvm_args.txt_run2_20251116_233106 	2025-11-16 23:31:09 	2025-11-16 23:31:14 	2025-11-16 23:31:25 	2025-11-16 23:31:26 	2025-11-16 23:31:37 	2025-11-16 23:31:38 	2025-11-16 23:31:39 	2025-11-16 23:31:38 	2025-11-16 23:31:42 	2025-11-16 23:31:38	11462 	2025-11-16 23:31:38	207 	2025-11-16 23:31:42	15000 	2025-11-17 00:09:28	3523129	0:37:46 
benchmark_temurin-java_89th_user_jvm_args.txt_run3_20251117_000933 	2025-11-17 00:09:37 	2025-11-17 00:09:41 	2025-11-17 00:09:53 	2025-11-17 00:09:54 	2025-11-17 00:10:04 	2025-11-17 00:10:06 	2025-11-17 00:10:07 	2025-11-17 00:10:06 	2025-11-17 00:10:10 	2025-11-17 00:10:06	11619 	2025-11-17 00:10:06	385 	2025-11-17 00:10:10	15000 	2025-11-17 01:00:28	3523129	0:50:18 
benchmark_temurin-java_89th_user_jvm_args.txt_run4_20251117_010033 	2025-11-17 01:00:37 	2025-11-17 01:00:41 	2025-11-17 01:00:53 	2025-11-17 01:00:54 	2025-11-17 01:01:04 	2025-11-17 01:01:05 	2025-11-17 01:01:07 	2025-11-17 01:01:05 	2025-11-17 01:01:10 	2025-11-17 01:01:05	11535 	2025-11-17 01:01:05	276 	2025-11-17 01:01:10	15000 	2025-11-17 01:39:02	3523129	0:37:52 
benchmark_temurin-java_aikar_user_jvm_args.txt_run2_20251117_081940 	2025-11-17 08:19:44 	2025-11-17 08:19:48 	2025-11-17 08:20:00 	2025-11-17 08:20:01 	2025-11-17 08:20:11 	2025-11-17 08:20:12 	2025-11-17 08:20:14 	2025-11-17 08:20:12 	2025-11-17 08:20:17 	2025-11-17 08:20:12	11648 	2025-11-17 08:20:12	387 	2025-11-17 08:20:17	15000 	2025-11-17 08:58:11	3523129	0:37:53 
benchmark_temurin-java_aikar_user_jvm_args.txt_run1_20251117_072808 	2025-11-17 07:28:12 	2025-11-17 07:28:16 	2025-11-17 07:28:28 	2025-11-17 07:28:29 	2025-11-17 07:28:39 	2025-11-17 07:28:40 	2025-11-17 07:28:45 	2025-11-17 07:28:40 	2025-11-17 07:28:43 	2025-11-17 07:28:40	11462 	2025-11-17 07:28:40	193 	2025-11-17 07:28:45	15000 	2025-11-17 08:19:36	3523129	0:50:51 
benchmark_temurin-java_aikar_user_jvm_args.txt_run3_20251117_085815 	2025-11-17 08:58:19 	2025-11-17 08:58:23 	2025-11-17 08:58:35 	2025-11-17 08:58:36 	2025-11-17 08:58:46 	2025-11-17 08:58:47 	2025-11-17 08:58:49 	2025-11-17 08:58:47 	2025-11-17 08:58:52 	2025-11-17 08:58:47	11523 	2025-11-17 08:58:47	243 	2025-11-17 08:58:52	15000 	2025-11-17 09:49:22	3523129	0:50:29 
benchmark_temurin-java_aikar_user_jvm_args.txt_run4_20251117_094926 	2025-11-17 09:49:30 	2025-11-17 09:49:34 	2025-11-17 09:49:46 	2025-11-17 09:49:47 	2025-11-17 09:49:57 	2025-11-17 09:49:58 	2025-11-17 09:50:03 	2025-11-17 09:49:58 	2025-11-17 09:50:01 	2025-11-17 09:49:58	11472 	2025-11-17 09:49:58	242 	2025-11-17 09:50:03	15000 	2025-11-17 10:27:57	3523129	0:37:53 
benchmark_temurin-java_atm_user_jvm_args.txt_run1_20251117_042345 	2025-11-17 04:23:54 	2025-11-17 04:23:58 	2025-11-17 04:24:10 	2025-11-17 04:24:10 	2025-11-17 04:24:21 	2025-11-17 04:24:22 	2025-11-17 04:24:24 	2025-11-17 04:24:22 	2025-11-17 04:24:27 	2025-11-17 04:24:22	11584 	2025-11-17 04:24:22	252 	2025-11-17 04:24:27	15000 	2025-11-17 05:09:32	3523129	0:45:05 
benchmark_temurin-java_atm_user_jvm_args.txt_run2_20251117_050943 	2025-11-17 05:09:51 	2025-11-17 05:09:56 	2025-11-17 05:10:07 	2025-11-17 05:10:08 	2025-11-17 05:10:19 	2025-11-17 05:10:20 	2025-11-17 05:10:21 	2025-11-17 05:10:20 	2025-11-17 05:10:24 	2025-11-17 05:10:20	11455 	2025-11-17 05:10:20	125 	2025-11-17 05:10:24	15000 	2025-11-17 05:55:27	3523129	0:45:02 
benchmark_temurin-java_atm_user_jvm_args.txt_run3_20251117_055537 	2025-11-17 05:55:45 	2025-11-17 05:55:49 	2025-11-17 05:56:01 	2025-11-17 05:56:02 	2025-11-17 05:56:13 	2025-11-17 05:56:14 	2025-11-17 05:56:15 	2025-11-17 05:56:14 	2025-11-17 05:56:18 	2025-11-17 05:56:14	11519 	2025-11-17 05:56:14	197 	2025-11-17 05:56:18	15000 	2025-11-17 06:41:42	3523129	0:45:24 
benchmark_temurin-java_atm_user_jvm_args.txt_run4_20251117_064151 	2025-11-17 06:41:59 	2025-11-17 06:42:04 	2025-11-17 06:42:15 	2025-11-17 06:42:16 	2025-11-17 06:42:27 	2025-11-17 06:42:28 	2025-11-17 06:42:32 	2025-11-17 06:42:28 	2025-11-17 06:42:31 	2025-11-17 06:42:28	11531 	2025-11-17 06:42:28	232 	2025-11-17 06:42:32	15000 	2025-11-17 07:28:00	3523129	0:45:27 
benchmark_temurin-java_none_user_jvm_args.txt_run1_20251117_132328 	2025-11-17 13:23:29 	2025-11-17 13:23:33 	2025-11-17 13:23:45 	2025-11-17 13:23:46 	2025-11-17 13:23:57 	2025-11-17 13:23:58 	2025-11-17 13:23:59 	2025-11-17 13:23:58 	2025-11-17 13:24:02 	2025-11-17 13:23:58	11597 	2025-11-17 13:23:58	403 	2025-11-17 13:24:02	15000 	2025-11-17 14:47:32	3523129	1:23:30 
benchmark_temurin-java_none_user_jvm_args.txt_run2_20251117_144737 	2025-11-17 14:47:37 	2025-11-17 14:47:42 	2025-11-17 14:47:54 	2025-11-17 14:47:55 	2025-11-17 14:48:05 	2025-11-17 14:48:06 	2025-11-17 14:48:11 	2025-11-17 14:48:06 	2025-11-17 14:48:09 	2025-11-17 14:48:06	11600 	2025-11-17 14:48:06	409 	2025-11-17 14:48:11	15000 	2025-11-17 16:13:04	3523129	1:24:53 
benchmark_temurin-java_small_user_jvm_args.txt_run1_20251117_013908 	2025-11-17 01:39:15 	2025-11-17 01:39:20 	2025-11-17 01:39:32 	2025-11-17 01:39:33 	2025-11-17 01:39:44 	2025-11-17 01:39:45 	2025-11-17 01:39:46 	2025-11-17 01:39:45 	2025-11-17 01:39:49 	2025-11-17 01:39:45	11531 	2025-11-17 01:39:45	372 	2025-11-17 01:39:49	15000 	2025-11-17 02:20:13	3523129	0:40:23 
benchmark_temurin-java_none_user_jvm_args.txt_run3_20251117_161309 	2025-11-17 16:13:09 	2025-11-17 16:13:14 	2025-11-17 16:13:26 	2025-11-17 16:13:27 	2025-11-17 16:13:37 	2025-11-17 16:13:38 	2025-11-17 16:13:40 	2025-11-17 16:13:38 	2025-11-17 16:13:43 	2025-11-17 16:13:38	11521 	2025-11-17 16:13:38	320 	2025-11-17 16:13:43	15000 	2025-11-17 17:37:25	3523129	1:23:41 
benchmark_temurin-java_small_user_jvm_args.txt_run2_20251117_022021 	2025-11-17 02:20:28 	2025-11-17 02:20:33 	2025-11-17 02:20:45 	2025-11-17 02:20:46 	2025-11-17 02:20:57 	2025-11-17 02:20:58 	2025-11-17 02:20:59 	2025-11-17 02:20:58 	2025-11-17 02:21:02 	2025-11-17 02:20:58	11580 	2025-11-17 02:20:58	414 	2025-11-17 02:21:02	15000 	2025-11-17 03:01:21	3523129	0:40:18 
benchmark_temurin-java_small_user_jvm_args.txt_run3_20251117_030129 	2025-11-17 03:01:36 	2025-11-17 03:01:41 	2025-11-17 03:01:53 	2025-11-17 03:01:54 	2025-11-17 03:02:05 	2025-11-17 03:02:06 	2025-11-17 03:02:07 	2025-11-17 03:02:06 	2025-11-17 03:02:10 	2025-11-17 03:02:06	11774 	2025-11-17 03:02:06	601 	2025-11-17 03:02:10	15000 	2025-11-17 03:42:32	3523129	0:40:21 
benchmark_temurin-java_none_user_jvm_args.txt_run4_20251117_173729 	2025-11-17 17:37:30 	2025-11-17 17:37:35 	2025-11-17 17:37:46 	2025-11-17 17:37:47 	2025-11-17 17:37:58 	2025-11-17 17:37:59 	2025-11-17 17:38:00 	2025-11-17 17:37:59 	2025-11-17 17:38:03 	2025-11-17 17:37:59	11601 	2025-11-17 17:37:59	356 	2025-11-17 17:38:03	15000 	2025-11-17 19:01:49	3523129	1:23:46 
benchmark_temurin-java_small_user_jvm_args.txt_run4_20251117_034240 	2025-11-17 03:42:47 	2025-11-17 03:42:52 	2025-11-17 03:43:04 	2025-11-17 03:43:05 	2025-11-17 03:43:15 	2025-11-17 03:43:17 	2025-11-17 03:43:18 	2025-11-17 03:43:17 	2025-11-17 03:43:21 	2025-11-17 03:43:17	11743 	2025-11-17 03:43:17	572 	2025-11-17 03:43:21	15000 	2025-11-17 04:23:37	3523129	0:40:16 
benchmark_temurin-java_velocity_user_jvm_args.txt_run1_20251117_102802 	2025-11-17 10:28:05 	2025-11-17 10:28:10 	2025-11-17 10:28:22 	2025-11-17 10:28:22 	2025-11-17 10:28:33 	2025-11-17 10:28:34 	2025-11-17 10:28:35 	2025-11-17 10:28:34 	2025-11-17 10:28:38 	2025-11-17 10:28:34	11474 	2025-11-17 10:28:34	245 	2025-11-17 10:28:38	15000 	2025-11-17 11:15:33	3523129	0:46:55 
benchmark_temurin-java_velocity_user_jvm_args.txt_run2_20251117_111538 	2025-11-17 11:15:42 	2025-11-17 11:15:46 	2025-11-17 11:15:58 	2025-11-17 11:15:59 	2025-11-17 11:16:09 	2025-11-17 11:16:10 	2025-11-17 11:16:12 	2025-11-17 11:16:10 	2025-11-17 11:16:15 	2025-11-17 11:16:10	11581 	2025-11-17 11:16:10	310 	2025-11-17 11:16:15	15000 	2025-11-17 11:55:53	3523129	0:39:38 
benchmark_temurin-java_velocity_user_jvm_args.txt_run3_20251117_115600 	2025-11-17 11:56:03 	2025-11-17 11:56:07 	2025-11-17 11:56:19 	2025-11-17 11:56:20 	2025-11-17 11:56:31 	2025-11-17 11:56:32 	2025-11-17 11:56:33 	2025-11-17 11:56:32 	2025-11-17 11:56:36 	2025-11-17 11:56:32	11639 	2025-11-17 11:56:32	439 	2025-11-17 11:56:36	15000 	2025-11-17 12:43:26	3523129	0:46:49 
benchmark_temurin-java_velocity_user_jvm_args.txt_run4_20251117_124330 	2025-11-17 12:43:34 	2025-11-17 12:43:38 	2025-11-17 12:43:50 	2025-11-17 12:43:51 	2025-11-17 12:44:01 	2025-11-17 12:44:03 	2025-11-17 12:44:04 	2025-11-17 12:44:03 	2025-11-17 12:44:07 	2025-11-17 12:44:03	11637 	2025-11-17 12:44:03	392 	2025-11-17 12:44:07	15000 	2025-11-17 13:23:23	3523129	0:39:15 
