2025-11-14 13:23:39	2	770:11:40	1.3
2025-11-14 13:23:40	161	15:39:27	62.5
2025-11-14 13:23:41	632	5:32:16	176.7
2025-11-14 13:23:42	1892	2:22:00	413.3
2025-11-14 13:23:43	2087	2:39:10	368.7
2025-11-14 13:23:44	2592	2:30:51	389.0
2025-11-14 13:23:45	3328	2:15:08	434.1
2025-11-14 13:23:46	4689	1:48:25	540.8
2025-11-14 13:23:47	5755	1:38:32	594.9
2025-11-14 13:23:48	7155	1:27:31	669.6
2025-11-14 13:23:49	8652	1:19:10	739.8
2025-11-14 13:23:50	9225	1:21:09	721.7
2025-11-14 13:23:51	10632	1:15:53	771.3
2025-11-14 13:23:52	12197	1:10:56	824.8
2025-11-14 13:23:53	13714	1:07:20	868.6
2025-11-14 13:23:54	14966	1:05:36	891.3
2025-11-14 13:23:55	16469	1:03:17	923.5
2025-11-14 13:23:56	17490	1:02:55	928.4
2025-11-14 13:23:57	19463	0:59:31	981.0
2025-11-14 13:23:58	21143	0:57:31	1014.5
2025-11-14 13:23:59	22708	0:56:06	1039.6
2025-11-14 13:24:00	24453	0:54:28	1070.4
2025-11-14 13:24:01	25637	0:54:13	1074.8
2025-11-14 13:24:02	27212	0:53:14	1094.3
2025-11-14 13:24:03	29095	0:51:46	1124.8
2025-11-14 13:24:04	30696	0:50:57	1142.4
2025-11-14 13:24:05	32041	0:50:37	1149.5
2025-11-14 13:24:06	33790	0:49:41	1170.2
2025-11-14 13:24:07	35302	0:49:11	1181.6
2025-11-14 13:24:08	37145	0:45:50	1267.4
2025-11-14 13:24:09	38832	0:44:00	1319.6
2025-11-14 13:24:11	40751	0:42:24	1368.6
2025-11-14 13:24:12	42087	0:42:18	1371.3
2025-11-14 13:24:13	43777	0:40:40	1425.8
2025-11-14 13:24:14	45617	0:39:23	1471.6
2025-11-14 13:24:15	47713	0:38:09	1518.2
2025-11-14 13:24:16	49207	0:38:01	1522.9
2025-11-14 13:24:17	50997	0:37:22	1548.2
2025-11-14 13:24:18	52545	0:37:14	1553.4
2025-11-14 13:24:19	54320	0:36:58	1563.3
2025-11-14 13:24:20	56024	0:35:57	1606.7
2025-11-14 13:24:21	57121	0:36:12	1595.6
2025-11-14 13:24:22	58858	0:36:03	1601.5
2025-11-14 13:24:23	60506	0:35:59	1603.8
2025-11-14 13:24:24	62124	0:35:41	1616.4
2025-11-14 13:24:25	63900	0:35:30	1623.8
2025-11-14 13:24:26	66218	0:34:28	1671.4
2025-11-14 13:24:27	67641	0:34:52	1651.1
2025-11-14 13:24:28	69639	0:34:35	1663.5
2025-11-14 13:24:29	71329	0:34:30	1667.0
2025-11-14 13:24:30	71670	0:35:34	1616.7
2025-11-14 13:24:31	72342	0:35:59	1597.9
2025-11-14 13:24:32	73781	0:36:02	1595.0
2025-11-14 13:24:33	75343	0:36:17	1583.6
2025-11-14 13:24:34	76167	0:36:54	1556.9
2025-11-14 13:24:35	78069	0:36:26	1575.8
2025-11-14 13:24:36	79516	0:36:39	1565.3
2025-11-14 13:24:37	80753	0:36:52	1555.9
2025-11-14 13:24:38	82314	0:37:05	1546.2
2025-11-14 13:24:39	83447	0:37:31	1527.9
2025-11-14 13:24:40	85100	0:37:43	1518.7
2025-11-14 13:24:41	87180	0:37:06	1543.3
2025-11-14 13:24:42	89103	0:36:53	1551.4
2025-11-14 13:24:43	91227	0:36:38	1561.1
2025-11-14 13:24:44	92840	0:37:00	1544.6
2025-11-14 13:24:45	95089	0:36:23	1569.9
2025-11-14 13:24:46	95818	0:37:14	1533.5
2025-11-14 13:24:47	97335	0:37:15	1532.5
2025-11-14 13:24:48	98420	0:37:50	1508.3
2025-11-14 13:24:49	100681	0:37:20	1527.3
2025-11-14 13:24:50	102562	0:36:41	1553.8
2025-11-14 13:24:51	104411	0:36:34	1557.6
2025-11-14 13:24:52	106457	0:36:12	1572.6
2025-11-14 13:24:53	108265	0:36:02	1579.1
2025-11-14 13:24:54	110032	0:36:00	1580.0
2025-11-14 13:24:55	111652	0:36:32	1555.8
2025-11-14 13:24:56	113569	0:36:07	1573.0
2025-11-14 13:24:57	115101	0:36:28	1557.3
2025-11-14 13:24:58	116895	0:36:22	1561.0
2025-11-14 13:24:59	118056	0:35:39	1591.2
2025-11-14 13:25:00	119538	0:35:02	1619.0
2025-11-14 13:25:01	121027	0:34:59	1620.5
2025-11-14 13:25:02	122784	0:34:49	1627.2
2025-11-14 13:25:03	124071	0:34:28	1643.2
2025-11-14 13:25:04	126072	0:34:23	1646.6
2025-11-14 13:25:05	128029	0:33:59	1664.6
2025-11-14 13:25:06	130093	0:33:24	1692.8
2025-11-14 13:25:07	131853	0:33:15	1699.6
2025-11-14 13:25:08	133141	0:33:10	1703.1
2025-11-14 13:25:09	134015	0:33:41	1676.4
2025-11-14 13:25:10	135229	0:34:21	1643.6
2025-11-14 13:25:11	137154	0:34:20	1643.5
2025-11-14 13:25:12	138919	0:34:34	1631.2
2025-11-14 13:25:13	140409	0:34:39	1627.0
2025-11-14 13:25:14	142426	0:34:47	1619.4
2025-11-14 13:25:15	144385	0:33:53	1661.3
2025-11-14 13:25:16	146400	0:33:32	1677.7
2025-11-14 13:25:17	148311	0:32:58	1705.8
2025-11-14 13:25:18	150177	0:33:09	1695.3
2025-11-14 13:25:19	151916	0:33:17	1688.0
2025-11-14 13:25:20	154095	0:33:03	1698.7
2025-11-14 13:25:21	156125	0:33:03	1697.9
2025-11-14 13:25:22	157900	0:32:56	1702.4
2025-11-14 13:25:23	159814	0:32:53	1704.3
2025-11-14 13:25:24	161646	0:32:47	1708.8
2025-11-14 13:25:25	163307	0:32:53	1702.6
2025-11-14 13:25:26	165009	0:32:46	1707.3
2025-11-14 13:25:27	166482	0:33:00	1695.0
2025-11-14 13:25:28	167906	0:32:44	1707.6
2025-11-14 13:25:29	168841	0:33:07	1687.5
2025-11-14 13:25:30	169862	0:33:24	1673.3
2025-11-14 13:25:31	171614	0:33:26	1670.1
2025-11-14 13:25:32	173131	0:33:17	1677.3
2025-11-14 13:25:33	174480	0:33:42	1655.7
2025-11-14 13:25:34	176253	0:33:50	1648.4
2025-11-14 13:25:35	177568	0:34:15	1627.7
2025-11-14 13:25:36	179271	0:34:21	1621.9
2025-11-14 13:25:37	180406	0:34:32	1612.7
2025-11-14 13:25:38	181137	0:34:38	1608.1
2025-11-14 13:25:39	181542	0:35:16	1579.2
2025-11-14 13:25:40	181883	0:36:21	1531.6
2025-11-14 13:25:41	182141	0:37:25	1488.0
2025-11-14 13:25:42	182547	0:38:39	1440.1
2025-11-14 13:25:43	182992	0:40:04	1388.9
2025-11-14 13:25:44	183828	0:41:15	1349.0
2025-11-14 13:25:45	185382	0:41:31	1339.6
2025-11-14 13:25:46	186770	0:42:09	1318.9
2025-11-14 13:25:47	187696	0:43:08	1288.4
2025-11-14 13:25:48	189021	0:43:39	1273.0
2025-11-14 13:25:49	190470	0:44:16	1254.6
2025-11-14 13:25:50	192452	0:44:21	1251.7
2025-11-14 13:25:51	193931	0:45:03	1231.3
2025-11-14 13:25:52	195584	0:44:48	1237.8
2025-11-14 13:25:53	197586	0:44:43	1239.3
2025-11-14 13:25:54	198917	0:45:30	1217.4
2025-11-14 13:25:55	200281	0:45:41	1211.9
2025-11-14 13:25:56	201770	0:45:45	1209.6
2025-11-14 13:25:57	203262	0:45:31	1215.2
2025-11-14 13:25:58	204921	0:44:57	1230.2
2025-11-14 13:25:59	205993	0:44:43	1235.9
2025-11-14 13:26:00	207913	0:44:12	1250.0
2025-11-14 13:26:01	210046	0:43:49	1259.8
2025-11-14 13:26:02	211959	0:42:59	1283.8
2025-11-14 13:26:03	213972	0:42:30	1297.5
2025-11-14 13:26:04	215860	0:41:57	1313.7
2025-11-14 13:26:05	217608	0:42:01	1310.7
2025-11-14 13:26:06	219614	0:41:09	1337.6
2025-11-14 13:26:07	220602	0:40:44	1351.2
2025-11-14 13:26:08	222464	0:39:25	1395.3
2025-11-14 13:26:09	223328	0:38:50	1415.7
2025-11-14 13:26:10	224883	0:37:41	1458.6
2025-11-14 13:26:11	226393	0:36:37	1500.0
2025-11-14 13:26:12	228015	0:35:41	1538.9
2025-11-14 13:26:13	229254	0:35:17	1555.9
2025-11-14 13:26:14	231001	0:35:08	1561.0
2025-11-14 13:26:15	232849	0:34:28	1590.5
2025-11-14 13:26:16	234341	0:34:18	1597.7
2025-11-14 13:26:17	235538	0:34:24	1592.4
2025-11-14 13:26:18	237287	0:34:15	1598.5
2025-11-14 13:26:19	238699	0:34:15	1597.6
2025-11-14 13:26:20	239704	0:34:40	1578.2
2025-11-14 13:26:21	239820	0:36:14	1510.2
2025-11-14 13:26:22	239981	0:37:04	1476.0
2025-11-14 13:26:23	240183	0:38:39	1415.5
2025-11-14 13:26:24	240360	0:39:54	1371.1
2025-11-14 13:26:25	240598	0:41:15	1325.9
2025-11-14 13:26:26	240858	0:42:21	1291.4
2025-11-14 13:26:27	241596	0:43:28	1258.2
2025-11-14 13:26:28	243219	0:42:52	1275.1
2025-11-14 13:26:30	245314	0:42:47	1276.5
2025-11-14 13:26:31	246262	0:44:06	1238.1
2025-11-14 13:26:32	247821	0:44:35	1224.4
2025-11-14 13:26:33	249262	0:45:15	1205.7
2025-11-14 13:26:34	250909	0:45:24	1201.0
2025-11-14 13:26:35	252803	0:45:14	1204.9
2025-11-14 13:26:36	254131	0:46:11	1179.6
2025-11-14 13:26:37	255481	0:45:39	1192.9
2025-11-14 13:26:38	257927	0:44:50	1213.4
2025-11-14 13:26:39	259506	0:44:03	1234.4
2025-11-14 13:26:40	260863	0:44:08	1231.8
2025-11-14 13:26:41	261839	0:44:53	1210.8
2025-11-14 13:26:42	263889	0:44:18	1226.0
2025-11-14 13:26:43	265639	0:43:40	1242.8
2025-11-14 13:26:44	267169	0:43:54	1235.9
2025-11-14 13:26:45	267928	0:45:12	1200.0
2025-11-14 13:26:46	268082	0:47:01	1153.7
2025-11-14 13:26:47	268227	0:48:31	1117.9
2025-11-14 13:26:48	268407	0:50:59	1063.7
2025-11-14 13:26:49	268645	0:53:03	1022.4
2025-11-14 13:26:50	268912	0:54:23	997.3
2025-11-14 13:26:51	269745	0:53:04	1021.7
2025-11-14 13:26:52	271473	0:50:27	1073.9
2025-11-14 13:26:53	273220	0:48:04	1126.6
2025-11-14 13:26:54	274582	0:46:20	1168.2
2025-11-14 13:26:55	276545	0:44:10	1224.8
2025-11-14 13:26:56	278715	0:41:55	1290.0
2025-11-14 13:26:57	279995	0:41:19	1308.1
2025-11-14 13:26:58	281631	0:41:17	1308.6
2025-11-14 13:26:59	283088	0:41:57	1286.9
2025-11-14 13:27:00	284440	0:41:28	1301.5
2025-11-14 13:27:01	285711	0:41:48	1290.7
2025-11-14 13:27:02	287276	0:41:31	1298.8
2025-11-14 13:27:03	288969	0:41:34	1296.4
2025-11-14 13:27:04	290964	0:41:01	1313.3
2025-11-14 13:27:05	293121	0:40:29	1329.5
2025-11-14 13:27:06	294716	0:40:16	1336.2
2025-11-14 13:27:07	295504	0:41:52	1284.5
2025-11-14 13:27:08	296511	0:42:40	1260.1
2025-11-14 13:27:09	297071	0:43:31	1235.5
2025-11-14 13:27:10	298675	0:42:51	1254.1
2025-11-14 13:27:11	300448	0:43:02	1248.0
2025-11-14 13:27:12	301679	0:43:44	1227.6
2025-11-14 13:27:13	303435	0:43:21	1237.7
2025-11-14 13:27:14	305153	0:42:23	1265.4
2025-11-14 13:27:15	306683	0:40:48	1313.5
2025-11-14 13:27:16	308261	0:39:19	1362.3
2025-11-14 13:27:17	310160	0:37:40	1421.5
2025-11-14 13:27:18	311580	0:36:36	1461.9
2025-11-14 13:27:19	313446	0:35:14	1517.8
2025-11-14 13:27:20	315053	0:34:33	1547.1
2025-11-14 13:27:21	316552	0:34:45	1537.5
2025-11-14 13:27:22	317842	0:35:03	1523.9
2025-11-14 13:27:23	319622	0:34:41	1539.4
2025-11-14 13:27:24	321583	0:34:31	1545.5
2025-11-14 13:27:25	323527	0:34:49	1531.4
2025-11-14 13:27:26	324965	0:34:34	1541.6
2025-11-14 13:27:27	326846	0:34:25	1547.4
2025-11-14 13:27:28	328683	0:34:11	1557.3
2025-11-14 13:27:29	330067	0:34:06	1560.1
2025-11-14 13:27:30	331811	0:33:45	1575.4
2025-11-14 13:27:31	333248	0:33:44	1575.8
2025-11-14 13:27:32	335039	0:33:46	1573.2
2025-11-14 13:27:33	337027	0:33:42	1575.5
2025-11-14 13:27:34	338251	0:34:20	1545.5
2025-11-14 13:27:35	338621	0:35:30	1494.7
2025-11-14 13:27:36	338744	0:36:03	1472.0
2025-11-14 13:27:37	338901	0:36:49	1441.1
2025-11-14 13:27:38	339107	0:37:16	1423.8
2025-11-14 13:27:39	339419	0:38:01	1395.7
2025-11-14 13:27:40	339712	0:39:31	1342.2
2025-11-14 13:27:41	340619	0:39:51	1330.5
2025-11-14 13:27:42	342098	0:39:46	1332.9
2025-11-14 13:27:43	343253	0:40:43	1301.4
2025-11-14 13:27:44	344028	0:41:34	1274.3
2025-11-14 13:27:45	344519	0:42:32	1245.3
2025-11-14 13:27:46	346063	0:43:01	1230.9
2025-11-14 13:27:47	348045	0:42:24	1247.7
2025-11-14 13:27:48	349177	0:43:24	1218.5
2025-11-14 13:27:49	350267	0:43:51	1205.9
2025-11-14 13:27:50	350364	0:45:51	1153.3
2025-11-14 13:27:51	350494	0:47:51	1104.8
2025-11-14 13:27:52	350655	0:50:06	1055.1
2025-11-14 13:27:53	351210	0:52:02	1015.8
2025-11-14 13:27:54	353127	0:52:24	1008.0
2025-11-14 13:27:55	354329	0:52:54	998.3
2025-11-14 13:27:56	356253	0:52:20	1008.3
2025-11-14 13:27:57	358067	0:52:02	1013.5
2025-11-14 13:27:58	359907	0:51:27	1024.6
2025-11-14 13:27:59	361928	0:51:40	1019.6
2025-11-14 13:28:00	364163	0:49:56	1054.1
2025-11-14 13:28:01	366108	0:49:41	1058.9
2025-11-14 13:28:02	367334	0:50:48	1035.0
2025-11-14 13:28:03	367962	0:52:04	1009.7
2025-11-14 13:28:04	368267	0:52:39	998.5
2025-11-14 13:28:05	368662	0:52:08	1008.4
2025-11-14 13:28:06	369966	0:50:08	1048.1
2025-11-14 13:28:07	371664	0:47:46	1099.6
2025-11-14 13:28:08	373042	0:46:13	1135.9
2025-11-14 13:28:09	374386	0:44:46	1172.1
2025-11-14 13:28:10	375878	0:43:34	1203.7
2025-11-14 13:28:11	377523	0:43:19	1210.0
2025-11-14 13:28:12	378921	0:43:06	1215.5
2025-11-14 13:28:14	380815	0:41:55	1249.2
2025-11-14 13:28:15	382473	0:40:46	1283.7
2025-11-14 13:28:16	384353	0:39:52	1312.1
2025-11-14 13:28:17	386296	0:39:27	1325.1
2025-11-14 13:28:18	388271	0:38:42	1349.7
2025-11-14 13:28:19	389774	0:39:12	1332.1
2025-11-14 13:28:20	390675	0:38:10	1367.9
2025-11-14 13:28:21	392409	0:36:39	1423.3
2025-11-14 13:28:22	393759	0:35:38	1463.6
2025-11-14 13:28:23	395321	0:34:38	1504.7
2025-11-14 13:28:24	397310	0:34:06	1527.3
2025-11-14 13:28:25	399315	0:33:34	1550.3
2025-11-14 13:28:26	400047	0:34:31	1507.9
2025-11-14 13:28:27	401284	0:35:01	1485.5
2025-11-14 13:28:28	403034	0:35:01	1484.4
2025-11-14 13:28:29	404507	0:35:32	1462.7
2025-11-14 13:28:30	406005	0:36:08	1437.7
2025-11-14 13:28:31	407846	0:36:14	1432.8
2025-11-14 13:28:32	409152	0:36:27	1423.7
2025-11-14 13:28:33	410780	0:35:31	1459.9
2025-11-14 13:28:34	412354	0:34:36	1497.8
2025-11-14 13:28:35	414496	0:33:20	1554.1
2025-11-14 13:28:36	416339	0:32:34	1589.2
2025-11-14 13:28:37	417592	0:32:57	1570.8
2025-11-14 13:28:38	418514	0:33:13	1557.7
2025-11-14 13:28:39	419103	0:33:46	1531.6
2025-11-14 13:28:40	419782	0:34:11	1512.4
2025-11-14 13:28:41	420444	0:35:01	1476.2
2025-11-14 13:28:42	421365	0:35:41	1448.6
2025-11-14 13:28:43	421993	0:36:35	1412.8
2025-11-14 13:28:44	422419	0:37:43	1370.1
2025-11-14 13:28:45	422689	0:39:06	1321.4
2025-11-14 13:28:46	423136	0:40:56	1262.2
2025-11-14 13:28:47	423395	0:42:39	1211.3
2025-11-14 13:28:48	423582	0:44:30	1160.5
2025-11-14 13:28:49	423817	0:45:43	1129.8
2025-11-14 13:28:50	423994	0:47:37	1084.5
2025-11-14 13:28:51	424181	0:49:29	1043.6
2025-11-14 13:28:52	425015	0:50:38	1019.5
2025-11-14 13:28:53	426765	0:50:39	1018.7
2025-11-14 13:28:54	428212	0:51:17	1005.5
2025-11-14 13:28:55	429469	0:51:13	1006.5
2025-11-14 13:28:56	431169	0:50:08	1027.6
2025-11-14 13:28:57	432960	0:49:55	1031.7
2025-11-14 13:28:58	434779	0:49:27	1040.6
2025-11-14 13:28:59	435782	0:50:26	1020.1
2025-11-14 13:29:00	437910	0:50:08	1025.4
2025-11-14 13:29:01	439209	0:50:01	1027.4
2025-11-14 13:29:02	440912	0:49:39	1034.4
2025-11-14 13:29:03	442952	0:48:48	1051.8
2025-11-14 13:29:04	445040	0:48:18	1062.0
2025-11-14 13:29:05	446237	0:49:01	1046.0
2025-11-14 13:29:06	447229	0:50:19	1018.8
2025-11-14 13:29:07	448332	0:50:29	1015.0
2025-11-14 13:29:08	449170	0:49:52	1027.2
2025-11-14 13:29:09	450467	0:49:08	1042.0
2025-11-14 13:29:10	451797	0:47:39	1074.1
2025-11-14 13:29:11	453073	0:47:23	1079.8
2025-11-14 13:29:12	454062	0:46:40	1096.1
2025-11-14 13:29:13	455107	0:46:09	1107.7
2025-11-14 13:29:14	456775	0:44:19	1152.9
2025-11-14 13:29:15	457953	0:43:12	1182.2
2025-11-14 13:29:16	460047	0:41:09	1240.1
2025-11-14 13:29:17	462079	0:39:09	1302.7
2025-11-14 13:29:18	464079	0:37:19	1366.0
2025-11-14 13:29:19	466044	0:35:42	1426.9
2025-11-14 13:29:20	468027	0:34:14	1487.2
2025-11-14 13:29:21	470086	0:32:53	1547.1
2025-11-14 13:29:22	471847	0:32:39	1557.4
2025-11-14 13:29:23	473549	0:32:47	1549.7
2025-11-14 13:29:24	475268	0:32:27	1565.0
2025-11-14 13:29:25	476383	0:32:49	1547.2
2025-11-14 13:29:26	477804	0:32:48	1546.9
2025-11-14 13:29:27	479289	0:33:08	1530.4
2025-11-14 13:29:28	481150	0:32:29	1560.5
2025-11-14 13:29:29	482525	0:32:51	1542.0
2025-11-14 13:29:30	483799	0:33:05	1530.6
2025-11-14 13:29:31	485624	0:32:50	1541.3
2025-11-14 13:29:32	487488	0:32:55	1536.5
2025-11-14 13:29:33	489573	0:32:59	1532.7
2025-11-14 13:29:34	491139	0:32:49	1539.4
2025-11-14 13:29:35	492557	0:32:26	1557.0
2025-11-14 13:29:36	493545	0:32:26	1556.1
2025-11-14 13:29:37	494829	0:32:22	1559.4
2025-11-14 13:29:38	496652	0:31:44	1588.8
2025-11-14 13:29:39	498136	0:31:46	1586.4
2025-11-14 13:29:40	499792	0:31:23	1605.3
2025-11-14 13:29:41	501649	0:31:04	1620.8
2025-11-14 13:29:42	503707	0:30:16	1662.0
2025-11-14 13:29:43	505127	0:30:11	1666.2
2025-11-14 13:29:44	506423	0:30:26	1651.8
2025-11-14 13:29:45	507675	0:30:34	1643.6
2025-11-14 13:29:46	508824	0:31:12	1609.7
2025-11-14 13:29:47	509452	0:32:05	1565.2
2025-11-14 13:29:48	509858	0:33:11	1513.3
2025-11-14 13:29:49	510249	0:34:26	1457.9
2025-11-14 13:29:50	510773	0:35:53	1399.1
2025-11-14 13:29:51	511183	0:36:57	1358.3
2025-11-14 13:29:52	512295	0:37:42	1330.7
2025-11-14 13:29:53	514093	0:37:20	1342.8
2025-11-14 13:29:54	515198	0:37:45	1327.7
2025-11-14 13:29:55	517460	0:36:42	1364.7
2025-11-14 13:29:56	519705	0:36:07	1385.7
2025-11-14 13:29:57	522129	0:35:21	1414.6
2025-11-14 13:29:58	524325	0:34:46	1437.5
2025-11-14 13:29:59	526468	0:34:14	1458.3
2025-11-14 13:30:00	528079	0:34:17	1455.7
2025-11-14 13:30:01	529718	0:34:22	1451.5
2025-11-14 13:30:02	531345	0:34:40	1438.3
2025-11-14 13:30:03	533015	0:34:44	1434.8
2025-11-14 13:30:04	535049	0:34:05	1460.6
2025-11-14 13:30:05	536882	0:33:37	1480.3
2025-11-14 13:30:06	538137	0:33:35	1481.0
2025-11-14 13:30:07	538828	0:34:05	1458.8
2025-11-14 13:30:08	540250	0:34:21	1447.2
2025-11-14 13:30:09	541746	0:34:19	1447.8
2025-11-14 13:30:10	543045	0:34:51	1425.0
2025-11-14 13:30:11	544693	0:35:02	1416.4
2025-11-14 13:30:12	546515	0:35:11	1409.6
2025-11-14 13:30:13	548070	0:34:48	1424.7
2025-11-14 13:30:14	549815	0:34:31	1435.2
2025-11-14 13:30:15	551418	0:34:08	1450.9
2025-11-14 13:30:16	553780	0:32:51	1506.1
2025-11-14 13:30:17	555638	0:31:49	1554.5
2025-11-14 13:30:18	557253	0:30:54	1599.5
2025-11-14 13:30:19	559378	0:29:55	1650.9
2025-11-14 13:30:20	560838	0:29:15	1687.4
2025-11-14 13:30:21	562292	0:28:53	1707.7
2025-11-14 13:30:22	564227	0:28:53	1706.4
2025-11-14 13:30:23	565913	0:28:36	1723.1
2025-11-14 13:30:24	567864	0:28:24	1733.5
2025-11-14 13:30:25	569557	0:28:42	1714.3
2025-11-14 13:30:26	570984	0:29:15	1681.8
2025-11-14 13:30:27	572505	0:29:37	1659.7
2025-11-14 13:30:28	574500	0:29:43	1653.3
2025-11-14 13:30:29	575842	0:29:59	1637.5
2025-11-14 13:30:30	577556	0:29:54	1641.2
2025-11-14 13:30:31	579598	0:29:47	1646.4
2025-11-14 13:30:32	581637	0:29:31	1660.6
2025-11-14 13:30:33	583708	0:29:22	1668.2
2025-11-14 13:30:34	585475	0:29:23	1666.0
2025-11-14 13:30:35	586944	0:29:25	1663.0
2025-11-14 13:30:36	588838	0:28:44	1701.6
2025-11-14 13:30:37	590504	0:28:20	1724.1
2025-11-14 13:30:38	592123	0:28:15	1728.2
2025-11-14 13:30:39	593897	0:28:13	1730.1
2025-11-14 13:30:40	595764	0:27:51	1751.3
2025-11-14 13:30:41	597940	0:27:35	1766.6
2025-11-14 13:30:42	599705	0:27:39	1761.8
2025-11-14 13:30:43	600574	0:27:52	1747.5
2025-11-14 13:30:44	601596	0:28:18	1719.8
2025-11-14 13:30:45	602885	0:28:41	1696.1
2025-11-14 13:30:46	604295	0:29:05	1671.8
2025-11-14 13:30:47	605747	0:29:17	1659.6
2025-11-14 13:30:48	607317	0:29:34	1643.3
2025-11-14 13:30:49	608195	0:30:00	1619.4
2025-11-14 13:30:50	609625	0:30:10	1609.1
2025-11-14 13:30:51	611194	0:30:02	1615.6
2025-11-14 13:30:52	613013	0:30:03	1613.5
2025-11-14 13:30:53	614665	0:30:10	1606.4
2025-11-14 13:30:54	616703	0:29:49	1624.2
2025-11-14 13:30:55	618683	0:29:36	1635.1
2025-11-14 13:30:56	620298	0:29:34	1635.8
2025-11-14 13:30:57	622157	0:29:25	1643.3
2025-11-14 13:30:58	624529	0:29:01	1664.8
2025-11-14 13:30:59	625759	0:29:19	1646.5
2025-11-14 13:31:00	627798	0:29:10	1653.8
2025-11-14 13:31:01	629034	0:29:28	1636.6
2025-11-14 13:31:02	630966	0:29:33	1630.3
2025-11-14 13:31:03	632937	0:29:28	1634.7
2025-11-14 13:31:04	634784	0:29:32	1629.1
2025-11-14 13:31:05	636825	0:29:17	1642.6
2025-11-14 13:31:06	638719	0:29:04	1653.5
2025-11-14 13:31:07	640942	0:28:52	1663.9
2025-11-14 13:31:08	643001	0:28:31	1682.7
2025-11-14 13:31:09	644430	0:28:39	1674.3
2025-11-14 13:31:10	646236	0:28:49	1663.1
2025-11-14 13:31:11	648164	0:28:48	1663.4
2025-11-14 13:31:12	650209	0:28:17	1692.2
2025-11-14 13:31:14	652063	0:27:46	1723.1
2025-11-14 13:31:15	654260	0:27:15	1753.9
2025-11-14 13:31:16	656373	0:26:41	1789.9
2025-11-14 13:31:17	658341	0:26:26	1806.2
2025-11-14 13:31:18	659229	0:26:48	1780.3
2025-11-14 13:31:19	660224	0:26:51	1776.8
2025-11-14 13:31:20	662111	0:26:27	1802.6
2025-11-14 13:31:21	664041	0:26:12	1818.6
2025-11-14 13:31:22	665992	0:26:11	1817.8
2025-11-14 13:31:23	667726	0:26:11	1817.1
2025-11-14 13:31:24	669160	0:26:19	1806.8
2025-11-14 13:31:25	670974	0:26:28	1795.0
2025-11-14 13:31:26	672851	0:26:19	1804.6
2025-11-14 13:31:27	675006	0:26:03	1821.9
2025-11-14 13:31:28	676998	0:26:15	1806.9
2025-11-14 13:31:29	679153	0:25:59	1824.2
2025-11-14 13:31:30	681012	0:25:51	1831.9
2025-11-14 13:31:31	683071	0:25:38	1845.7
2025-11-14 13:31:32	685061	0:25:29	1855.6
2025-11-14 13:31:33	687274	0:25:20	1864.7
2025-11-14 13:31:34	689269	0:25:17	1867.1
2025-11-14 13:31:35	690726	0:25:27	1853.7
2025-11-14 13:31:36	692071	0:25:44	1833.1
2025-11-14 13:31:37	693782	0:25:56	1817.4
2025-11-14 13:31:38	694860	0:26:24	1784.9
2025-11-14 13:31:39	695046	0:27:01	1744.6
2025-11-14 13:31:40	695447	0:27:51	1691.9
2025-11-14 13:31:41	695758	0:28:43	1640.5
2025-11-14 13:31:42	696931	0:29:13	1612.1
2025-11-14 13:31:43	698457	0:29:32	1593.9
2025-11-14 13:31:44	700418	0:29:31	1593.3
2025-11-14 13:31:45	701874	0:29:59	1567.8
2025-11-14 13:31:46	703171	0:30:30	1540.4
2025-11-14 13:31:47	704538	0:30:21	1547.4
2025-11-14 13:31:48	705796	0:30:01	1564.1
2025-11-14 13:31:49	707622	0:30:00	1564.0
2025-11-14 13:31:50	708942	0:30:21	1545.3
2025-11-14 13:31:51	710755	0:30:21	1543.7
2025-11-14 13:31:52	711559	0:30:57	1513.4
2025-11-14 13:31:53	712201	0:31:50	1471.4
2025-11-14 13:31:54	713683	0:31:54	1467.6
2025-11-14 13:31:55	715589	0:31:54	1466.4
2025-11-14 13:31:56	716807	0:32:26	1441.9
2025-11-14 13:31:57	718592	0:32:41	1429.6
2025-11-14 13:31:58	720125	0:33:05	1412.1
2025-11-14 13:31:59	722117	0:32:56	1416.9
2025-11-14 13:32:00	723068	0:33:51	1378.1
2025-11-14 13:32:01	724302	0:34:24	1355.4
2025-11-14 13:32:02	725559	0:35:16	1321.5
2025-11-14 13:32:03	727435	0:35:23	1316.5
2025-11-14 13:32:04	729428	0:35:06	1326.5
2025-11-14 13:32:05	731425	0:34:33	1346.2
2025-11-14 13:32:06	733664	0:34:04	1364.3
2025-11-14 13:32:07	735489	0:33:39	1380.3
2025-11-14 13:32:08	736163	0:33:26	1388.8
2025-11-14 13:32:09	737043	0:32:58	1407.9
2025-11-14 13:32:10	738397	0:32:12	1441.0
2025-11-14 13:32:11	739739	0:31:44	1461.5
2025-11-14 13:32:12	741408	0:31:29	1472.5
2025-11-14 13:32:13	743214	0:31:28	1472.1
2025-11-14 13:32:14	745114	0:31:20	1477.1
2025-11-14 13:32:15	746607	0:31:16	1479.7
2025-11-14 13:32:16	748554	0:30:49	1500.4
2025-11-14 13:32:17	750394	0:30:18	1524.8
2025-11-14 13:32:18	752043	0:30:04	1535.6
2025-11-14 13:32:19	753876	0:30:03	1535.7
2025-11-14 13:32:20	755845	0:29:53	1543.0
2025-11-14 13:32:21	757805	0:29:31	1561.1
2025-11-14 13:32:22	759847	0:28:31	1615.0
2025-11-14 13:32:23	761896	0:27:59	1643.7
2025-11-14 13:32:24	764046	0:27:46	1655.3
2025-11-14 13:32:25	765966	0:27:23	1677.5
2025-11-14 13:32:26	767558	0:27:31	1668.9
2025-11-14 13:32:27	769507	0:27:13	1685.7
2025-11-14 13:32:28	771401	0:27:07	1691.2
2025-11-14 13:32:29	773259	0:26:59	1698.0
2025-11-14 13:32:30	774048	0:27:06	1690.2
2025-11-14 13:32:31	774353	0:27:40	1655.0
2025-11-14 13:32:32	774640	0:28:15	1621.5
2025-11-14 13:32:33	774902	0:29:16	1564.6
2025-11-14 13:32:34	775212	0:30:14	1514.0
2025-11-14 13:32:35	775552	0:31:34	1450.4
2025-11-14 13:32:36	775971	0:32:49	1394.5
2025-11-14 13:32:37	776559	0:33:28	1367.2
2025-11-14 13:32:38	776964	0:33:42	1357.6
2025-11-14 13:32:39	777233	0:34:21	1332.2
2025-11-14 13:32:40	778238	0:34:47	1314.8
2025-11-14 13:32:41	779703	0:34:38	1319.7
2025-11-14 13:32:42	780603	0:35:35	1284.0
2025-11-14 13:32:43	781685	0:36:27	1253.5
2025-11-14 13:32:44	783719	0:36:05	1265.1
2025-11-14 13:32:45	785589	0:35:49	1273.5
2025-11-14 13:32:46	787535	0:35:26	1286.3
2025-11-14 13:32:47	789520	0:35:31	1282.4
2025-11-14 13:32:48	791694	0:35:02	1299.4
2025-11-14 13:32:49	793354	0:35:10	1293.5
2025-11-14 13:32:50	795578	0:34:51	1304.4
2025-11-14 13:32:51	797230	0:34:57	1299.5
2025-11-14 13:32:52	798887	0:35:17	1286.8
2025-11-14 13:32:53	800130	0:36:00	1260.6
2025-11-14 13:32:54	801760	0:36:33	1240.8
2025-11-14 13:32:55	802954	0:36:46	1232.8
2025-11-14 13:32:56	804292	0:37:26	1210.3
2025-11-14 13:32:57	805898	0:37:44	1199.8
2025-11-14 13:32:58	806537	0:39:13	1154.0
2025-11-14 13:32:59	806837	0:40:51	1108.0
2025-11-14 13:33:00	807100	0:40:59	1104.1
2025-11-14 13:33:01	807822	0:40:24	1119.9
2025-11-14 13:33:02	808754	0:39:38	1141.0
2025-11-14 13:33:03	810964	0:37:29	1205.5
2025-11-14 13:33:04	812011	0:36:43	1230.3
2025-11-14 13:33:05	814060	0:35:07	1285.6
2025-11-14 13:33:06	815455	0:34:11	1319.6
2025-11-14 13:33:07	817162	0:33:08	1360.9
2025-11-14 13:33:08	819138	0:31:51	1414.6
2025-11-14 13:33:09	820419	0:31:08	1446.2
2025-11-14 13:33:10	821910	0:31:03	1449.9
2025-11-14 13:33:11	823114	0:31:12	1441.7
2025-11-14 13:33:12	823321	0:31:47	1415.1
2025-11-14 13:33:13	823677	0:32:37	1379.3
2025-11-14 13:33:14	823982	0:33:58	1324.2
2025-11-14 13:33:15	824497	0:35:09	1279.0
2025-11-14 13:33:16	825675	0:35:58	1249.9
2025-11-14 13:33:17	827409	0:36:15	1239.0
2025-11-14 13:33:18	828697	0:36:59	1214.0
2025-11-14 13:33:19	830477	0:37:16	1203.8
2025-11-14 13:33:20	831046	0:38:36	1162.3
2025-11-14 13:33:21	832882	0:38:41	1158.9
2025-11-14 13:33:22	834706	0:38:03	1177.5
2025-11-14 13:33:23	835821	0:38:18	1169.4
2025-11-14 13:33:24	836568	0:39:15	1140.3
2025-11-14 13:33:25	837306	0:39:31	1132.8
2025-11-14 13:33:26	838663	0:39:35	1129.9
2025-11-14 13:33:27	840323	0:39:08	1142.3
2025-11-14 13:33:28	841521	0:38:04	1173.6
2025-11-14 13:33:29	843691	0:36:05	1237.1
2025-11-14 13:33:30	845835	0:34:26	1295.3
2025-11-14 13:33:31	847522	0:33:42	1323.1
2025-11-14 13:33:32	848908	0:33:56	1312.8
2025-11-14 13:33:33	849765	0:34:24	1294.9
2025-11-14 13:33:34	850039	0:35:46	1245.5
2025-11-14 13:33:35	850717	0:36:45	1211.8
2025-11-14 13:33:36	851289	0:37:49	1177.3
2025-11-14 13:33:37	851791	0:39:20	1131.9
2025-11-14 13:33:38	852221	0:41:03	1084.3
2025-11-14 13:33:39	853721	0:40:21	1102.6
2025-11-14 13:33:40	855408	0:40:14	1104.9
2025-11-14 13:33:41	856121	0:40:04	1109.3
2025-11-14 13:33:42	857040	0:39:17	1131.0
2025-11-14 13:33:43	859005	0:37:24	1186.8
2025-11-14 13:33:44	860830	0:35:58	1233.2
2025-11-14 13:33:45	862347	0:35:17	1256.7
2025-11-14 13:33:46	864330	0:35:00	1265.8
2025-11-14 13:33:47	866119	0:34:18	1290.8
2025-11-14 13:33:48	867813	0:34:20	1288.5
2025-11-14 13:33:49	869554	0:33:43	1311.6
2025-11-14 13:33:50	871185	0:33:22	1324.4
2025-11-14 13:33:51	873079	0:33:19	1325.6
2025-11-14 13:33:52	875036	0:32:36	1353.6
2025-11-14 13:33:53	877180	0:31:53	1382.9
2025-11-14 13:33:55	879301	0:30:40	1436.7
2025-11-14 13:33:56	881348	0:30:02	1465.7
2025-11-14 13:33:57	883029	0:29:58	1467.9
2025-11-14 13:33:58	884960	0:29:39	1482.4
2025-11-14 13:33:59	886963	0:29:22	1495.6
2025-11-14 13:34:00	888471	0:29:43	1477.3
2025-11-14 13:34:01	890274	0:29:50	1470.1
2025-11-14 13:34:02	890836	0:30:31	1437.3
2025-11-14 13:34:03	891134	0:31:16	1402.8
2025-11-14 13:34:04	891402	0:31:15	1403.2
2025-11-14 13:34:05	891693	0:31:28	1393.2
2025-11-14 13:34:06	891921	0:31:45	1380.5
2025-11-14 13:34:07	892225	0:31:57	1372.0
2025-11-14 13:34:08	892397	0:32:12	1361.2
2025-11-14 13:34:09	892587	0:32:54	1332.3
2025-11-14 13:34:10	892763	0:34:19	1277.3
2025-11-14 13:34:11	893066	0:34:44	1261.5
2025-11-14 13:34:12	893391	0:35:19	1240.6
2025-11-14 13:34:13	893660	0:36:49	1189.9
2025-11-14 13:34:14	894111	0:38:14	1145.9
2025-11-14 13:34:15	894787	0:39:27	1110.2
2025-11-14 13:34:16	895135	0:41:11	1063.2
2025-11-14 13:34:17	896243	0:42:15	1036.2
2025-11-14 13:34:18	897738	0:42:29	1029.6
2025-11-14 13:34:19	899029	0:43:07	1014.0
2025-11-14 13:34:20	900854	0:42:50	1020.0
2025-11-14 13:34:21	901835	0:44:02	992.0
2025-11-14 13:34:22	903527	0:44:03	990.9
2025-11-14 13:34:23	905215	0:45:01	969.1
2025-11-14 13:34:24	907269	0:44:58	969.5
2025-11-14 13:34:25	909354	0:44:49	971.8
2025-11-14 13:34:26	911326	0:44:44	973.0
2025-11-14 13:34:27	912594	0:45:40	952.4
2025-11-14 13:34:28	913932	0:46:10	941.7
2025-11-14 13:34:29	915293	0:47:15	919.8
2025-11-14 13:34:30	916054	0:49:00	886.7
2025-11-14 13:34:31	916747	0:49:36	875.6
2025-11-14 13:34:32	918435	0:47:11	920.0
2025-11-14 13:34:33	919662	0:45:29	954.0
2025-11-14 13:34:34	921418	0:43:12	1003.7
2025-11-14 13:34:35	922814	0:41:31	1043.6
2025-11-14 13:34:36	924447	0:39:46	1088.8
2025-11-14 13:34:37	926227	0:37:53	1142.4
2025-11-14 13:34:38	926840	0:37:23	1157.0
2025-11-14 13:34:39	927144	0:37:14	1161.9
2025-11-14 13:34:40	928054	0:36:29	1185.3
2025-11-14 13:34:41	929510	0:35:18	1224.1
2025-11-14 13:34:42	931233	0:33:53	1274.9
2025-11-14 13:34:43	932791	0:32:48	1316.1
2025-11-14 13:34:44	934275	0:32:09	1341.9
2025-11-14 13:34:45	935907	0:31:09	1383.9
2025-11-14 13:34:46	937771	0:30:22	1418.5
2025-11-14 13:34:47	939396	0:29:53	1440.3
2025-11-14 13:34:48	941027	0:29:55	1438.1
2025-11-14 13:34:49	942879	0:29:41	1448.0
2025-11-14 13:34:50	943483	0:30:03	1430.6
2025-11-14 13:34:51	944011	0:31:03	1383.9
2025-11-14 13:34:52	945202	0:31:10	1378.1
2025-11-14 13:34:53	947217	0:31:03	1381.9
2025-11-14 13:34:54	948778	0:31:41	1353.8
2025-11-14 13:34:55	950498	0:31:48	1347.9
2025-11-14 13:34:56	951406	0:32:30	1318.6
2025-11-14 13:34:57	952497	0:32:18	1326.4
2025-11-14 13:34:58	954403	0:32:00	1337.6
2025-11-14 13:34:59	955703	0:31:45	1347.0
2025-11-14 13:35:00	957429	0:30:52	1384.9
2025-11-14 13:35:01	959131	0:30:38	1394.7
2025-11-14 13:35:02	960525	0:30:50	1384.6
2025-11-14 13:35:03	961843	0:30:49	1384.9
2025-11-14 13:35:04	963768	0:30:28	1399.5
2025-11-14 13:35:05	965576	0:30:19	1405.7
2025-11-14 13:35:06	967632	0:30:08	1413.2
2025-11-14 13:35:07	969697	0:29:20	1450.2
2025-11-14 13:35:08	971036	0:28:36	1486.9
2025-11-14 13:35:09	972886	0:27:56	1521.2
2025-11-14 13:35:10	974410	0:27:45	1530.3
2025-11-14 13:35:11	976001	0:27:41	1532.9
2025-11-14 13:35:12	977544	0:27:46	1527.5
2025-11-14 13:35:13	979545	0:27:32	1538.8
2025-11-14 13:35:14	981691	0:27:06	1562.7
2025-11-14 13:35:15	983534	0:27:00	1567.2
2025-11-14 13:35:16	985568	0:26:54	1571.4
2025-11-14 13:35:17	987425	0:26:34	1589.9
2025-11-14 13:35:18	989283	0:26:37	1586.0
2025-11-14 13:35:19	991030	0:26:15	1607.2
2025-11-14 13:35:20	993178	0:25:21	1662.7
2025-11-14 13:35:21	994445	0:25:07	1677.6
2025-11-14 13:35:22	996235	0:24:59	1685.4
2025-11-14 13:35:23	998270	0:24:48	1696.7
2025-11-14 13:35:24	1000505	0:24:29	1716.6
2025-11-14 13:35:25	1002590	0:24:03	1746.5
2025-11-14 13:35:26	1004964	0:23:28	1788.0
2025-11-14 13:35:27	1006811	0:23:22	1794.7
2025-11-14 13:35:28	1008869	0:23:00	1821.5
2025-11-14 13:35:29	1010791	0:22:51	1832.0
2025-11-14 13:35:30	1011982	0:23:06	1810.6
2025-11-14 13:35:31	1013697	0:22:54	1826.4
2025-11-14 13:35:32	1014307	0:23:11	1802.8
2025-11-14 13:35:33	1014458	0:23:57	1745.6
2025-11-14 13:35:34	1014739	0:24:45	1688.6
2025-11-14 13:35:35	1015092	0:25:34	1634.0
2025-11-14 13:35:36	1016540	0:25:54	1612.7
2025-11-14 13:35:37	1017842	0:26:04	1601.8
2025-11-14 13:35:38	1019207	0:26:10	1594.1
2025-11-14 13:35:39	1020944	0:26:03	1600.1
2025-11-14 13:35:40	1022978	0:25:47	1615.5
2025-11-14 13:35:41	1024977	0:25:40	1622.0
2025-11-14 13:35:42	1026456	0:25:42	1618.7
2025-11-14 13:35:43	1028128	0:25:59	1600.1
2025-11-14 13:35:44	1029454	0:26:21	1576.9
2025-11-14 13:35:45	1031223	0:26:19	1577.9
2025-11-14 13:35:46	1032475	0:26:43	1552.8
2025-11-14 13:35:47	1033857	0:27:07	1529.4
2025-11-14 13:35:48	1035425	0:27:14	1522.4
2025-11-14 13:35:49	1037276	0:27:11	1523.2
2025-11-14 13:35:50	1038578	0:27:26	1508.6
2025-11-14 13:35:51	1039737	0:27:42	1494.1
2025-11-14 13:35:52	1040595	0:28:21	1459.3
2025-11-14 13:35:53	1041534	0:29:11	1416.6
2025-11-14 13:35:54	1042823	0:29:44	1389.7
2025-11-14 13:35:55	1044631	0:30:02	1375.2
2025-11-14 13:35:56	1046230	0:30:24	1357.3
2025-11-14 13:35:57	1046612	0:31:40	1303.0
2025-11-14 13:35:58	1047499	0:32:31	1268.8
2025-11-14 13:35:59	1048630	0:32:55	1252.8
2025-11-14 13:36:00	1049772	0:33:12	1241.4
2025-11-14 13:36:01	1051243	0:32:52	1253.1
2025-11-14 13:36:02	1052811	0:31:41	1299.0
2025-11-14 13:36:03	1054021	0:30:53	1332.3
2025-11-14 13:36:04	1054192	0:30:57	1329.4
2025-11-14 13:36:06	1054351	0:31:52	1291.0
2025-11-14 13:36:07	1054584	0:32:58	1247.7
2025-11-14 13:36:08	1054938	0:33:48	1216.9
2025-11-14 13:36:09	1055271	0:34:36	1188.2
2025-11-14 13:36:10	1055598	0:36:18	1132.6
2025-11-14 13:36:11	1055802	0:38:20	1072.5
2025-11-14 13:36:12	1055951	0:40:41	1010.5
2025-11-14 13:36:13	1056141	0:42:28	968.1
2025-11-14 13:36:14	1057372	0:43:06	953.3
2025-11-14 13:36:15	1059148	0:42:41	961.7
2025-11-14 13:36:16	1060838	0:42:31	965.1
2025-11-14 13:36:17	1061809	0:42:56	955.3
2025-11-14 13:36:18	1063165	0:43:03	952.3
2025-11-14 13:36:19	1064997	0:42:50	956.1
2025-11-14 13:36:20	1067035	0:42:11	970.3
2025-11-14 13:36:21	1068942	0:41:09	994.0
2025-11-14 13:36:22	1070913	0:39:42	1029.2
2025-11-14 13:36:23	1071737	0:39:53	1024.3
2025-11-14 13:36:24	1072808	0:39:54	1023.4
2025-11-14 13:36:25	1074417	0:39:45	1026.6
2025-11-14 13:36:26	1076349	0:39:42	1027.0
2025-11-14 13:36:27	1077997	0:38:19	1063.5
2025-11-14 13:36:28	1079592	0:37:10	1095.4
2025-11-14 13:36:29	1080293	0:37:41	1080.1
2025-11-14 13:36:30	1081287	0:37:29	1085.7
2025-11-14 13:36:31	1082120	0:38:34	1054.8
2025-11-14 13:36:32	1083779	0:38:28	1056.6
2025-11-14 13:36:33	1085383	0:38:14	1062.3
2025-11-14 13:36:34	1086946	0:36:36	1109.0
2025-11-14 13:36:35	1088433	0:35:15	1151.1
2025-11-14 13:36:36	1090410	0:33:28	1211.2
2025-11-14 13:36:37	1092175	0:32:07	1261.1
2025-11-14 13:36:38	1093597	0:31:14	1296.0
2025-11-14 13:36:39	1095293	0:30:04	1345.5
2025-11-14 13:36:40	1096535	0:29:18	1380.0
2025-11-14 13:36:41	1098086	0:28:18	1427.9
2025-11-14 13:36:42	1099778	0:27:17	1480.3
2025-11-14 13:36:43	1101697	0:26:37	1515.4
2025-11-14 13:36:44	1103442	0:26:33	1518.9
2025-11-14 13:36:45	1105256	0:26:24	1525.8
2025-11-14 13:36:46	1107284	0:25:42	1566.7
2025-11-14 13:36:47	1109402	0:25:21	1586.9
2025-11-14 13:36:48	1111606	0:25:21	1585.0
2025-11-14 13:36:49	1113278	0:25:15	1590.5
2025-11-14 13:36:50	1115324	0:25:16	1587.4
2025-11-14 13:36:51	1117289	0:25:14	1588.8
2025-11-14 13:36:52	1119280	0:24:49	1614.1
2025-11-14 13:36:53	1120744	0:24:28	1635.9
2025-11-14 13:36:54	1122872	0:24:14	1650.7
2025-11-14 13:36:55	1124511	0:24:12	1651.2
2025-11-14 13:36:56	1125741	0:24:27	1633.5
2025-11-14 13:36:57	1126514	0:24:49	1609.4
2025-11-14 13:36:58	1127438	0:24:56	1600.7
2025-11-14 13:36:59	1128968	0:24:37	1620.7
2025-11-14 13:37:00	1130624	0:24:10	1649.8
2025-11-14 13:37:01	1132278	0:24:00	1659.4
2025-11-14 13:37:02	1133858	0:24:02	1656.1
2025-11-14 13:37:03	1135747	0:23:45	1675.1
2025-11-14 13:37:04	1137464	0:23:38	1681.4
2025-11-14 13:37:05	1139297	0:23:41	1677.1
2025-11-14 13:37:06	1141069	0:23:35	1682.6
2025-11-14 13:37:07	1142446	0:23:42	1673.2
2025-11-14 13:37:08	1143977	0:23:46	1667.8
2025-11-14 13:37:09	1145440	0:23:45	1667.7
2025-11-14 13:37:10	1146920	0:23:41	1671.3
2025-11-14 13:37:11	1148191	0:23:58	1650.5
2025-11-14 13:37:12	1149895	0:23:55	1653.6
2025-11-14 13:37:13	1151102	0:24:19	1625.3
2025-11-14 13:37:14	1153040	0:24:19	1624.3
2025-11-14 13:37:15	1155078	0:24:12	1629.9
2025-11-14 13:37:16	1157211	0:24:09	1631.8
2025-11-14 13:37:17	1159234	0:24:21	1617.9
2025-11-14 13:37:18	1160210	0:24:41	1594.7
2025-11-14 13:37:19	1161765	0:24:42	1592.7
2025-11-14 13:37:20	1163312	0:24:58	1574.6
2025-11-14 13:37:21	1164840	0:25:17	1553.8
2025-11-14 13:37:22	1165883	0:25:40	1529.9
2025-11-14 13:37:23	1166127	0:26:30	1482.3
2025-11-14 13:37:24	1166630	0:27:07	1447.8
2025-11-14 13:37:25	1168199	0:27:00	1453.2
2025-11-14 13:37:26	1169945	0:26:46	1465.1
2025-11-14 13:37:27	1171609	0:26:05	1501.9
2025-11-14 13:37:28	1173033	0:26:00	1505.8
2025-11-14 13:37:29	1174571	0:26:00	1504.9
2025-11-14 13:37:30	1175591	0:26:14	1491.3
2025-11-14 13:37:31	1177196	0:26:22	1482.1
2025-11-14 13:37:32	1178714	0:26:25	1478.3
2025-11-14 13:37:33	1180599	0:26:20	1482.1
2025-11-14 13:37:34	1181137	0:27:09	1437.4
2025-11-14 13:37:35	1181635	0:28:04	1389.8
2025-11-14 13:37:36	1182127	0:28:50	1352.5
2025-11-14 13:37:37	1183343	0:28:54	1348.8
2025-11-14 13:37:38	1184649	0:29:11	1334.9
2025-11-14 13:37:39	1186038	0:28:55	1346.7
2025-11-14 13:37:40	1187692	0:28:44	1354.7
2025-11-14 13:37:41	1189554	0:28:19	1373.3
2025-11-14 13:37:42	1190387	0:28:57	1342.2
2025-11-14 13:37:43	1191132	0:29:39	1310.6
2025-11-14 13:37:44	1192191	0:30:12	1285.8
2025-11-14 13:37:45	1193779	0:30:30	1272.3
2025-11-14 13:37:46	1195289	0:31:08	1245.8
2025-11-14 13:37:47	1196899	0:30:55	1254.0
2025-11-14 13:37:48	1198523	0:30:35	1266.5
2025-11-14 13:37:49	1200403	0:30:15	1279.4
2025-11-14 13:37:50	1202339	0:30:11	1281.1
2025-11-14 13:37:51	1204406	0:29:30	1309.7
2025-11-14 13:37:52	1206424	0:28:30	1354.6
2025-11-14 13:37:53	1208283	0:27:23	1408.8
2025-11-14 13:37:54	1210041	0:26:55	1432.0
2025-11-14 13:37:55	1211531	0:26:59	1427.5
2025-11-14 13:37:56	1212563	0:27:21	1407.4
2025-11-14 13:37:57	1213986	0:27:23	1405.2
2025-11-14 13:37:58	1215578	0:27:16	1409.7
2025-11-14 13:37:59	1217381	0:26:52	1429.9
2025-11-14 13:38:01	1218636	0:26:48	1432.6
2025-11-14 13:38:02	1219199	0:27:41	1387.0
2025-11-14 13:38:03	1220946	0:27:41	1385.6
2025-11-14 13:38:04	1222675	0:27:17	1405.2
2025-11-14 13:38:05	1224302	0:26:37	1439.0
2025-11-14 13:38:06	1225822	0:25:52	1479.9
2025-11-14 13:38:07	1227576	0:25:23	1506.9
2025-11-14 13:38:08	1229660	0:24:43	1546.2
2025-11-14 13:38:09	1231489	0:24:43	1544.4
2025-11-14 13:38:10	1233319	0:24:23	1564.2
2025-11-14 13:38:11	1234577	0:24:31	1555.4
2025-11-14 13:38:12	1234943	0:25:14	1511.2
2025-11-14 13:38:13	1235316	0:25:23	1501.9
2025-11-14 13:38:14	1236311	0:25:19	1505.3
2025-11-14 13:38:15	1238112	0:24:59	1523.5
2025-11-14 13:38:16	1239999	0:24:46	1536.1
2025-11-14 13:38:17	1241709	0:24:44	1536.9
2025-11-14 13:38:18	1243560	0:24:31	1549.2
2025-11-14 13:38:19	1245429	0:24:33	1545.9
2025-11-14 13:38:20	1247265	0:24:35	1542.1
2025-11-14 13:38:21	1249414	0:24:29	1547.5
2025-11-14 13:38:22	1250816	0:24:44	1530.5
2025-11-14 13:38:23	1252507	0:24:53	1520.3
2025-11-14 13:38:24	1254394	0:24:45	1527.8
2025-11-14 13:38:25	1256223	0:24:37	1534.4
2025-11-14 13:38:26	1258433	0:24:10	1561.5
2025-11-14 13:38:27	1259587	0:24:08	1562.3
2025-11-14 13:38:28	1261381	0:24:04	1565.5
2025-11-14 13:38:29	1263005	0:24:05	1563.7
2025-11-14 13:38:30	1264640	0:23:52	1576.9
2025-11-14 13:38:31	1265429	0:24:04	1562.5
2025-11-14 13:38:32	1266920	0:23:41	1586.7
2025-11-14 13:38:33	1268716	0:23:35	1593.0
2025-11-14 13:38:34	1270517	0:23:34	1592.1
2025-11-14 13:38:35	1271812	0:23:48	1576.4
2025-11-14 13:38:36	1273516	0:23:41	1582.4
2025-11-14 13:38:37	1274651	0:24:11	1549.5
2025-11-14 13:38:38	1276139	0:24:20	1538.3
2025-11-14 13:38:39	1278126	0:24:11	1547.2
2025-11-14 13:38:40	1280312	0:24:03	1553.7
2025-11-14 13:38:41	1282078	0:23:30	1588.4
2025-11-14 13:38:42	1284011	0:22:46	1638.1
2025-11-14 13:38:43	1285558	0:22:15	1675.4
2025-11-14 13:38:44	1287473	0:22:03	1689.6
2025-11-14 13:38:45	1288678	0:22:19	1668.0
2025-11-14 13:38:46	1290349	0:22:08	1680.6
2025-11-14 13:38:47	1291561	0:22:31	1651.1
2025-11-14 13:38:48	1293210	0:22:32	1649.3
2025-11-14 13:38:49	1295200	0:22:35	1643.6
2025-11-14 13:38:50	1297361	0:22:29	1648.7
2025-11-14 13:38:51	1299421	0:22:22	1656.5
2025-11-14 13:38:52	1301414	0:22:02	1680.5
2025-11-14 13:38:53	1302634	0:22:16	1661.3
2025-11-14 13:38:54	1303794	0:22:39	1632.5
2025-11-14 13:38:55	1305550	0:22:47	1621.7
2025-11-14 13:38:56	1306399	0:23:18	1585.3
2025-11-14 13:38:57	1307173	0:23:39	1561.0
2025-11-14 13:38:58	1307382	0:24:11	1526.5
2025-11-14 13:38:59	1307527	0:25:08	1468.6
2025-11-14 13:39:00	1307789	0:25:38	1440.2
2025-11-14 13:39:01	1308670	0:25:42	1435.3
2025-11-14 13:39:02	1309499	0:26:25	1396.5
2025-11-14 13:39:03	1310259	0:26:59	1366.8
2025-11-14 13:39:04	1312068	0:26:44	1378.4
2025-11-14 13:39:05	1313734	0:26:46	1375.0
2025-11-14 13:39:06	1315151	0:26:42	1378.0
2025-11-14 13:39:07	1316189	0:26:39	1379.4
2025-11-14 13:39:08	1317586	0:27:02	1359.5
2025-11-14 13:39:09	1319214	0:27:12	1350.0
2025-11-14 13:39:10	1320988	0:27:29	1335.4
2025-11-14 13:39:11	1322316	0:27:46	1320.9
2025-11-14 13:39:12	1322617	0:28:53	1269.3
2025-11-14 13:39:13	1322888	0:30:01	1221.5
2025-11-14 13:39:14	1323331	0:31:13	1174.2
2025-11-14 13:39:15	1323813	0:31:50	1151.1
2025-11-14 13:39:16	1324111	0:33:17	1100.9
2025-11-14 13:39:17	1325638	0:32:55	1112.6
2025-11-14 13:39:18	1326153	0:34:19	1066.6
2025-11-14 13:39:19	1326823	0:35:46	1023.4
2025-11-14 13:39:20	1327140	0:37:29	976.3
2025-11-14 13:39:21	1327390	0:39:56	916.2
2025-11-14 13:39:22	1327972	0:41:48	875.0
2025-11-14 13:39:23	1329203	0:41:54	872.6
2025-11-14 13:39:24	1330571	0:41:34	879.1
2025-11-14 13:39:25	1332310	0:41:12	886.1
2025-11-14 13:39:26	1333925	0:40:09	908.6
2025-11-14 13:39:27	1335649	0:38:36	944.2
2025-11-14 13:39:28	1337565	0:36:18	1003.2
2025-11-14 13:39:29	1339334	0:34:29	1055.4
2025-11-14 13:39:30	1341678	0:32:21	1123.8
2025-11-14 13:39:31	1342860	0:32:05	1132.6
2025-11-14 13:39:32	1344239	0:31:39	1147.0
2025-11-14 13:39:33	1345948	0:30:52	1175.2
2025-11-14 13:39:34	1348095	0:30:34	1185.4
2025-11-14 13:39:35	1349775	0:30:12	1198.9
2025-11-14 13:39:36	1351776	0:30:00	1206.2
2025-11-14 13:39:37	1353798	0:29:02	1245.1
2025-11-14 13:39:38	1355126	0:29:12	1237.0
2025-11-14 13:39:39	1356165	0:29:52	1208.8
2025-11-14 13:39:40	1357949	0:29:36	1218.7
2025-11-14 13:39:41	1359886	0:28:56	1246.0
2025-11-14 13:39:42	1361361	0:27:59	1287.0
2025-11-14 13:39:43	1363004	0:27:00	1332.8
2025-11-14 13:39:44	1364724	0:26:09	1375.2
2025-11-14 13:39:45	1365578	0:25:55	1387.2
2025-11-14 13:39:46	1367370	0:25:03	1433.5
2025-11-14 13:39:47	1369052	0:24:52	1443.4
2025-11-14 13:39:48	1369846	0:24:44	1450.9
2025-11-14 13:39:49	1370719	0:24:35	1458.6
2025-11-14 13:39:50	1372139	0:23:55	1498.3
2025-11-14 13:39:51	1373550	0:23:19	1536.2
2025-11-14 13:39:52	1375527	0:22:39	1579.5
2025-11-14 13:39:53	1377322	0:22:25	1595.4
2025-11-14 13:39:54	1379092	0:22:08	1613.6
2025-11-14 13:39:55	1379922	0:22:33	1583.9
2025-11-14 13:39:56	1381227	0:22:42	1571.9
2025-11-14 13:39:57	1383008	0:22:38	1575.3
2025-11-14 13:39:58	1384720	0:22:40	1571.7
2025-11-14 13:39:59	1386452	0:22:48	1561.1
2025-11-14 13:40:00	1388681	0:22:48	1559.7
2025-11-14 13:40:01	1390850	0:22:16	1594.9
2025-11-14 13:40:02	1393072	0:21:53	1621.1
2025-11-14 13:40:03	1395001	0:21:51	1623.0
2025-11-14 13:40:04	1395587	0:22:33	1572.1
2025-11-14 13:40:05	1396116	0:23:01	1539.7
2025-11-14 13:40:06	1396545	0:23:52	1484.6
2025-11-14 13:40:07	1397064	0:24:40	1436.4
2025-11-14 13:40:08	1397753	0:24:57	1418.8
2025-11-14 13:40:09	1398897	0:24:55	1420.6
2025-11-14 13:40:10	1399906	0:25:17	1399.6
2025-11-14 13:40:11	1401394	0:25:33	1383.7
2025-11-14 13:40:12	1402384	0:26:01	1358.1
2025-11-14 13:40:13	1404247	0:25:39	1376.3
2025-11-14 13:40:14	1405779	0:25:50	1365.7
2025-11-14 13:40:15	1406996	0:25:36	1377.0
2025-11-14 13:40:16	1408191	0:25:52	1362.1
2025-11-14 13:40:17	1409972	0:25:53	1360.6
2025-11-14 13:40:18	1411387	0:25:26	1383.8
2025-11-14 13:40:19	1412805	0:25:06	1401.2
2025-11-14 13:40:20	1414315	0:25:01	1404.7
2025-11-14 13:40:21	1415972	0:25:01	1403.6
2025-11-14 13:40:22	1417862	0:24:57	1405.8
2025-11-14 13:40:23	1419703	0:24:55	1406.2
2025-11-14 13:40:24	1421377	0:24:59	1402.0
2025-11-14 13:40:25	1422454	0:24:47	1412.0
2025-11-14 13:40:26	1423692	0:24:50	1408.7
2025-11-14 13:40:27	1424894	0:25:11	1388.1
2025-11-14 13:40:28	1426486	0:25:13	1384.9
2025-11-14 13:40:29	1428436	0:25:13	1384.4
2025-11-14 13:40:30	1430452	0:25:18	1378.3
2025-11-14 13:40:31	1432237	0:25:30	1366.2
2025-11-14 13:40:32	1433570	0:25:59	1339.9
2025-11-14 13:40:34	1434991	0:26:14	1326.4
2025-11-14 13:40:35	1436360	0:25:41	1353.8
2025-11-14 13:40:36	1436935	0:25:37	1357.2
2025-11-14 13:40:37	1438211	0:25:05	1384.7
2025-11-14 13:40:38	1439750	0:24:32	1414.9
2025-11-14 13:40:39	1441109	0:24:09	1436.2
2025-11-14 13:40:40	1442653	0:24:00	1443.8
2025-11-14 13:40:41	1444067	0:23:42	1461.8
2025-11-14 13:40:42	1446021	0:23:23	1480.1
2025-11-14 13:40:43	1447980	0:23:00	1503.0
2025-11-14 13:40:44	1449635	0:23:00	1502.0
2025-11-14 13:40:45	1451512	0:22:47	1514.4
2025-11-14 13:40:46	1453366	0:22:22	1541.2
2025-11-14 13:40:47	1455164	0:22:13	1550.7
2025-11-14 13:40:48	1456507	0:22:18	1543.9
2025-11-14 13:40:49	1458193	0:22:13	1549.0
2025-11-14 13:40:50	1459215	0:22:24	1534.9
2025-11-14 13:40:51	1460104	0:22:36	1520.8
2025-11-14 13:40:52	1460963	0:23:07	1486.2
2025-11-14 13:40:53	1461566	0:23:48	1442.8
2025-11-14 13:40:54	1463117	0:24:04	1425.8
2025-11-14 13:40:55	1464700	0:23:57	1431.8
2025-11-14 13:40:56	1466111	0:23:45	1443.1
2025-11-14 13:40:57	1467458	0:23:44	1443.4
2025-11-14 13:40:58	1469066	0:23:29	1457.0
2025-11-14 13:40:59	1470555	0:23:34	1450.9
2025-11-14 13:41:00	1472079	0:23:40	1444.2
2025-11-14 13:41:01	1473462	0:24:02	1421.3
2025-11-14 13:41:02	1475176	0:24:04	1417.3
2025-11-14 13:41:03	1476694	0:23:53	1427.7
2025-11-14 13:41:04	1477593	0:24:14	1406.7
2025-11-14 13:41:05	1477853	0:24:44	1378.1
2025-11-14 13:41:06	1478569	0:24:42	1378.8
2025-11-14 13:41:07	1479496	0:24:55	1366.8
2025-11-14 13:41:08	1480767	0:25:11	1350.9
2025-11-14 13:41:09	1481811	0:25:21	1341.3
2025-11-14 13:41:10	1482328	0:26:07	1302.1
2025-11-14 13:41:11	1482891	0:27:01	1257.9
2025-11-14 13:41:12	1484304	0:27:19	1243.3
2025-11-14 13:41:13	1486377	0:27:06	1252.4
2025-11-14 13:41:14	1487753	0:27:30	1233.1
2025-11-14 13:41:15	1489511	0:27:45	1221.1
2025-11-14 13:41:16	1491470	0:27:10	1245.8
2025-11-14 13:41:17	1493829	0:26:26	1279.0
2025-11-14 13:41:18	1495588	0:26:17	1285.3
2025-11-14 13:41:19	1497432	0:25:46	1310.2
2025-11-14 13:41:20	1499223	0:25:11	1339.1
2025-11-14 13:41:21	1501139	0:24:27	1378.0
2025-11-14 13:41:22	1503253	0:23:36	1426.2
2025-11-14 13:41:23	1505261	0:23:26	1435.0
2025-11-14 13:41:24	1507417	0:22:58	1461.9
2025-11-14 13:41:25	1509436	0:22:34	1486.2
2025-11-14 13:41:26	1511308	0:22:18	1502.8
2025-11-14 13:41:27	1513481	0:22:04	1517.8
2025-11-14 13:41:28	1514482	0:22:13	1506.3
2025-11-14 13:41:29	1516168	0:22:15	1503.3
2025-11-14 13:41:30	1517538	0:22:09	1508.9
2025-11-14 13:41:31	1519085	0:22:15	1500.9
2025-11-14 13:41:32	1521209	0:21:52	1525.8
2025-11-14 13:41:33	1522795	0:21:28	1552.0
2025-11-14 13:41:34	1524220	0:20:55	1591.8
2025-11-14 13:41:35	1526068	0:20:23	1632.0
2025-11-14 13:41:36	1527766	0:20:07	1652.8
2025-11-14 13:41:37	1529714	0:19:45	1682.2
2025-11-14 13:41:38	1530914	0:19:40	1687.7
2025-11-14 13:41:39	1532726	0:19:09	1732.1
2025-11-14 13:41:40	1534278	0:18:46	1766.0
2025-11-14 13:41:41	1536400	0:18:29	1791.0
2025-11-14 13:41:42	1538124	0:18:35	1779.4
2025-11-14 13:41:43	1540156	0:18:20	1801.3
2025-11-14 13:41:44	1542127	0:18:13	1811.1
2025-11-14 13:41:45	1544164	0:18:12	1811.7
2025-11-14 13:41:46	1545905	0:18:24	1790.9
2025-11-14 13:41:47	1548041	0:18:14	1804.0
2025-11-14 13:41:48	1549227	0:18:27	1783.0
2025-11-14 13:41:49	1549804	0:18:54	1738.7
2025-11-14 13:41:50	1550693	0:19:18	1702.4
2025-11-14 13:41:51	1551710	0:19:44	1664.8
2025-11-14 13:41:52	1552849	0:20:04	1635.5
2025-11-14 13:41:53	1553518	0:20:43	1584.0
2025-11-14 13:41:54	1554196	0:21:20	1537.9
2025-11-14 13:41:55	1555069	0:21:48	1503.7
2025-11-14 13:41:56	1555673	0:22:38	1447.7
2025-11-14 13:41:57	1557239	0:22:20	1466.9
2025-11-14 13:41:58	1558601	0:22:29	1456.3
2025-11-14 13:41:59	1559607	0:22:40	1443.4
2025-11-14 13:42:00	1561362	0:22:32	1450.9
2025-11-14 13:42:01	1562677	0:22:56	1424.1
2025-11-14 13:42:02	1563671	0:23:21	1398.2
2025-11-14 13:42:03	1564127	0:23:52	1367.2
2025-11-14 13:42:04	1564957	0:24:32	1329.4
2025-11-14 13:42:05	1566565	0:24:37	1323.9
2025-11-14 13:42:06	1567776	0:25:05	1298.9
2025-11-14 13:42:07	1568862	0:25:10	1293.9
2025-11-14 13:42:08	1570119	0:25:31	1275.0
2025-11-14 13:42:09	1571186	0:25:51	1258.4
2025-11-14 13:42:10	1572516	0:26:24	1231.1
2025-11-14 13:42:11	1573837	0:26:40	1217.8
2025-11-14 13:42:12	1575399	0:27:00	1201.8
2025-11-14 13:42:13	1577165	0:27:09	1194.1
2025-11-14 13:42:14	1578602	0:27:36	1173.6
2025-11-14 13:42:15	1580185	0:27:43	1168.1
2025-11-14 13:42:16	1581159	0:28:41	1128.1
2025-11-14 13:42:17	1582339	0:28:41	1127.6
2025-11-14 13:42:18	1584163	0:27:38	1169.4
2025-11-14 13:42:19	1586165	0:26:43	1207.9
2025-11-14 13:42:20	1587664	0:26:21	1224.2
2025-11-14 13:42:21	1587992	0:26:56	1197.3
2025-11-14 13:42:22	1588666	0:26:56	1196.9
2025-11-14 13:42:23	1590096	0:26:20	1222.8
2025-11-14 13:42:24	1591403	0:26:01	1237.2
2025-11-14 13:42:25	1592890	0:25:21	1268.4
2025-11-14 13:42:26	1593234	0:26:13	1226.8
2025-11-14 13:42:27	1593738	0:26:51	1197.5
2025-11-14 13:42:28	1594405	0:27:06	1186.0
2025-11-14 13:42:29	1595049	0:27:59	1148.2
2025-11-14 13:42:30	1596441	0:27:54	1150.8
2025-11-14 13:42:31	1598234	0:27:09	1181.6
2025-11-14 13:42:32	1599447	0:26:34	1206.4
2025-11-14 13:42:33	1601342	0:25:42	1245.8
2025-11-14 13:42:34	1603553	0:25:15	1266.4
2025-11-14 13:42:35	1605110	0:24:59	1278.7
2025-11-14 13:42:36	1606892	0:24:29	1303.8
2025-11-14 13:42:37	1608657	0:24:08	1321.3
2025-11-14 13:42:38	1610380	0:23:43	1343.6
2025-11-14 13:42:39	1611967	0:23:35	1350.0
2025-11-14 13:42:40	1613884	0:23:13	1369.8
2025-11-14 13:42:41	1615469	0:23:11	1370.7
2025-11-14 13:42:43	1616876	0:23:22	1359.2
2025-11-14 13:42:44	1618277	0:23:22	1357.9
2025-11-14 13:42:45	1620346	0:23:03	1375.0
2025-11-14 13:42:46	1622199	0:22:32	1405.0
2025-11-14 13:42:47	1624103	0:22:10	1427.0
2025-11-14 13:42:48	1626113	0:22:04	1432.6
2025-11-14 13:42:49	1627804	0:22:12	1422.0
2025-11-14 13:42:50	1629251	0:22:13	1420.5
2025-11-14 13:42:51	1631057	0:21:27	1469.8
2025-11-14 13:42:52	1632666	0:20:58	1502.4
2025-11-14 13:42:53	1634441	0:20:48	1513.3
2025-11-14 13:42:54	1635733	0:20:47	1513.2
2025-11-14 13:42:55	1637733	0:20:31	1531.3
2025-11-14 13:42:56	1639326	0:19:56	1574.1
2025-11-14 13:42:57	1640623	0:19:36	1600.0
2025-11-14 13:42:58	1642597	0:19:04	1643.3
2025-11-14 13:42:59	1642756	0:19:16	1626.5
2025-11-14 13:43:00	1642919	0:19:46	1584.3
2025-11-14 13:43:01	1643081	0:20:29	1528.8
2025-11-14 13:43:02	1643282	0:21:00	1491.2
2025-11-14 13:43:03	1643467	0:21:51	1433.0
2025-11-14 13:43:04	1643851	0:22:50	1370.8
2025-11-14 13:43:05	1644119	0:23:35	1327.0
2025-11-14 13:43:06	1644460	0:24:30	1277.9
2025-11-14 13:43:07	1644871	0:25:24	1231.8
2025-11-14 13:43:08	1646032	0:25:48	1212.1
2025-11-14 13:43:09	1647452	0:25:55	1206.1
2025-11-14 13:43:10	1648678	0:26:24	1183.3
2025-11-14 13:43:11	1649900	0:26:37	1172.3
2025-11-14 13:43:12	1651720	0:26:19	1185.0
2025-11-14 13:43:13	1653817	0:25:47	1207.6
2025-11-14 13:43:14	1655728	0:25:51	1203.4
2025-11-14 13:43:15	1657793	0:25:40	1211.0
2025-11-14 13:43:16	1659173	0:26:06	1190.3
2025-11-14 13:43:17	1660957	0:26:07	1187.9
2025-11-14 13:43:18	1662933	0:25:36	1211.0
2025-11-14 13:43:19	1664863	0:25:31	1213.6
2025-11-14 13:43:20	1666902	0:25:17	1223.3
2025-11-14 13:43:21	1669010	0:24:47	1246.7
2025-11-14 13:43:22	1671028	0:24:41	1250.2
2025-11-14 13:43:23	1672874	0:24:18	1268.2
2025-11-14 13:43:24	1675056	0:24:07	1276.7
2025-11-14 13:43:25	1677116	0:23:47	1292.9
2025-11-14 13:43:26	1679397	0:23:16	1320.6
2025-11-14 13:43:27	1681504	0:23:10	1324.7
2025-11-14 13:43:28	1683494	0:22:06	1386.8
2025-11-14 13:43:29	1685494	0:21:07	1449.5
2025-11-14 13:43:30	1687701	0:20:06	1521.4
2025-11-14 13:43:31	1690015	0:19:10	1593.9
2025-11-14 13:43:32	1692150	0:18:22	1660.8
2025-11-14 13:43:33	1692856	0:18:12	1676.0
2025-11-14 13:43:34	1693571	0:18:03	1688.5
2025-11-14 13:43:35	1693874	0:18:01	1691.1
2025-11-14 13:43:36	1694319	0:18:01	1691.0
2025-11-14 13:43:37	1695756	0:17:53	1702.4
2025-11-14 13:43:38	1697845	0:17:38	1724.0
2025-11-14 13:43:39	1699280	0:17:35	1727.3
2025-11-14 13:43:40	1700567	0:17:29	1736.5
2025-11-14 13:43:41	1702596	0:17:23	1744.1
2025-11-14 13:43:42	1704403	0:17:22	1744.9
2025-11-14 13:43:43	1706507	0:17:19	1748.2
2025-11-14 13:43:44	1708723	0:17:14	1754.1
2025-11-14 13:43:45	1710514	0:17:11	1757.6
2025-11-14 13:43:46	1711504	0:17:20	1741.2
2025-11-14 13:43:47	1713232	0:17:29	1724.6
2025-11-14 13:43:48	1714642	0:17:35	1713.2
2025-11-14 13:43:49	1716073	0:17:42	1700.5
2025-11-14 13:43:50	1717412	0:18:03	1666.9
2025-11-14 13:43:51	1718737	0:18:17	1644.1
2025-11-14 13:43:52	1720410	0:18:27	1627.4
2025-11-14 13:43:53	1722338	0:18:30	1621.5
2025-11-14 13:43:54	1724314	0:18:27	1624.1
2025-11-14 13:43:55	1725917	0:18:43	1599.8
2025-11-14 13:43:56	1727799	0:18:48	1590.8
2025-11-14 13:43:57	1728785	0:19:17	1549.6
2025-11-14 13:43:58	1729078	0:19:57	1497.8
2025-11-14 13:43:59	1729502	0:20:51	1433.0
2025-11-14 13:44:00	1730327	0:21:31	1387.6
2025-11-14 13:44:01	1731668	0:21:59	1358.1
2025-11-14 13:44:02	1733163	0:21:42	1373.8
2025-11-14 13:44:03	1734607	0:21:21	1396.0
2025-11-14 13:44:04	1735461	0:21:03	1414.5
2025-11-14 13:44:05	1736830	0:20:34	1446.6
2025-11-14 13:44:06	1738559	0:20:17	1466.0
2025-11-14 13:44:07	1740141	0:20:29	1450.0
2025-11-14 13:44:08	1741931	0:20:17	1462.7
2025-11-14 13:44:09	1743647	0:20:11	1469.0
2025-11-14 13:44:10	1745660	0:20:07	1471.9
2025-11-14 13:44:11	1746212	0:20:44	1427.4
2025-11-14 13:44:12	1746578	0:21:31	1375.8
2025-11-14 13:44:13	1746888	0:22:34	1311.5
2025-11-14 13:44:14	1748135	0:23:00	1286.1
2025-11-14 13:44:15	1749689	0:22:39	1304.5
2025-11-14 13:44:16	1750921	0:22:51	1291.8
2025-11-14 13:44:17	1752280	0:22:58	1284.9
2025-11-14 13:44:18	1754273	0:22:34	1305.6
2025-11-14 13:44:19	1756236	0:22:17	1320.9
2025-11-14 13:44:20	1758176	0:21:46	1350.6
2025-11-14 13:44:21	1759878	0:21:45	1350.9
2025-11-14 13:44:22	1761221	0:22:00	1334.4
2025-11-14 13:44:23	1763084	0:21:57	1335.9
2025-11-14 13:44:24	1765162	0:21:47	1344.5
2025-11-14 13:44:25	1766739	0:21:54	1336.6
2025-11-14 13:44:26	1769006	0:21:18	1371.5
2025-11-14 13:44:27	1771016	0:20:27	1427.8
2025-11-14 13:44:28	1772515	0:19:51	1469.0
2025-11-14 13:44:29	1773911	0:19:36	1486.3
2025-11-14 13:44:30	1775647	0:19:17	1509.1
2025-11-14 13:44:31	1777512	0:19:03	1527.1
2025-11-14 13:44:32	1779113	0:19:03	1525.4
2025-11-14 13:44:33	1781294	0:18:35	1560.9
2025-11-14 13:44:34	1782941	0:18:20	1581.0
2025-11-14 13:44:35	1784924	0:18:10	1594.6
2025-11-14 13:44:36	1786976	0:17:59	1608.1
2025-11-14 13:44:37	1788937	0:17:59	1606.2
2025-11-14 13:44:38	1791102	0:17:47	1622.6
2025-11-14 13:44:39	1793315	0:17:32	1643.8
2025-11-14 13:44:40	1795158	0:17:16	1666.9
2025-11-14 13:44:41	1796486	0:16:56	1698.4
2025-11-14 13:44:42	1798174	0:16:28	1745.0
2025-11-14 13:44:43	1800048	0:16:11	1773.5
2025-11-14 13:44:44	1801510	0:16:11	1772.0
2025-11-14 13:44:45	1803346	0:16:00	1789.7
2025-11-14 13:44:46	1805393	0:15:47	1813.0
2025-11-14 13:44:47	1807221	0:15:47	1810.8
2025-11-14 13:44:48	1808329	0:15:58	1788.4
2025-11-14 13:44:49	1809084	0:16:18	1751.8
2025-11-14 13:44:50	1810215	0:16:32	1726.2
2025-11-14 13:44:51	1811684	0:16:28	1730.5
2025-11-14 13:44:52	1813040	0:16:33	1720.9
2025-11-14 13:44:53	1814616	0:16:38	1710.9
2025-11-14 13:44:54	1815900	0:16:54	1682.4
2025-11-14 13:44:55	1817328	0:17:03	1666.4
2025-11-14 13:44:56	1818501	0:17:24	1632.3
2025-11-14 13:44:57	1820215	0:17:27	1626.5
2025-11-14 13:44:58	1821971	0:17:06	1657.1
2025-11-14 13:44:59	1824062	0:16:59	1666.3
2025-11-14 13:45:00	1826204	0:16:49	1681.2
2025-11-14 13:45:01	1827850	0:16:55	1668.8
2025-11-14 13:45:02	1829539	0:16:57	1665.2
2025-11-14 13:45:03	1831405	0:16:58	1661.7
2025-11-14 13:45:04	1833395	0:16:54	1665.2
2025-11-14 13:45:05	1835267	0:16:51	1668.1
2025-11-14 13:45:06	1837260	0:16:49	1670.8
2025-11-14 13:45:08	1839179	0:17:01	1648.5
2025-11-14 13:45:09	1841284	0:17:05	1640.5
2025-11-14 13:45:10	1843279	0:16:52	1659.0
2025-11-14 13:45:11	1845033	0:16:46	1667.4
2025-11-14 13:45:12	1846939	0:16:47	1663.7
2025-11-14 13:45:13	1849102	0:16:30	1690.0
2025-11-14 13:45:14	1850794	0:16:35	1680.4
2025-11-14 13:45:15	1852340	0:16:33	1682.2
2025-11-14 13:45:16	1854503	0:16:29	1686.1
2025-11-14 13:45:17	1856242	0:16:28	1687.1
2025-11-14 13:45:18	1858280	0:16:15	1705.9
2025-11-14 13:45:19	1860344	0:15:52	1745.6
2025-11-14 13:45:20	1862677	0:15:25	1794.2
2025-11-14 13:45:21	1864072	0:15:33	1777.7
2025-11-14 13:45:22	1864285	0:15:47	1750.2
2025-11-14 13:45:23	1864384	0:16:17	1697.2
2025-11-14 13:45:24	1864493	0:16:39	1659.0
2025-11-14 13:45:25	1864723	0:17:07	1613.8
2025-11-14 13:45:26	1864965	0:17:27	1582.3
2025-11-14 13:45:27	1865126	0:18:05	1527.6
2025-11-14 13:45:28	1865364	0:18:43	1476.0
2025-11-14 13:45:29	1866209	0:19:16	1433.0
2025-11-14 13:45:30	1868058	0:19:20	1426.7
2025-11-14 13:45:31	1869766	0:19:14	1432.6
2025-11-14 13:45:32	1870827	0:19:31	1410.8
2025-11-14 13:45:33	1872231	0:19:46	1391.1
2025-11-14 13:45:34	1874059	0:19:50	1385.4
2025-11-14 13:45:35	1876215	0:19:42	1393.2
2025-11-14 13:45:36	1878226	0:19:34	1400.0
2025-11-14 13:45:37	1880311	0:19:31	1401.8
2025-11-14 13:45:38	1881668	0:19:48	1380.9
2025-11-14 13:45:39	1882057	0:20:25	1338.8
2025-11-14 13:45:40	1883011	0:20:49	1312.8
2025-11-14 13:45:41	1884407	0:21:10	1289.4
2025-11-14 13:45:42	1886325	0:21:15	1282.9
2025-11-14 13:45:43	1888279	0:21:16	1280.8
2025-11-14 13:45:44	1890260	0:21:00	1295.0
2025-11-14 13:45:45	1891889	0:21:18	1276.0
2025-11-14 13:45:46	1893948	0:20:58	1294.2
2025-11-14 13:45:47	1895982	0:20:53	1298.6
2025-11-14 13:45:48	1897776	0:21:03	1286.2
2025-11-14 13:45:49	1899629	0:21:11	1276.8
2025-11-14 13:45:50	1901557	0:21:09	1277.4
2025-11-14 13:45:51	1902891	0:20:40	1305.6
2025-11-14 13:45:52	1904771	0:19:44	1366.6
2025-11-14 13:45:53	1906527	0:18:55	1423.7
2025-11-14 13:45:54	1908305	0:18:11	1478.8
2025-11-14 13:45:55	1910088	0:17:34	1529.6
2025-11-14 13:45:56	1911487	0:17:05	1571.2
2025-11-14 13:45:57	1913483	0:16:26	1632.2
2025-11-14 13:45:58	1915324	0:15:54	1684.0
2025-11-14 13:45:59	1916658	0:16:01	1671.1
2025-11-14 13:46:00	1918096	0:16:05	1662.9
2025-11-14 13:46:01	1919268	0:16:03	1665.3
2025-11-14 13:46:02	1920928	0:16:00	1667.8
2025-11-14 13:46:03	1922241	0:16:05	1658.4
2025-11-14 13:46:04	1923724	0:16:13	1643.4
2025-11-14 13:46:05	1925695	0:16:14	1639.5
2025-11-14 13:46:06	1927642	0:16:15	1635.1
2025-11-14 13:46:07	1929845	0:16:11	1640.6
2025-11-14 13:46:08	1931997	0:15:38	1695.8
2025-11-14 13:46:09	1933427	0:15:21	1725.9
2025-11-14 13:46:10	1935109	0:15:06	1750.9
2025-11-14 13:46:11	1936776	0:15:11	1741.1
2025-11-14 13:46:12	1938592	0:15:14	1733.2
2025-11-14 13:46:13	1940246	0:15:19	1721.6
2025-11-14 13:46:14	1942054	0:15:15	1727.0
2025-11-14 13:46:15	1943634	0:15:18	1719.2
2025-11-14 13:46:16	1945678	0:15:20	1713.0
2025-11-14 13:46:17	1947650	0:15:20	1711.3
2025-11-14 13:46:18	1949486	0:15:17	1715.0
2025-11-14 13:46:19	1951636	0:15:09	1727.3
2025-11-14 13:46:20	1953809	0:15:04	1735.7
2025-11-14 13:46:21	1955891	0:14:53	1753.8
2025-11-14 13:46:22	1957942	0:14:49	1760.3
2025-11-14 13:46:23	1959937	0:14:45	1766.1
2025-11-14 13:46:24	1961472	0:14:46	1761.3
2025-11-14 13:46:25	1963056	0:14:44	1763.1
2025-11-14 13:46:26	1965108	0:14:39	1770.6
2025-11-14 13:46:27	1967585	0:14:25	1797.3
2025-11-14 13:46:28	1969345	0:14:22	1801.4
2025-11-14 13:46:29	1971124	0:14:15	1813.8
2025-11-14 13:46:30	1972659	0:14:09	1824.5
2025-11-14 13:46:31	1974309	0:14:05	1831.5
2025-11-14 13:46:32	1975796	0:14:09	1820.7
2025-11-14 13:46:33	1977359	0:14:02	1835.0
2025-11-14 13:46:34	1979468	0:13:59	1838.3
2025-11-14 13:46:35	1981602	0:13:49	1857.5
2025-11-14 13:46:36	1983654	0:13:55	1842.2
2025-11-14 13:46:37	1985257	0:14:00	1828.9
2025-11-14 13:46:38	1986882	0:14:04	1818.9
2025-11-14 13:46:39	1988809	0:13:54	1839.0
2025-11-14 13:46:40	1990673	0:13:53	1839.5
2025-11-14 13:46:41	1992339	0:13:56	1829.8
2025-11-14 13:46:42	1994126	0:13:48	1844.9
2025-11-14 13:46:43	1995210	0:13:58	1821.6
2025-11-14 13:46:44	1996815	0:13:59	1818.7
2025-11-14 13:46:45	1999005	0:13:58	1817.5
2025-11-14 13:46:46	2001021	0:13:51	1829.9
2025-11-14 13:46:47	2003101	0:13:45	1841.7
2025-11-14 13:46:48	2004956	0:13:46	1835.9
2025-11-14 13:46:49	2006664	0:13:55	1814.5
2025-11-14 13:46:50	2008229	0:14:07	1788.3
2025-11-14 13:46:51	2010379	0:14:03	1792.7
2025-11-14 13:46:52	2011439	0:14:11	1776.1
2025-11-14 13:46:53	2012148	0:14:29	1737.8
2025-11-14 13:46:54	2012847	0:14:50	1696.8
2025-11-14 13:46:55	2014115	0:15:05	1666.8
2025-11-14 13:46:56	2015939	0:15:11	1652.8
2025-11-14 13:46:57	2017703	0:15:12	1649.7
2025-11-14 13:46:58	2019319	0:15:11	1649.7
2025-11-14 13:46:59	2020685	0:15:12	1647.4
2025-11-14 13:47:00	2021554	0:15:28	1616.3
2025-11-14 13:47:01	2022991	0:15:30	1611.5
2025-11-14 13:47:02	2024944	0:15:29	1611.2
2025-11-14 13:47:03	2025967	0:15:35	1600.6
2025-11-14 13:47:04	2027457	0:15:42	1586.7
2025-11-14 13:47:05	2029116	0:15:52	1569.3
2025-11-14 13:47:06	2029479	0:16:26	1514.8
2025-11-14 13:47:07	2030240	0:16:43	1488.4
2025-11-14 13:47:08	2031783	0:16:45	1483.1
2025-11-14 13:47:09	2033686	0:16:36	1493.9
2025-11-14 13:47:10	2035175	0:16:45	1480.0
2025-11-14 13:47:11	2037198	0:16:40	1485.0
2025-11-14 13:47:12	2038951	0:16:30	1498.1
2025-11-14 13:47:13	2040879	0:16:22	1508.5
2025-11-14 13:47:14	2042843	0:16:18	1512.5
2025-11-14 13:47:15	2043698	0:16:43	1474.5
2025-11-14 13:47:16	2044123	0:17:23	1417.7
2025-11-14 13:47:17	2045241	0:17:41	1392.3
2025-11-14 13:47:18	2046953	0:17:37	1395.8
2025-11-14 13:47:19	2048743	0:17:38	1393.3
2025-11-14 13:47:20	2050329	0:17:42	1386.2
2025-11-14 13:47:21	2052648	0:17:32	1397.1
2025-11-14 13:47:22	2054638	0:16:54	1447.3
2025-11-14 13:47:23	2056385	0:16:27	1485.6
2025-11-14 13:47:24	2058125	0:16:11	1508.2
2025-11-14 13:47:25	2059825	0:16:07	1513.0
2025-11-14 13:47:26	2061533	0:16:10	1506.7
2025-11-14 13:47:27	2063557	0:15:58	1522.8
2025-11-14 13:47:28	2065641	0:15:44	1543.0
2025-11-14 13:47:29	2067989	0:15:15	1589.1
2025-11-14 13:47:30	2069945	0:14:59	1615.9
2025-11-14 13:47:31	2071865	0:15:01	1610.2
2025-11-14 13:47:32	2073673	0:14:48	1631.5
2025-11-14 13:47:33	2074657	0:14:52	1623.4
2025-11-14 13:47:34	2076604	0:14:47	1629.4
2025-11-14 13:47:35	2078681	0:14:24	1671.2
2025-11-14 13:47:36	2080585	0:14:02	1713.1
2025-11-14 13:47:37	2082617	0:13:45	1745.6
2025-11-14 13:47:39	2084578	0:13:44	1743.9
2025-11-14 13:47:40	2086343	0:13:42	1746.5
2025-11-14 13:47:41	2088334	0:13:35	1759.1
2025-11-14 13:47:42	2090093	0:13:34	1760.3
2025-11-14 13:47:43	2091062	0:13:49	1726.6
2025-11-14 13:47:44	2092963	0:13:48	1726.8
2025-11-14 13:47:45	2094884	0:13:42	1737.5
2025-11-14 13:47:46	2095965	0:13:31	1758.2
2025-11-14 13:47:47	2097074	0:13:26	1768.3
2025-11-14 13:47:48	2098455	0:13:26	1766.8
2025-11-14 13:47:49	2099905	0:13:33	1749.2
2025-11-14 13:47:50	2100992	0:13:36	1741.2
2025-11-14 13:47:51	2102402	0:13:45	1721.0
2025-11-14 13:47:52	2104095	0:13:53	1701.5
2025-11-14 13:47:53	2106135	0:13:51	1703.3
2025-11-14 13:47:54	2107516	0:13:53	1698.4
2025-11-14 13:47:55	2109562	0:13:52	1698.1
2025-11-14 13:47:56	2111744	0:13:38	1723.6
2025-11-14 13:47:57	2113860	0:13:34	1729.8
2025-11-14 13:47:58	2115850	0:13:33	1729.9
2025-11-14 13:47:59	2118043	0:13:33	1726.2
2025-11-14 13:48:00	2119409	0:13:46	1697.6
2025-11-14 13:48:01	2121122	0:13:44	1701.0
2025-11-14 13:48:02	2122624	0:13:51	1685.2
2025-11-14 13:48:03	2123844	0:13:58	1668.3
2025-11-14 13:48:04	2125860	0:13:46	1690.4
2025-11-14 13:48:05	2128250	0:13:35	1709.5
2025-11-14 13:48:06	2130130	0:13:37	1703.7
2025-11-14 13:48:07	2131910	0:13:36	1704.4
2025-11-14 13:48:08	2133840	0:13:42	1689.0
2025-11-14 13:48:09	2136053	0:13:35	1701.2
2025-11-14 13:48:10	2138142	0:13:30	1707.9
2025-11-14 13:48:11	2140271	0:13:23	1721.1
2025-11-14 13:48:12	2142242	0:13:15	1735.8
2025-11-14 13:48:13	2144181	0:13:05	1755.1
2025-11-14 13:48:14	2145641	0:13:09	1745.6
2025-11-14 13:48:15	2147893	0:12:58	1765.9
2025-11-14 13:48:16	2149542	0:12:47	1788.7
2025-11-14 13:48:17	2151844	0:12:31	1825.4
2025-11-14 13:48:18	2153850	0:12:24	1839.1
2025-11-14 13:48:19	2155660	0:12:12	1865.7
2025-11-14 13:48:20	2157705	0:12:02	1889.8
2025-11-14 13:48:21	2159591	0:12:01	1890.7
2025-11-14 13:48:22	2161639	0:11:52	1909.9
2025-11-14 13:48:23	2163647	0:11:50	1914.1
2025-11-14 13:48:24	2165748	0:11:46	1920.1
2025-11-14 13:48:25	2167364	0:11:50	1908.6
2025-11-14 13:48:26	2168871	0:11:58	1883.9
2025-11-14 13:48:27	2170705	0:12:00	1877.8
2025-11-14 13:48:28	2172574	0:12:01	1870.8
2025-11-14 13:48:29	2174539	0:11:58	1875.9
2025-11-14 13:48:30	2176294	0:11:53	1886.9
2025-11-14 13:48:31	2177973	0:11:54	1883.6
2025-11-14 13:48:32	2179738	0:11:48	1896.6
2025-11-14 13:48:33	2181563	0:11:45	1900.3
2025-11-14 13:48:34	2183651	0:11:45	1898.2
2025-11-14 13:48:35	2185780	0:11:44	1897.9
2025-11-14 13:48:36	2187297	0:11:48	1885.0
2025-11-14 13:48:37	2188840	0:11:51	1876.6
2025-11-14 13:48:38	2190497	0:11:55	1861.8
2025-11-14 13:48:39	2192412	0:11:56	1856.4
2025-11-14 13:48:40	2193959	0:12:01	1842.9
2025-11-14 13:48:41	2195651	0:12:06	1826.5
2025-11-14 13:48:42	2197300	0:12:09	1816.6
2025-11-14 13:48:43	2198654	0:12:19	1790.0
2025-11-14 13:48:44	2200599	0:12:16	1795.7
2025-11-14 13:48:45	2202654	0:12:09	1811.3
2025-11-14 13:48:46	2204602	0:12:10	1805.0
2025-11-14 13:48:47	2205328	0:12:26	1765.6
2025-11-14 13:48:48	2205492	0:12:58	1693.3
2025-11-14 13:48:49	2205697	0:13:25	1636.4
2025-11-14 13:48:50	2205920	0:13:52	1581.9
2025-11-14 13:48:51	2206373	0:14:18	1534.2
2025-11-14 13:48:52	2206484	0:14:58	1465.7
2025-11-14 13:48:53	2206647	0:15:38	1402.5
2025-11-14 13:48:54	2207021	0:16:08	1358.3
2025-11-14 13:48:55	2207190	0:16:44	1310.0
2025-11-14 13:48:56	2207341	0:17:35	1246.1
2025-11-14 13:48:57	2207529	0:18:08	1208.7
2025-11-14 13:48:58	2207687	0:19:06	1147.6
2025-11-14 13:48:59	2207848	0:20:07	1088.8
2025-11-14 13:49:00	2208132	0:20:59	1043.9
2025-11-14 13:49:01	2209012	0:21:31	1017.6
2025-11-14 13:49:02	2210193	0:22:02	992.6
2025-11-14 13:49:03	2211191	0:22:47	959.6
2025-11-14 13:49:04	2212299	0:23:38	923.9
2025-11-14 13:49:05	2213949	0:23:49	915.7
2025-11-14 13:49:06	2215307	0:24:10	901.9
2025-11-14 13:49:07	2217092	0:23:54	910.5
2025-11-14 13:49:08	2219058	0:23:26	926.9
2025-11-14 13:49:09	2221148	0:23:08	937.9
2025-11-14 13:49:10	2222764	0:23:11	934.8
2025-11-14 13:49:11	2224403	0:23:21	926.8
2025-11-14 13:49:12	2226042	0:23:06	935.4
2025-11-14 13:49:13	2227727	0:23:05	935.3
2025-11-14 13:49:14	2229634	0:22:43	948.8
2025-11-14 13:49:15	2231162	0:23:13	926.9
2025-11-14 13:49:16	2232612	0:23:21	921.0
2025-11-14 13:49:17	2234836	0:21:58	977.3
2025-11-14 13:49:18	2236495	0:20:52	1027.1
2025-11-14 13:49:19	2238623	0:19:35	1092.6
2025-11-14 13:49:21	2240823	0:18:27	1158.0
2025-11-14 13:49:22	2242869	0:17:35	1212.4
2025-11-14 13:49:23	2245070	0:16:37	1281.5
2025-11-14 13:49:24	2247240	0:15:46	1348.2
2025-11-14 13:49:25	2249409	0:15:05	1406.1
2025-11-14 13:49:26	2251770	0:14:18	1480.6
2025-11-14 13:49:27	2253918	0:13:39	1548.2
2025-11-14 13:49:28	2256061	0:13:05	1613.9
2025-11-14 13:49:29	2258321	0:12:31	1684.0
2025-11-14 13:49:30	2260005	0:12:08	1733.3
2025-11-14 13:49:31	2261723	0:11:48	1780.8
2025-11-14 13:49:32	2263012	0:11:43	1790.9
2025-11-14 13:49:33	2264095	0:11:34	1814.0
2025-11-14 13:49:34	2265258	0:11:36	1804.8
2025-11-14 13:49:35	2266922	0:11:33	1812.1
2025-11-14 13:49:36	2268515	0:11:28	1821.3
2025-11-14 13:49:37	2270473	0:11:24	1829.3
2025-11-14 13:49:38	2272749	0:11:20	1836.2
2025-11-14 13:49:39	2274707	0:11:19	1836.9
2025-11-14 13:49:40	2276551	0:11:17	1841.2
2025-11-14 13:49:41	2278592	0:11:11	1854.4
2025-11-14 13:49:42	2279509	0:11:20	1827.5
2025-11-14 13:49:43	2280120	0:11:33	1792.3
2025-11-14 13:49:44	2280430	0:11:53	1742.7
2025-11-14 13:49:45	2282003	0:11:53	1738.3
2025-11-14 13:49:46	2283978	0:11:46	1754.0
2025-11-14 13:49:47	2285486	0:11:55	1730.1
2025-11-14 13:49:48	2286495	0:12:01	1714.8
2025-11-14 13:49:49	2287666	0:12:15	1680.3
2025-11-14 13:49:50	2289248	0:12:23	1659.1
2025-11-14 13:49:51	2290854	0:12:29	1643.6
2025-11-14 13:49:52	2292816	0:12:32	1635.7
2025-11-14 13:49:53	2294427	0:12:40	1615.3
2025-11-14 13:49:54	2296398	0:12:41	1610.5
2025-11-14 13:49:55	2298323	0:12:47	1595.8
2025-11-14 13:49:56	2300137	0:12:52	1584.1
2025-11-14 13:49:57	2302221	0:12:52	1581.0
2025-11-14 13:49:58	2304211	0:12:54	1573.9
2025-11-14 13:49:59	2306144	0:12:49	1581.7
2025-11-14 13:50:00	2307540	0:12:53	1571.2
2025-11-14 13:50:01	2308139	0:13:05	1546.9
2025-11-14 13:50:02	2309444	0:13:00	1554.2
2025-11-14 13:50:03	2311259	0:12:48	1576.5
2025-11-14 13:50:04	2313059	0:12:44	1582.4
2025-11-14 13:50:05	2314515	0:12:45	1577.9
2025-11-14 13:50:06	2315693	0:12:58	1550.9
2025-11-14 13:50:07	2317405	0:13:08	1529.6
2025-11-14 13:50:08	2319319	0:13:07	1528.2
2025-11-14 13:50:09	2321044	0:13:08	1523.9
2025-11-14 13:50:10	2322781	0:13:13	1513.4
2025-11-14 13:50:11	2324686	0:12:54	1547.1
2025-11-14 13:50:12	2326532	0:12:33	1588.6
2025-11-14 13:50:13	2328794	0:12:01	1655.7
2025-11-14 13:50:14	2330673	0:11:55	1666.0
2025-11-14 13:50:15	2332508	0:11:56	1660.9
2025-11-14 13:50:16	2334216	0:11:53	1667.4
2025-11-14 13:50:17	2335429	0:11:49	1674.7
2025-11-14 13:50:18	2337016	0:11:42	1689.4
2025-11-14 13:50:19	2338905	0:11:37	1697.3
2025-11-14 13:50:20	2341292	0:11:25	1724.0
2025-11-14 13:50:21	2343447	0:11:21	1730.7
2025-11-14 13:50:22	2345399	0:11:15	1742.7
2025-11-14 13:50:23	2347965	0:11:06	1763.1
2025-11-14 13:50:24	2349867	0:11:05	1761.9
2025-11-14 13:50:25	2351393	0:11:08	1752.5
2025-11-14 13:50:26	2353083	0:11:12	1738.8
2025-11-14 13:50:27	2355059	0:11:12	1738.0
2025-11-14 13:50:28	2356590	0:11:16	1724.4
2025-11-14 13:50:29	2359164	0:10:59	1765.9
2025-11-14 13:50:30	2360704	0:10:46	1798.9
2025-11-14 13:50:31	2362442	0:10:39	1815.1
2025-11-14 13:50:32	2364145	0:10:39	1811.3
2025-11-14 13:50:33	2366322	0:10:34	1824.3
2025-11-14 13:50:34	2368416	0:10:25	1846.1
2025-11-14 13:50:35	2370054	0:10:19	1861.8
2025-11-14 13:50:36	2372033	0:10:15	1870.9
2025-11-14 13:50:37	2374370	0:10:09	1886.1
2025-11-14 13:50:38	2376200	0:10:05	1893.3
2025-11-14 13:50:39	2377657	0:10:08	1881.3
2025-11-14 13:50:40	2379480	0:10:08	1878.8
2025-11-14 13:50:41	2380791	0:10:13	1863.3
2025-11-14 13:50:42	2382735	0:10:15	1852.6
2025-11-14 13:50:43	2384847	0:10:11	1860.2
2025-11-14 13:50:44	2385843	0:10:22	1828.0
2025-11-14 13:50:45	2387660	0:10:19	1831.7
2025-11-14 13:50:46	2389292	0:10:14	1845.7
2025-11-14 13:50:47	2391094	0:10:11	1850.1
2025-11-14 13:50:48	2392962	0:10:11	1849.4
2025-11-14 13:50:49	2394222	0:10:19	1823.5
2025-11-14 13:50:50	2395056	0:10:33	1780.1
2025-11-14 13:50:51	2396427	0:10:44	1748.8
2025-11-14 13:50:52	2398096	0:10:53	1721.5
2025-11-14 13:50:53	2398700	0:11:11	1675.0
2025-11-14 13:50:54	2398844	0:11:32	1623.4
2025-11-14 13:50:55	2398976	0:11:53	1576.3
2025-11-14 13:50:56	2399174	0:12:19	1519.9
2025-11-14 13:50:57	2399473	0:12:46	1466.0
2025-11-14 13:50:58	2400051	0:13:22	1399.9
2025-11-14 13:50:59	2400548	0:13:45	1359.2
2025-11-14 13:51:00	2400744	0:14:19	1305.9
2025-11-14 13:51:01	2401040	0:14:49	1260.9
2025-11-14 13:51:02	2401460	0:15:30	1204.8
2025-11-14 13:51:03	2401641	0:16:25	1138.3
2025-11-14 13:51:04	2401907	0:17:09	1089.4
2025-11-14 13:51:05	2402253	0:18:09	1028.9
2025-11-14 13:51:06	2402869	0:19:08	975.4
2025-11-14 13:51:07	2404120	0:19:32	954.2
2025-11-14 13:51:08	2405332	0:19:40	946.5
2025-11-14 13:51:09	2406459	0:20:16	918.1
2025-11-14 13:51:10	2407317	0:20:30	906.7
2025-11-14 13:51:11	2407954	0:21:37	859.5
2025-11-14 13:51:12	2409415	0:22:10	837.3
2025-11-14 13:51:13	2411161	0:21:32	860.6
2025-11-14 13:51:14	2412647	0:21:40	853.8
2025-11-14 13:51:15	2414584	0:21:27	860.9
2025-11-14 13:51:16	2416258	0:21:34	855.1
2025-11-14 13:51:17	2418125	0:21:28	857.5
2025-11-14 13:51:18	2419773	0:21:08	870.0
2025-11-14 13:51:19	2421812	0:20:05	913.8
2025-11-14 13:51:20	2423780	0:19:33	936.7
2025-11-14 13:51:21	2425392	0:19:36	932.8
2025-11-14 13:51:22	2427106	0:18:54	966.0
2025-11-14 13:51:23	2429011	0:17:44	1027.9
2025-11-14 13:51:24	2430761	0:16:48	1083.0
2025-11-14 13:51:25	2432229	0:16:08	1126.1
2025-11-14 13:51:26	2434164	0:15:21	1181.8
2025-11-14 13:51:27	2435892	0:14:47	1224.5
2025-11-14 13:51:28	2437958	0:14:11	1274.6
2025-11-14 13:51:29	2439829	0:13:32	1332.7
2025-11-14 13:51:30	2441647	0:13:00	1384.8
2025-11-14 13:51:31	2443339	0:12:35	1428.7
2025-11-14 13:51:32	2444910	0:12:09	1477.7
2025-11-14 13:51:33	2446844	0:11:40	1535.7
2025-11-14 13:51:34	2448325	0:11:22	1573.8
2025-11-14 13:51:35	2449769	0:11:07	1607.6
2025-11-14 13:51:36	2451817	0:10:55	1634.2
2025-11-14 13:51:37	2453338	0:10:51	1642.2
2025-11-14 13:51:38	2454769	0:10:45	1654.6
2025-11-14 13:51:40	2456760	0:10:27	1698.4
2025-11-14 13:51:41	2457883	0:10:21	1713.8
2025-11-14 13:51:42	2459426	0:10:19	1717.9
2025-11-14 13:51:43	2460374	0:10:28	1690.2
2025-11-14 13:51:44	2461799	0:10:28	1688.3
2025-11-14 13:51:45	2463515	0:10:26	1690.1
2025-11-14 13:51:46	2464729	0:10:31	1676.5
2025-11-14 13:51:47	2466408	0:10:38	1654.4
2025-11-14 13:51:48	2468304	0:10:30	1673.4
2025-11-14 13:51:49	2470364	0:10:28	1674.3
2025-11-14 13:51:50	2471898	0:10:32	1661.0
2025-11-14 13:51:51	2473811	0:10:29	1666.3
2025-11-14 13:51:52	2475171	0:10:32	1657.4
2025-11-14 13:51:53	2476536	0:10:40	1635.0
2025-11-14 13:51:54	2478037	0:10:42	1626.2
2025-11-14 13:51:55	2480096	0:10:34	1643.7
2025-11-14 13:51:56	2481904	0:10:34	1641.6
2025-11-14 13:51:57	2483854	0:10:28	1653.9
2025-11-14 13:51:58	2485425	0:10:34	1635.2
2025-11-14 13:51:59	2487076	0:10:36	1627.4
2025-11-14 13:52:00	2488872	0:10:38	1620.0
2025-11-14 13:52:01	2490939	0:10:29	1639.3
2025-11-14 13:52:02	2492860	0:10:25	1647.2
2025-11-14 13:52:03	2494974	0:10:21	1653.2
2025-11-14 13:52:04	2497066	0:10:13	1672.2
2025-11-14 13:52:05	2499085	0:10:06	1688.9
2025-11-14 13:52:06	2500648	0:10:08	1679.7
2025-11-14 13:52:07	2502288	0:10:08	1677.8
2025-11-14 13:52:08	2504005	0:10:03	1689.9
2025-11-14 13:52:09	2505506	0:10:06	1678.6
2025-11-14 13:52:10	2506881	0:10:03	1683.7
2025-11-14 13:52:11	2508789	0:09:56	1701.0
2025-11-14 13:52:12	2510842	0:09:45	1729.6
2025-11-14 13:52:13	2512814	0:09:35	1754.1
2025-11-14 13:52:14	2514220	0:09:39	1740.1
2025-11-14 13:52:15	2515959	0:09:32	1758.0
2025-11-14 13:52:16	2517232	0:09:36	1745.4
2025-11-14 13:52:17	2518097	0:09:45	1716.2
2025-11-14 13:52:18	2518341	0:10:07	1653.0
2025-11-14 13:52:19	2518708	0:10:24	1607.5
2025-11-14 13:52:20	2518937	0:10:46	1553.1
2025-11-14 13:52:21	2519317	0:11:03	1513.0
2025-11-14 13:52:22	2520124	0:11:07	1503.4
2025-11-14 13:52:23	2521532	0:11:12	1489.3
2025-11-14 13:52:24	2523058	0:11:13	1484.8
2025-11-14 13:52:25	2524561	0:11:21	1464.2
2025-11-14 13:52:26	2525833	0:11:32	1440.6
2025-11-14 13:52:27	2527460	0:11:31	1439.4
2025-11-14 13:52:28	2529634	0:11:20	1460.5
2025-11-14 13:52:29	2531392	0:11:19	1459.9
2025-11-14 13:52:30	2533348	0:11:20	1453.9
2025-11-14 13:52:31	2534304	0:11:35	1422.6
2025-11-14 13:52:32	2535981	0:11:39	1410.9
2025-11-14 13:52:33	2537615	0:11:48	1391.9
2025-11-14 13:52:34	2539516	0:11:51	1381.8
2025-11-14 13:52:35	2541627	0:11:44	1393.3
2025-11-14 13:52:36	2543074	0:11:46	1387.5
2025-11-14 13:52:37	2544951	0:11:39	1398.9
2025-11-14 13:52:38	2547031	0:11:30	1414.0
2025-11-14 13:52:39	2549291	0:11:14	1443.8
2025-11-14 13:52:40	2550915	0:11:17	1435.2
2025-11-14 13:52:41	2552821	0:11:17	1433.2
2025-11-14 13:52:42	2554084	0:11:23	1418.3
2025-11-14 13:52:43	2555603	0:11:24	1413.1
2025-11-14 13:52:44	2557951	0:11:13	1433.8
2025-11-14 13:52:45	2560050	0:11:00	1458.1
2025-11-14 13:52:46	2561870	0:10:46	1486.6
2025-11-14 13:52:47	2563485	0:10:25	1534.7
2025-11-14 13:52:48	2565669	0:09:59	1596.3
2025-11-14 13:52:49	2567155	0:09:42	1641.9
2025-11-14 13:52:50	2568904	0:09:24	1689.0
2025-11-14 13:52:51	2570532	0:09:14	1717.4
2025-11-14 13:52:52	2572211	0:09:10	1727.8
2025-11-14 13:52:53	2574337	0:09:02	1750.1
2025-11-14 13:52:54	2576308	0:08:55	1767.2
2025-11-14 13:52:55	2578085	0:08:51	1778.4
2025-11-14 13:52:56	2580028	0:08:45	1794.5
2025-11-14 13:52:57	2581344	0:08:53	1764.3
2025-11-14 13:52:58	2582705	0:08:58	1746.4
2025-11-14 13:52:59	2583244	0:09:11	1705.1
2025-11-14 13:53:00	2583575	0:09:19	1679.2
2025-11-14 13:53:01	2583804	0:09:36	1629.7
2025-11-14 13:53:02	2584122	0:09:51	1588.8
2025-11-14 13:53:03	2584715	0:10:10	1537.4
2025-11-14 13:53:04	2586281	0:10:13	1527.4
2025-11-14 13:53:05	2587932	0:10:08	1537.1
2025-11-14 13:53:06	2589570	0:10:10	1528.2
2025-11-14 13:53:07	2591133	0:10:13	1519.0
2025-11-14 13:53:08	2593445	0:10:11	1520.4
2025-11-14 13:53:09	2595072	0:10:16	1506.5
2025-11-14 13:53:10	2596947	0:10:09	1520.7
2025-11-14 13:53:11	2598464	0:10:08	1519.4
2025-11-14 13:53:12	2600096	0:10:05	1524.4
2025-11-14 13:53:13	2601432	0:10:12	1504.1
2025-11-14 13:53:14	2602727	0:10:29	1462.4
2025-11-14 13:53:15	2604079	0:10:32	1452.2
2025-11-14 13:53:16	2605487	0:10:36	1441.2
2025-11-14 13:53:17	2607292	0:10:38	1435.2
2025-11-14 13:53:18	2608666	0:10:42	1423.8
2025-11-14 13:53:19	2609879	0:10:48	1408.6
2025-11-14 13:53:20	2611328	0:10:53	1394.6
2025-11-14 13:53:21	2612438	0:10:57	1385.9
2025-11-14 13:53:22	2614464	0:10:51	1394.5
2025-11-14 13:53:23	2616309	0:10:58	1377.9
2025-11-14 13:53:24	2617671	0:11:05	1359.7
2025-11-14 13:53:25	2619439	0:11:06	1355.1
2025-11-14 13:53:26	2621476	0:10:56	1373.0
2025-11-14 13:53:27	2622889	0:10:54	1374.8
2025-11-14 13:53:28	2624646	0:10:37	1409.9
2025-11-14 13:53:29	2626676	0:10:10	1468.6
2025-11-14 13:53:30	2628526	0:09:48	1521.1
2025-11-14 13:53:31	2629806	0:09:34	1554.3
2025-11-14 13:53:32	2631472	0:09:18	1595.5
2025-11-14 13:53:33	2633196	0:09:10	1616.4
2025-11-14 13:53:34	2635154	0:09:10	1612.4
2025-11-14 13:53:35	2636854	0:09:02	1633.3
2025-11-14 13:53:36	2638110	0:09:10	1607.2
2025-11-14 13:53:37	2638484	0:09:30	1550.5
2025-11-14 13:53:38	2638714	0:09:51	1493.9
2025-11-14 13:53:39	2638894	0:10:10	1448.6
2025-11-14 13:53:40	2639199	0:10:26	1410.1
2025-11-14 13:53:41	2639523	0:10:55	1347.5
2025-11-14 13:53:42	2639774	0:11:11	1315.7
2025-11-14 13:53:43	2640406	0:11:24	1290.1
2025-11-14 13:53:44	2642001	0:11:23	1288.4
2025-11-14 13:53:45	2643982	0:11:02	1327.0
2025-11-14 13:53:46	2644998	0:11:20	1289.9
2025-11-14 13:53:47	2645880	0:11:27	1276.0
2025-11-14 13:53:48	2647404	0:11:18	1290.6
2025-11-14 13:53:49	2648708	0:11:21	1283.1
2025-11-14 13:53:50	2650406	0:11:17	1288.5
2025-11-14 13:53:51	2651653	0:11:17	1286.9
2025-11-14 13:53:52	2652644	0:11:31	1258.9
2025-11-14 13:53:53	2654305	0:11:31	1256.0
2025-11-14 13:53:54	2655865	0:11:30	1256.3
2025-11-14 13:53:55	2657371	0:11:39	1238.4
2025-11-14 13:53:56	2658736	0:11:41	1233.0
2025-11-14 13:53:57	2660542	0:11:35	1239.6
2025-11-14 13:53:58	2661391	0:11:59	1197.3
2025-11-14 13:53:59	2663221	0:11:56	1199.8
2025-11-14 13:54:00	2664535	0:12:06	1182.0
2025-11-14 13:54:02	2665143	0:12:20	1158.8
2025-11-14 13:54:03	2665308	0:12:58	1101.3
2025-11-14 13:54:04	2665941	0:13:29	1059.1
2025-11-14 13:54:05	2666219	0:14:07	1011.3
2025-11-14 13:54:06	2667815	0:14:06	1010.7
2025-11-14 13:54:07	2669836	0:13:23	1062.5
2025-11-14 13:54:08	2670908	0:13:02	1088.6
2025-11-14 13:54:09	2672646	0:12:24	1142.7
2025-11-14 13:54:10	2673483	0:12:11	1161.5
2025-11-14 13:54:11	2674856	0:11:48	1197.8
2025-11-14 13:54:12	2676991	0:11:10	1261.7
2025-11-14 13:54:13	2678847	0:10:45	1307.8
2025-11-14 13:54:14	2680110	0:10:45	1306.9
2025-11-14 13:54:15	2681019	0:11:00	1274.3
2025-11-14 13:54:16	2682831	0:10:55	1282.3
2025-11-14 13:54:17	2683877	0:10:51	1289.1
2025-11-14 13:54:18	2685762	0:10:37	1312.5
2025-11-14 13:54:19	2687653	0:10:32	1321.3
2025-11-14 13:54:20	2689628	0:10:26	1331.1
2025-11-14 13:54:21	2691416	0:10:16	1350.0
2025-11-14 13:54:22	2693273	0:09:58	1385.9
2025-11-14 13:54:23	2695361	0:09:46	1411.1
2025-11-14 13:54:24	2697332	0:09:40	1421.4
2025-11-14 13:54:25	2698669	0:09:46	1405.1
2025-11-14 13:54:26	2700765	0:09:34	1432.2
2025-11-14 13:54:27	2702516	0:09:34	1428.5
2025-11-14 13:54:28	2704495	0:09:19	1463.6
2025-11-14 13:54:29	2705895	0:09:14	1472.6
2025-11-14 13:54:30	2707661	0:09:15	1467.0
2025-11-14 13:54:31	2709371	0:09:03	1497.3
2025-11-14 13:54:32	2710909	0:08:45	1546.7
2025-11-14 13:54:33	2712657	0:08:29	1589.8
2025-11-14 13:54:34	2714800	0:08:10	1648.1
2025-11-14 13:54:35	2716713	0:07:59	1683.2
2025-11-14 13:54:36	2718817	0:07:57	1685.0
2025-11-14 13:54:37	2720767	0:07:53	1695.4
2025-11-14 13:54:38	2722854	0:07:46	1715.6
2025-11-14 13:54:39	2724551	0:07:37	1745.6
2025-11-14 13:54:40	2725954	0:07:39	1735.1
2025-11-14 13:54:41	2727164	0:07:39	1730.9
2025-11-14 13:54:42	2728054	0:07:51	1687.5
2025-11-14 13:54:43	2729380	0:07:52	1679.1
2025-11-14 13:54:44	2730794	0:07:48	1689.7
2025-11-14 13:54:45	2732717	0:07:40	1717.9
2025-11-14 13:54:46	2734268	0:07:36	1729.6
2025-11-14 13:54:47	2736267	0:07:33	1736.0
2025-11-14 13:54:48	2738231	0:07:33	1732.1
2025-11-14 13:54:49	2740345	0:07:30	1737.8
2025-11-14 13:54:50	2742216	0:07:29	1739.1
2025-11-14 13:54:51	2743726	0:07:30	1728.4
2025-11-14 13:54:52	2745418	0:07:32	1717.6
2025-11-14 13:54:53	2747985	0:07:26	1734.6
2025-11-14 13:54:54	2749889	0:07:23	1743.7
2025-11-14 13:54:55	2752344	0:07:15	1769.2
2025-11-14 13:54:56	2754511	0:07:13	1774.9
2025-11-14 13:54:57	2755828	0:07:18	1750.8
2025-11-14 13:54:58	2757304	0:07:16	1755.4
2025-11-14 13:54:59	2758232	0:07:23	1725.3
2025-11-14 13:55:00	2759790	0:07:20	1734.0
2025-11-14 13:55:01	2761203	0:07:23	1718.7
2025-11-14 13:55:02	2762526	0:07:26	1702.5
2025-11-14 13:55:03	2763972	0:07:31	1682.5
2025-11-14 13:55:04	2766000	0:07:29	1683.8
2025-11-14 13:55:05	2768024	0:07:29	1681.3
2025-11-14 13:55:06	2769929	0:07:27	1684.4
2025-11-14 13:55:07	2770757	0:07:38	1641.3
2025-11-14 13:55:08	2771854	0:07:43	1621.3
2025-11-14 13:55:09	2773248	0:07:45	1612.0
2025-11-14 13:55:10	2775041	0:07:39	1629.5
2025-11-14 13:55:11	2776564	0:07:32	1650.4
2025-11-14 13:55:12	2778316	0:07:24	1677.4
2025-11-14 13:55:13	2779494	0:07:27	1663.3
2025-11-14 13:55:14	2780480	0:07:32	1640.5
2025-11-14 13:55:15	2781995	0:07:31	1640.0
2025-11-14 13:55:16	2783351	0:07:38	1612.6
2025-11-14 13:55:17	2785183	0:07:36	1614.8
2025-11-14 13:55:18	2787336	0:07:35	1617.1
2025-11-14 13:55:19	2789401	0:07:29	1630.7
2025-11-14 13:55:20	2791069	0:07:27	1635.9
2025-11-14 13:55:21	2792567	0:07:31	1617.2
2025-11-14 13:55:22	2794176	0:07:34	1604.1
2025-11-14 13:55:23	2795641	0:07:43	1568.6
2025-11-14 13:55:24	2797492	0:07:43	1566.8
2025-11-14 13:55:25	2799657	0:07:44	1557.5
2025-11-14 13:55:26	2801729	0:07:43	1556.4
2025-11-14 13:55:27	2803768	0:07:31	1594.9
2025-11-14 13:55:28	2805793	0:07:23	1617.1
2025-11-14 13:55:29	2808182	0:07:11	1655.0
2025-11-14 13:55:30	2810042	0:07:07	1667.4
2025-11-14 13:55:31	2811456	0:07:06	1669.6
2025-11-14 13:55:32	2812784	0:07:03	1679.0
2025-11-14 13:55:33	2814913	0:07:03	1673.5
2025-11-14 13:55:34	2816379	0:07:05	1660.2
2025-11-14 13:55:35	2818088	0:07:06	1651.6
2025-11-14 13:55:36	2819699	0:07:02	1665.1
2025-11-14 13:55:37	2821379	0:06:56	1684.2
2025-11-14 13:55:38	2823395	0:06:47	1716.1
2025-11-14 13:55:39	2825285	0:06:45	1722.5
2025-11-14 13:55:40	2826995	0:06:43	1726.0
2025-11-14 13:55:41	2828918	0:06:42	1725.3
2025-11-14 13:55:42	2831235	0:06:34	1752.6
2025-11-14 13:55:43	2833463	0:06:22	1804.2
2025-11-14 13:55:44	2835174	0:06:17	1821.9
2025-11-14 13:55:45	2836818	0:06:17	1815.9
2025-11-14 13:55:46	2838887	0:06:11	1842.0
2025-11-14 13:55:47	2841093	0:06:09	1843.6
2025-11-14 13:55:48	2842734	0:06:12	1827.3
2025-11-14 13:55:49	2844726	0:06:08	1843.2
2025-11-14 13:55:50	2846897	0:06:04	1855.5
2025-11-14 13:55:51	2848544	0:06:04	1850.0
2025-11-14 13:55:52	2849520	0:06:07	1833.7
2025-11-14 13:55:53	2849818	0:06:16	1790.4
2025-11-14 13:55:54	2850003	0:06:29	1730.2
2025-11-14 13:55:55	2850171	0:06:44	1663.9
2025-11-14 13:55:56	2850402	0:06:59	1603.6
2025-11-14 13:55:57	2850523	0:07:17	1538.9
2025-11-14 13:55:58	2850658	0:07:37	1470.0
2025-11-14 13:55:59	2850879	0:07:57	1408.2
2025-11-14 13:56:00	2851074	0:08:17	1351.2
2025-11-14 13:56:01	2851238	0:08:29	1318.4
2025-11-14 13:56:02	2851683	0:08:48	1271.7
2025-11-14 13:56:03	2852307	0:09:00	1240.1
2025-11-14 13:56:04	2853548	0:09:07	1223.3
2025-11-14 13:56:05	2854862	0:09:16	1200.7
2025-11-14 13:56:06	2856249	0:09:15	1200.5
2025-11-14 13:56:07	2857561	0:09:23	1180.4
2025-11-14 13:56:08	2859307	0:09:23	1177.2
2025-11-14 13:56:09	2861152	0:09:19	1183.6
2025-11-14 13:56:10	2863108	0:09:17	1184.0
2025-11-14 13:56:11	2864389	0:09:25	1164.2
2025-11-14 13:56:12	2866047	0:09:35	1142.1
2025-11-14 13:56:14	2867427	0:09:45	1119.2
2025-11-14 13:56:15	2868940	0:09:49	1110.4
2025-11-14 13:56:16	2870735	0:09:49	1106.9
2025-11-14 13:56:17	2872232	0:09:59	1085.6
2025-11-14 13:56:18	2873661	0:10:10	1063.8
2025-11-14 13:56:19	2875702	0:10:05	1069.9
2025-11-14 13:56:20	2877516	0:10:07	1062.9
2025-11-14 13:56:21	2878706	0:10:22	1034.4
2025-11-14 13:56:22	2880287	0:10:15	1044.1
2025-11-14 13:56:23	2882113	0:09:53	1080.7
2025-11-14 13:56:24	2884371	0:09:15	1149.5
2025-11-14 13:56:25	2886281	0:08:47	1207.3
2025-11-14 13:56:26	2888207	0:08:22	1264.7
2025-11-14 13:56:27	2890404	0:07:54	1333.8
2025-11-14 13:56:28	2892620	0:07:28	1405.2
2025-11-14 13:56:29	2894552	0:07:08	1468.2
2025-11-14 13:56:30	2896516	0:06:50	1526.8
2025-11-14 13:56:31	2898463	0:06:33	1585.5
2025-11-14 13:56:32	2900635	0:06:17	1649.8
2025-11-14 13:56:33	2902796	0:06:03	1706.9
2025-11-14 13:56:34	2904686	0:05:55	1740.3
2025-11-14 13:56:35	2906178	0:05:54	1739.1
2025-11-14 13:56:36	2907886	0:05:50	1754.1
2025-11-14 13:56:37	2909382	0:05:47	1767.6
2025-11-14 13:56:38	2911099	0:05:46	1766.8
2025-11-14 13:56:39	2912369	0:05:49	1747.7
2025-11-14 13:56:40	2914128	0:05:48	1746.6
2025-11-14 13:56:41	2915789	0:05:48	1744.7
2025-11-14 13:56:42	2917274	0:05:46	1748.8
2025-11-14 13:56:43	2918650	0:05:45	1748.3
2025-11-14 13:56:44	2919794	0:05:49	1727.8
2025-11-14 13:56:45	2921714	0:05:43	1751.6
2025-11-14 13:56:46	2923818	0:05:41	1757.2
2025-11-14 13:56:47	2925874	0:05:34	1787.0
2025-11-14 13:56:48	2927871	0:05:33	1783.0
2025-11-14 13:56:49	2929761	0:05:32	1784.3
2025-11-14 13:56:50	2931580	0:05:28	1798.5
2025-11-14 13:56:51	2933779	0:05:22	1825.0
2025-11-14 13:56:52	2935819	0:05:19	1835.5
2025-11-14 13:56:53	2937835	0:05:17	1842.0
2025-11-14 13:56:54	2939937	0:05:16	1843.7
2025-11-14 13:56:55	2941534	0:05:18	1827.4
2025-11-14 13:56:56	2943441	0:05:18	1820.7
2025-11-14 13:56:57	2945146	0:05:19	1808.0
2025-11-14 13:56:58	2947103	0:05:18	1807.5
2025-11-14 13:56:59	2948990	0:05:18	1801.6
2025-11-14 13:57:00	2951030	0:05:17	1802.5
2025-11-14 13:57:01	2953026	0:05:17	1794.1
2025-11-14 13:57:02	2955167	0:05:15	1799.2
2025-11-14 13:57:03	2957245	0:05:14	1798.9
2025-11-14 13:57:04	2959109	0:05:13	1801.4
2025-11-14 13:57:05	2961391	0:05:07	1824.4
2025-11-14 13:57:06	2963457	0:05:04	1839.5
2025-11-14 13:57:07	2965388	0:05:00	1855.9
2025-11-14 13:57:08	2967475	0:04:56	1871.6
2025-11-14 13:57:09	2969162	0:04:55	1872.2
2025-11-14 13:57:10	2970672	0:04:54	1877.0
2025-11-14 13:57:11	2972394	0:04:53	1874.8
2025-11-14 13:57:12	2973872	0:04:53	1874.1
2025-11-14 13:57:13	2975382	0:04:51	1881.9
2025-11-14 13:57:14	2976785	0:04:50	1878.7
2025-11-14 13:57:15	2978828	0:04:47	1890.9
2025-11-14 13:57:16	2980892	0:04:47	1887.5
2025-11-14 13:57:17	2982892	0:04:45	1890.2
2025-11-14 13:57:18	2984581	0:04:46	1877.2
2025-11-14 13:57:19	2986658	0:04:46	1874.3
2025-11-14 13:57:20	2988186	0:04:47	1863.1
2025-11-14 13:57:21	2989760	0:04:47	1857.1
2025-11-14 13:57:22	2991206	0:04:50	1831.3
2025-11-14 13:57:23	2992439	0:04:52	1813.5
2025-11-14 13:57:24	2993822	0:04:55	1789.8
2025-11-14 13:57:25	2995838	0:04:53	1798.9
2025-11-14 13:57:26	2997306	0:04:55	1782.1
2025-11-14 13:57:27	2998782	0:04:55	1772.1
2025-11-14 13:57:28	2999469	0:05:00	1740.5
2025-11-14 13:57:29	3000195	0:05:08	1697.1
2025-11-14 13:57:30	3001696	0:05:10	1680.9
2025-11-14 13:57:31	3003514	0:05:10	1673.5
2025-11-14 13:57:32	3005558	0:05:09	1673.7
2025-11-14 13:57:33	3007502	0:05:08	1671.6
2025-11-14 13:57:34	3008451	0:05:16	1626.3
2025-11-14 13:57:35	3010592	0:05:13	1635.2
2025-11-14 13:57:36	3012682	0:05:11	1640.5
2025-11-14 13:57:37	3014727	0:05:10	1639.8
2025-11-14 13:57:38	3016396	0:05:11	1627.0
2025-11-14 13:57:39	3018642	0:05:07	1638.3
2025-11-14 13:57:40	3020740	0:05:02	1660.3
2025-11-14 13:57:41	3022865	0:04:58	1676.6
2025-11-14 13:57:42	3024749	0:04:54	1692.9
2025-11-14 13:57:43	3026830	0:04:49	1711.6
2025-11-14 13:57:44	3028911	0:04:46	1726.3
2025-11-14 13:57:45	3030688	0:04:44	1728.2
2025-11-14 13:57:46	3032583	0:04:44	1722.9
2025-11-14 13:57:47	3034297	0:04:45	1709.8
2025-11-14 13:57:48	3036219	0:04:44	1714.5
2025-11-14 13:57:49	3038342	0:04:42	1714.7
2025-11-14 13:57:50	3040333	0:04:38	1736.1
2025-11-14 13:57:51	3042520	0:04:34	1753.6
2025-11-14 13:57:52	3044639	0:04:29	1776.7
2025-11-14 13:57:53	3046484	0:04:24	1799.9
2025-11-14 13:57:54	3048554	0:04:21	1817.0
2025-11-14 13:57:55	3050638	0:04:19	1823.1
2025-11-14 13:57:56	3053002	0:04:13	1851.4
2025-11-14 13:57:57	3054993	0:04:09	1874.7
2025-11-14 13:57:58	3056656	0:04:04	1905.0
2025-11-14 13:57:59	3057956	0:04:02	1916.9
2025-11-14 13:58:00	3060143	0:03:58	1937.8
2025-11-14 13:58:01	3062224	0:03:55	1953.2
2025-11-14 13:58:02	3064169	0:03:55	1951.4
2025-11-14 13:58:03	3066342	0:03:52	1962.8
2025-11-14 13:58:04	3068036	0:03:51	1969.8
2025-11-14 13:58:05	3069405	0:03:51	1959.9
2025-11-14 13:58:06	3070729	0:03:54	1932.0
2025-11-14 13:58:07	3071112	0:04:00	1878.3
2025-11-14 13:58:08	3071781	0:04:05	1839.9
2025-11-14 13:58:09	3072713	0:04:10	1801.5
2025-11-14 13:58:10	3074015	0:04:13	1773.9
2025-11-14 13:58:11	3075352	0:04:17	1742.0
2025-11-14 13:58:12	3076556	0:04:19	1722.9
2025-11-14 13:58:13	3078582	0:04:17	1723.9
2025-11-14 13:58:14	3080079	0:04:20	1702.6
2025-11-14 13:58:15	3082074	0:04:19	1699.2
2025-11-14 13:58:16	3083413	0:04:20	1689.0
2025-11-14 13:58:17	3084397	0:04:23	1666.7
2025-11-14 13:58:18	3084822	0:04:30	1618.3
2025-11-14 13:58:19	3085014	0:04:42	1550.5
2025-11-14 13:58:20	3086132	0:04:49	1508.7
2025-11-14 13:58:21	3088264	0:04:46	1515.3
2025-11-14 13:58:22	3089311	0:04:52	1482.3
2025-11-14 13:58:23	3090915	0:04:53	1470.4
2025-11-14 13:58:24	3092683	0:04:55	1457.3
2025-11-14 13:58:25	3094712	0:04:54	1454.4
2025-11-14 13:58:26	3096846	0:04:53	1453.3
2025-11-14 13:58:27	3098623	0:04:52	1449.7
2025-11-14 13:58:28	3099679	0:04:56	1429.5
2025-11-14 13:58:29	3101310	0:04:55	1429.1
2025-11-14 13:58:30	3102769	0:04:57	1413.9
2025-11-14 13:58:31	3104785	0:04:56	1410.0
2025-11-14 13:58:32	3106992	0:04:53	1416.5
2025-11-14 13:58:33	3109207	0:04:53	1412.2
2025-11-14 13:58:34	3111090	0:04:48	1428.3
2025-11-14 13:58:35	3113088	0:04:43	1444.1
2025-11-14 13:58:36	3114773	0:04:38	1463.9
2025-11-14 13:58:37	3116735	0:04:27	1517.3
2025-11-14 13:58:38	3118154	0:04:22	1540.2
2025-11-14 13:58:39	3120172	0:04:15	1575.5
2025-11-14 13:58:40	3122235	0:04:10	1599.5
2025-11-14 13:58:41	3124368	0:04:05	1625.2
2025-11-14 13:58:42	3125578	0:04:05	1621.9
2025-11-14 13:58:43	3126934	0:04:06	1606.4
2025-11-14 13:58:44	3127892	0:04:09	1585.5
2025-11-14 13:58:45	3129046	0:04:12	1557.9
2025-11-14 13:58:46	3130776	0:04:09	1573.6
2025-11-14 13:58:47	3132522	0:04:03	1600.9
2025-11-14 13:58:48	3134457	0:03:55	1653.0
2025-11-14 13:58:49	3136312	0:03:46	1707.7
2025-11-14 13:58:50	3138345	0:03:41	1735.8
2025-11-14 13:58:51	3139896	0:03:43	1715.3
2025-11-14 13:58:52	3141780	0:03:38	1747.1
2025-11-14 13:58:53	3143912	0:03:34	1764.0
2025-11-14 13:58:55	3145729	0:03:37	1736.4
2025-11-14 13:58:56	3147776	0:03:36	1732.8
2025-11-14 13:58:57	3149725	0:03:34	1739.0
2025-11-14 13:58:58	3151859	0:03:29	1775.3
2025-11-14 13:58:59	3153765	0:03:26	1786.4
2025-11-14 13:59:00	3155755	0:03:23	1803.1
2025-11-14 13:59:01	3157837	0:03:22	1808.1
2025-11-14 13:59:02	3159822	0:03:22	1798.5
2025-11-14 13:59:03	3161277	0:03:24	1771.1
2025-11-14 13:59:04	3163264	0:03:22	1777.2
2025-11-14 13:59:05	3165215	0:03:21	1778.4
2025-11-14 13:59:06	3167134	0:03:19	1782.0
2025-11-14 13:59:07	3169278	0:03:17	1792.4
2025-11-14 13:59:08	3171133	0:03:14	1805.4
2025-11-14 13:59:09	3172402	0:03:17	1777.3
2025-11-14 13:59:10	3174253	0:03:17	1769.9
2025-11-14 13:59:11	3175793	0:03:18	1746.8
2025-11-14 13:59:12	3178042	0:03:13	1786.4
2025-11-14 13:59:13	3180224	0:03:08	1816.0
2025-11-14 13:59:14	3182214	0:03:04	1844.2
2025-11-14 13:59:15	3184006	0:03:01	1868.5
2025-11-14 13:59:16	3185003	0:03:03	1840.6
2025-11-14 13:59:17	3186687	0:03:02	1846.3
2025-11-14 13:59:18	3187989	0:03:04	1820.5
2025-11-14 13:59:19	3189509	0:03:04	1808.8
2025-11-14 13:59:20	3191779	0:03:02	1818.4
2025-11-14 13:59:21	3193291	0:03:02	1812.1
2025-11-14 13:59:22	3194548	0:03:03	1792.4
2025-11-14 13:59:23	3196388	0:03:03	1782.3
2025-11-14 13:59:24	3197903	0:03:01	1793.5
2025-11-14 13:59:25	3199920	0:03:00	1793.1
2025-11-14 13:59:26	3201920	0:02:58	1794.8
2025-11-14 13:59:27	3204044	0:02:57	1794.6
2025-11-14 13:59:28	3205779	0:02:57	1788.9
2025-11-14 13:59:29	3207303	0:02:58	1772.0
2025-11-14 13:59:30	3209303	0:02:57	1768.4
2025-11-14 13:59:31	3211338	0:02:56	1771.2
2025-11-14 13:59:32	3213205	0:02:53	1783.6
2025-11-14 13:59:33	3214814	0:02:54	1770.9
2025-11-14 13:59:34	3216659	0:02:53	1767.1
2025-11-14 13:59:35	3218427	0:02:52	1762.3
2025-11-14 13:59:36	3220264	0:02:52	1751.7
2025-11-14 13:59:37	3221942	0:02:52	1745.3
2025-11-14 13:59:38	3223921	0:02:49	1768.3
2025-11-14 13:59:39	3225670	0:02:48	1766.3
2025-11-14 13:59:40	3226791	0:02:49	1752.1
2025-11-14 13:59:41	3228109	0:02:51	1720.0
2025-11-14 13:59:42	3229799	0:02:52	1700.3
2025-11-14 13:59:43	3231675	0:02:51	1695.5
2025-11-14 13:59:44	3233308	0:02:51	1690.1
2025-11-14 13:59:45	3234994	0:02:48	1714.0
2025-11-14 13:59:46	3237050	0:02:45	1726.7
2025-11-14 13:59:47	3239216	0:02:41	1756.5
2025-11-14 13:59:48	3241123	0:02:39	1769.6
2025-11-14 13:59:49	3243402	0:02:38	1770.0
2025-11-14 13:59:50	3245438	0:02:35	1788.0
2025-11-14 13:59:51	3247837	0:02:30	1827.1
2025-11-14 13:59:52	3249651	0:02:29	1825.9
2025-11-14 13:59:53	3251380	0:02:28	1833.1
2025-11-14 13:59:54	3253594	0:02:26	1839.7
2025-11-14 13:59:55	3255175	0:02:26	1824.4
2025-11-14 13:59:56	3256771	0:02:27	1807.0
2025-11-14 13:59:57	3258558	0:02:26	1807.6
2025-11-14 13:59:58	3259985	0:02:25	1804.4
2025-11-14 13:59:59	3261444	0:02:26	1787.0
2025-11-14 14:00:00	3263458	0:02:25	1785.7
2025-11-14 14:00:01	3265553	0:02:23	1793.2
2025-11-14 14:00:02	3267009	0:02:23	1789.2
2025-11-14 14:00:03	3269140	0:02:20	1803.9
2025-11-14 14:00:04	3271075	0:02:19	1803.3
2025-11-14 14:00:05	3273307	0:02:17	1820.2
2025-11-14 14:00:06	3275166	0:02:15	1824.1
2025-11-14 14:00:07	3277183	0:02:14	1829.5
2025-11-14 14:00:08	3278993	0:02:13	1828.9
2025-11-14 14:00:09	3280965	0:02:10	1858.2
2025-11-14 14:00:10	3283008	0:02:07	1883.3
2025-11-14 14:00:11	3284785	0:02:06	1888.9
2025-11-14 14:00:12	3286655	0:02:05	1889.6
2025-11-14 14:00:13	3288751	0:02:02	1905.6
2025-11-14 14:00:14	3290850	0:02:00	1919.9
2025-11-14 14:00:15	3292592	0:02:00	1908.6
2025-11-14 14:00:16	3293708	0:02:02	1872.5
2025-11-14 14:00:17	3295404	0:02:02	1865.0
2025-11-14 14:00:18	3297011	0:02:02	1842.1
2025-11-14 14:00:19	3298072	0:02:04	1807.8
2025-11-14 14:00:20	3299005	0:02:07	1757.4
2025-11-14 14:00:21	3300424	0:02:07	1743.6
2025-11-14 14:00:22	3301342	0:02:09	1716.2
2025-11-14 14:00:23	3302977	0:02:09	1697.0
2025-11-14 14:00:24	3304725	0:02:08	1702.0
2025-11-14 14:00:25	3305580	0:02:09	1677.5
2025-11-14 14:00:26	3306130	0:02:12	1635.2
2025-11-14 14:00:27	3306839	0:02:14	1611.5
2025-11-14 14:00:28	3308280	0:02:13	1610.9
2025-11-14 14:00:29	3309781	0:02:13	1592.2
2025-11-14 14:00:30	3311299	0:02:14	1572.8
2025-11-14 14:00:31	3312219	0:02:15	1554.4
2025-11-14 14:00:32	3312517	0:02:21	1491.6
2025-11-14 14:00:33	3312835	0:02:26	1434.8
2025-11-14 14:00:34	3313212	0:02:33	1370.4
2025-11-14 14:00:35	3313652	0:02:38	1321.4
2025-11-14 14:00:36	3314511	0:02:42	1282.7
2025-11-14 14:00:37	3316408	0:02:40	1284.6
2025-11-14 14:00:38	3317716	0:02:42	1261.2
2025-11-14 14:00:39	3319196	0:02:44	1242.4
2025-11-14 14:00:40	3321421	0:02:40	1258.6
2025-11-14 14:00:41	3322835	0:02:41	1242.0
2025-11-14 14:00:42	3324867	0:02:39	1240.5
2025-11-14 14:00:43	3326650	0:02:39	1229.2
2025-11-14 14:00:44	3328305	0:02:39	1224.9
2025-11-14 14:00:45	3329624	0:02:37	1232.0
2025-11-14 14:00:46	3331142	0:02:36	1228.4
2025-11-14 14:00:47	3332318	0:02:37	1210.1
2025-11-14 14:00:48	3333697	0:02:35	1220.6
2025-11-14 14:00:49	3335284	0:02:30	1244.6
2025-11-14 14:00:50	3336492	0:02:30	1240.1
2025-11-14 14:00:51	3337759	0:02:28	1247.6
2025-11-14 14:00:52	3339067	0:02:28	1237.9
2025-11-14 14:00:53	3340418	0:02:29	1225.5
2025-11-14 14:00:54	3341796	0:02:26	1240.8
2025-11-14 14:00:55	3343265	0:02:21	1272.3
2025-11-14 14:00:56	3344906	0:02:16	1304.4
2025-11-14 14:00:57	3346295	0:02:15	1303.1
2025-11-14 14:00:58	3347710	0:02:14	1300.3
2025-11-14 14:00:59	3349555	0:02:12	1311.1
2025-11-14 14:01:00	3350732	0:02:10	1319.8
2025-11-14 14:01:01	3352418	0:02:04	1367.2
2025-11-14 14:01:02	3353959	0:01:59	1410.7
2025-11-14 14:01:03	3355626	0:01:55	1455.7
2025-11-14 14:01:04	3357140	0:01:51	1492.4
2025-11-14 14:01:05	3358845	0:01:47	1521.4
2025-11-14 14:01:06	3360209	0:01:48	1503.2
2025-11-14 14:01:07	3361958	0:01:46	1518.6
2025-11-14 14:01:08	3364134	0:01:43	1542.5
2025-11-14 14:01:09	3366487	0:01:41	1546.9
2025-11-14 14:01:10	3367997	0:01:40	1550.3
2025-11-14 14:01:11	3369972	0:01:38	1548.5
2025-11-14 14:01:12	3371761	0:01:37	1549.3
2025-11-14 14:01:13	3373362	0:01:36	1547.5
2025-11-14 14:01:14	3375069	0:01:34	1560.8
2025-11-14 14:01:15	3376564	0:01:33	1560.0
2025-11-14 14:01:16	3377865	0:01:32	1563.9
2025-11-14 14:01:17	3378787	0:01:33	1549.5
2025-11-14 14:01:18	3379538	0:01:34	1520.9
2025-11-14 14:01:19	3380679	0:01:34	1515.1
2025-11-14 14:01:20	3382264	0:01:32	1525.4
2025-11-14 14:01:21	3382770	0:01:33	1498.7
2025-11-14 14:01:22	3384059	0:01:32	1496.8
2025-11-14 14:01:23	3385414	0:01:32	1496.2
2025-11-14 14:01:24	3387331	0:01:29	1513.7
2025-11-14 14:01:25	3388767	0:01:29	1505.2
2025-11-14 14:01:26	3390752	0:01:26	1524.9
2025-11-14 14:01:27	3392732	0:01:24	1544.2
2025-11-14 14:01:28	3395124	0:01:21	1561.9
2025-11-14 14:01:29	3397456	0:01:18	1603.0
2025-11-14 14:01:30	3399178	0:01:17	1604.6
2025-11-14 14:01:31	3400969	0:01:15	1615.3
2025-11-14 14:01:32	3402736	0:01:14	1615.1
2025-11-14 14:01:33	3404601	0:01:12	1627.5
2025-11-14 14:01:34	3405963	0:01:12	1616.5
2025-11-14 14:01:35	3407891	0:01:10	1635.3
2025-11-14 14:01:36	3409891	0:01:08	1642.5
2025-11-14 14:01:37	3412016	0:01:07	1639.9
2025-11-14 14:01:38	3413530	0:01:07	1613.0
2025-11-14 14:01:39	3415654	0:01:05	1630.5
2025-11-14 14:01:40	3417163	0:01:05	1614.4
2025-11-14 14:01:41	3418739	0:01:04	1608.3
2025-11-14 14:01:43	3420289	0:01:04	1605.1
2025-11-14 14:01:44	3422653	0:01:01	1627.0
2025-11-14 14:01:45	3423955	0:01:01	1621.0
2025-11-14 14:01:46	3426092	0:00:58	1652.1
2025-11-14 14:01:47	3427840	0:00:56	1678.1
2025-11-14 14:01:48	3429217	0:00:55	1698.6
2025-11-14 14:01:49	3430741	0:00:53	1712.1
2025-11-14 14:01:50	3432523	0:00:52	1720.6
2025-11-14 14:01:51	3434909	0:00:49	1784.9
2025-11-14 14:01:52	3437158	0:00:47	1823.6
2025-11-14 14:01:53	3439005	0:00:45	1835.7
2025-11-14 14:01:54	3440589	0:00:45	1822.6
2025-11-14 14:01:55	3442654	0:00:43	1847.1
2025-11-14 14:01:56	3444570	0:00:42	1850.4
2025-11-14 14:01:57	3446611	0:00:41	1845.2
2025-11-14 14:01:58	3448178	0:00:41	1826.8
2025-11-14 14:01:59	3448500	0:00:42	1757.5
2025-11-14 14:02:00	3448855	0:00:43	1704.8
2025-11-14 14:02:01	3449345	0:00:44	1662.4
2025-11-14 14:02:02	3449670	0:00:45	1610.6
2025-11-14 14:02:03	3450320	0:00:46	1568.4
2025-11-14 14:02:04	3451432	0:00:45	1559.4
2025-11-14 14:02:05	3453113	0:00:45	1549.2
2025-11-14 14:02:06	3454838	0:00:44	1537.6
2025-11-14 14:02:07	3456492	0:00:43	1522.5
2025-11-14 14:02:08	3458651	0:00:41	1544.9
2025-11-14 14:02:09	3460255	0:00:40	1538.2
2025-11-14 14:02:10	3462356	0:00:39	1548.3
2025-11-14 14:02:11	3464740	0:00:37	1577.1
2025-11-14 14:02:12	3466567	0:00:35	1587.3
2025-11-14 14:02:13	3468077	0:00:35	1558.0
2025-11-14 14:02:14	3469460	0:00:34	1561.1
2025-11-14 14:02:15	3470918	0:00:33	1539.7
2025-11-14 14:02:16	3472386	0:00:33	1528.1
2025-11-14 14:02:17	3473813	0:00:32	1530.6
2025-11-14 14:02:18	3475120	0:00:31	1523.8
2025-11-14 14:02:19	3476344	0:00:31	1504.7
2025-11-14 14:02:20	3477487	0:00:31	1462.0
2025-11-14 14:02:21	3478395	0:00:31	1415.1
2025-11-14 14:02:22	3479956	0:00:30	1404.0
2025-11-14 14:02:23	3480818	0:00:30	1379.0
2025-11-14 14:02:24	3482056	0:00:30	1350.1
2025-11-14 14:02:25	3483228	0:00:30	1324.7
2025-11-14 14:02:26	3484776	0:00:29	1308.7
2025-11-14 14:02:27	3485945	0:00:28	1295.1
2025-11-14 14:02:28	3486880	0:00:27	1316.1
2025-11-14 14:02:29	3488132	0:00:26	1344.4
2025-11-14 14:02:30	3489349	0:00:24	1369.7
2025-11-14 14:02:31	3490760	0:00:23	1406.9
2025-11-14 14:02:32	3492302	0:00:21	1437.4
2025-11-14 14:02:33	3493760	0:00:20	1449.7
2025-11-14 14:02:34	3495059	0:00:19	1431.9
2025-11-14 14:02:35	3496313	0:00:18	1418.3
2025-11-14 14:02:36	3497097	0:00:18	1388.5
2025-11-14 14:02:37	3498444	0:00:18	1360.8
2025-11-14 14:02:38	3499954	0:00:17	1358.1
2025-11-14 14:02:39	3501196	0:00:16	1328.2
2025-11-14 14:02:40	3502530	0:00:15	1290.6
2025-11-14 14:02:41	3503709	0:00:15	1268.2
2025-11-14 14:02:42	3504902	0:00:14	1257.4
2025-11-14 14:02:43	3506294	0:00:13	1256.6
2025-11-14 14:02:44	3507688	0:00:12	1252.8
2025-11-14 14:02:45	3508753	0:00:11	1239.0
2025-11-14 14:02:46	3509827	0:00:10	1225.9
2025-11-14 14:02:47	3511209	0:00:09	1228.3
2025-11-14 14:02:48	3512458	0:00:08	1229.2
2025-11-14 14:02:49	3514141	0:00:07	1247.4
2025-11-14 14:02:50	3515344	0:00:06	1257.2
2025-11-14 14:02:51	3516919	0:00:04	1258.8
2025-11-14 14:02:52	3517924	0:00:04	1263.8
2025-11-14 14:02:53	3519358	0:00:02	1270.3
2025-11-14 14:02:54	3520726	0:00:01	1276.9
2025-11-14 14:02:55	3522279	0:00:00	1277.5
