2025-11-15 07:44:37	2	155:36:17	6.3
2025-11-15 07:44:38	1057	1:13:15	801.4
2025-11-15 07:44:39	1943	1:10:04	837.5
2025-11-15 07:44:40	3122	1:02:24	940.1
2025-11-15 07:44:41	4197	1:00:23	971.1
2025-11-15 07:44:42	6202	0:50:21	1164.0
2025-11-15 07:44:43	7698	0:48:10	1216.3
2025-11-15 07:44:44	8870	0:48:24	1210.1
2025-11-15 07:44:45	9864	0:49:27	1184.0
2025-11-15 07:44:46	11300	0:48:20	1210.9
2025-11-15 07:44:47	13073	0:46:14	1265.2
2025-11-15 07:44:48	14466	0:46:00	1271.1
2025-11-15 07:44:49	15699	0:46:08	1266.9
2025-11-15 07:44:50	17114	0:45:53	1273.4
2025-11-15 07:44:51	19303	0:43:43	1335.7
2025-11-15 07:44:52	21118	0:42:42	1366.6
2025-11-15 07:44:53	23053	0:41:38	1401.1
2025-11-15 07:44:54	24612	0:41:21	1409.9
2025-11-15 07:44:55	25748	0:41:47	1394.9
2025-11-15 07:44:56	27666	0:40:58	1421.7
2025-11-15 07:44:57	30004	0:39:42	1466.4
2025-11-15 07:44:58	31884	0:39:11	1484.9
2025-11-15 07:44:59	33559	0:38:56	1493.3
2025-11-15 07:45:00	35189	0:38:46	1499.0
2025-11-15 07:45:01	36767	0:38:40	1502.2
2025-11-15 07:45:02	38718	0:38:12	1519.7
2025-11-15 07:45:03	40875	0:37:35	1543.7
2025-11-15 07:45:04	42834	0:37:12	1558.8
2025-11-15 07:45:05	44741	0:36:54	1571.0
2025-11-15 07:45:06	46627	0:36:38	1581.2
2025-11-15 07:45:07	48388	0:35:30	1631.0
2025-11-15 07:45:08	49997	0:35:24	1634.9
2025-11-15 07:45:09	51630	0:34:43	1666.4
2025-11-15 07:45:10	53760	0:34:13	1689.5
2025-11-15 07:45:11	55898	0:34:00	1699.1
2025-11-15 07:45:12	57437	0:33:56	1702.1
2025-11-15 07:45:13	59344	0:33:32	1721.3
2025-11-15 07:45:14	61308	0:32:41	1764.8
2025-11-15 07:45:15	62952	0:32:24	1779.3
2025-11-15 07:45:16	65428	0:32:00	1800.0
2025-11-15 07:45:17	67097	0:31:55	1803.8
2025-11-15 07:45:18	69216	0:31:29	1828.2
2025-11-15 07:45:19	70846	0:31:17	1838.9
2025-11-15 07:45:20	71635	0:31:44	1812.1
2025-11-15 07:45:21	72278	0:32:36	1764.2
2025-11-15 07:45:22	73900	0:32:40	1759.0
2025-11-15 07:45:23	75433	0:32:57	1743.1
2025-11-15 07:45:24	76887	0:32:50	1748.9
2025-11-15 07:45:25	78472	0:32:43	1754.6
2025-11-15 07:45:26	80029	0:33:05	1734.0
2025-11-15 07:45:27	81154	0:33:42	1701.7
2025-11-15 07:45:28	82716	0:33:54	1691.3
2025-11-15 07:45:29	84189	0:33:53	1691.1
2025-11-15 07:45:30	86724	0:33:27	1711.8
2025-11-15 07:45:31	88826	0:33:04	1730.4
2025-11-15 07:45:32	91079	0:33:01	1731.6
2025-11-15 07:45:33	92768	0:33:14	1720.1
2025-11-15 07:45:34	94791	0:32:59	1731.7
2025-11-15 07:45:35	95796	0:33:31	1703.5
2025-11-15 07:45:36	97185	0:33:59	1679.7
2025-11-15 07:45:37	99251	0:33:29	1704.0
2025-11-15 07:45:38	101350	0:33:24	1707.1
2025-11-15 07:45:39	102847	0:33:32	1699.8
2025-11-15 07:45:41	105226	0:33:27	1702.7
2025-11-15 07:45:42	106955	0:33:20	1707.9
2025-11-15 07:45:43	109187	0:33:04	1720.6
2025-11-15 07:45:44	110829	0:33:25	1701.7
2025-11-15 07:45:45	112781	0:33:12	1711.9
2025-11-15 07:45:46	114714	0:33:19	1705.0
2025-11-15 07:45:47	116443	0:33:34	1691.1
2025-11-15 07:45:48	117531	0:34:11	1660.2
2025-11-15 07:45:49	118889	0:34:31	1643.6
2025-11-15 07:45:50	120728	0:33:53	1672.9
2025-11-15 07:45:51	122408	0:33:08	1710.6
2025-11-15 07:45:52	124031	0:33:07	1710.2
2025-11-15 07:45:53	126063	0:32:36	1736.3
2025-11-15 07:45:54	128078	0:32:15	1754.1
2025-11-15 07:45:55	130212	0:31:56	1770.3
2025-11-15 07:45:56	132125	0:31:48	1776.7
2025-11-15 07:45:57	133216	0:31:49	1775.3
2025-11-15 07:45:58	134196	0:32:10	1755.0
2025-11-15 07:45:59	135364	0:32:21	1745.2
2025-11-15 07:46:00	137218	0:32:50	1718.2
2025-11-15 07:46:01	139269	0:32:52	1715.9
2025-11-15 07:46:02	140831	0:33:14	1695.7
2025-11-15 07:46:03	143157	0:32:53	1712.6
2025-11-15 07:46:04	145428	0:32:32	1730.1
2025-11-15 07:46:05	147453	0:32:11	1747.3
2025-11-15 07:46:06	149384	0:31:51	1764.9
2025-11-15 07:46:07	151569	0:31:40	1774.5
2025-11-15 07:46:08	153665	0:31:42	1770.7
2025-11-15 07:46:09	155384	0:31:32	1779.7
2025-11-15 07:46:10	157541	0:31:33	1777.5
2025-11-15 07:46:11	159348	0:31:33	1776.3
2025-11-15 07:46:12	161411	0:31:21	1786.3
2025-11-15 07:46:13	163428	0:31:16	1790.6
2025-11-15 07:46:14	164926	0:31:39	1767.7
2025-11-15 07:46:15	166371	0:31:49	1758.0
2025-11-15 07:46:16	167548	0:32:07	1740.7
2025-11-15 07:46:17	168941	0:32:02	1744.6
2025-11-15 07:46:18	169908	0:32:23	1725.6
2025-11-15 07:46:19	171696	0:32:22	1725.7
2025-11-15 07:46:20	173162	0:32:16	1730.2
2025-11-15 07:46:21	174865	0:32:26	1720.3
2025-11-15 07:46:22	176589	0:32:30	1716.0
2025-11-15 07:46:23	177989	0:33:00	1688.8
2025-11-15 07:46:24	179282	0:33:27	1665.7
2025-11-15 07:46:25	180322	0:34:02	1636.3
2025-11-15 07:46:26	181236	0:34:20	1621.9
2025-11-15 07:46:27	181645	0:34:36	1609.3
2025-11-15 07:46:28	181951	0:35:14	1579.8
2025-11-15 07:46:29	182233	0:36:13	1536.8
2025-11-15 07:46:30	182923	0:37:06	1500.2
2025-11-15 07:46:31	183395	0:38:28	1446.8
2025-11-15 07:46:32	184986	0:38:48	1433.5
2025-11-15 07:46:33	186279	0:39:34	1405.3
2025-11-15 07:46:34	187737	0:40:28	1373.6
2025-11-15 07:46:35	189096	0:40:50	1360.6
2025-11-15 07:46:36	190870	0:41:09	1349.3
2025-11-15 07:46:37	192663	0:41:28	1338.4
2025-11-15 07:46:38	194247	0:41:48	1327.1
2025-11-15 07:46:39	196309	0:41:29	1336.6
2025-11-15 07:46:40	198149	0:41:41	1329.2
2025-11-15 07:46:41	199595	0:42:27	1304.9
2025-11-15 07:46:42	200922	0:43:07	1284.2
2025-11-15 07:46:43	202164	0:43:23	1275.7
2025-11-15 07:46:44	203872	0:43:18	1277.5
2025-11-15 07:46:45	205867	0:42:24	1303.8
2025-11-15 07:46:46	207805	0:42:02	1314.1
2025-11-15 07:46:47	209919	0:40:36	1359.7
2025-11-15 07:46:48	211863	0:40:01	1379.0
2025-11-15 07:46:49	213778	0:39:57	1380.3
2025-11-15 07:46:50	216230	0:38:54	1416.5
2025-11-15 07:46:51	218212	0:38:45	1421.3
2025-11-15 07:46:52	219841	0:38:28	1430.9
2025-11-15 07:46:53	221296	0:38:33	1427.0
2025-11-15 07:46:54	222814	0:38:19	1434.9
2025-11-15 07:46:55	224244	0:37:42	1458.2
2025-11-15 07:46:56	225619	0:37:03	1483.1
2025-11-15 07:46:58	227138	0:36:09	1519.0
2025-11-15 07:46:59	229076	0:34:51	1575.1
2025-11-15 07:47:00	230405	0:34:17	1600.5
2025-11-15 07:47:01	232140	0:33:24	1642.0
2025-11-15 07:47:02	233645	0:33:08	1654.1
2025-11-15 07:47:03	234986	0:33:20	1643.4
2025-11-15 07:47:04	236658	0:33:05	1655.4
2025-11-15 07:47:05	238276	0:32:50	1666.8
2025-11-15 07:47:06	239543	0:33:00	1657.7
2025-11-15 07:47:07	239748	0:34:05	1605.2
2025-11-15 07:47:08	239895	0:34:59	1563.8
2025-11-15 07:47:09	240205	0:36:27	1500.7
2025-11-15 07:47:10	240430	0:37:45	1449.1
2025-11-15 07:47:11	240795	0:39:07	1398.2
2025-11-15 07:47:12	241665	0:39:35	1381.4
2025-11-15 07:47:13	243328	0:39:32	1382.3
2025-11-15 07:47:14	244753	0:39:25	1385.9
2025-11-15 07:47:15	246403	0:39:28	1383.6
2025-11-15 07:47:16	248022	0:39:53	1368.6
2025-11-15 07:47:17	249332	0:40:38	1342.7
2025-11-15 07:47:18	251158	0:40:52	1334.1
2025-11-15 07:47:19	253098	0:40:43	1338.3
2025-11-15 07:47:20	254941	0:41:12	1322.0
2025-11-15 07:47:21	256530	0:41:29	1312.4
2025-11-15 07:47:22	258255	0:41:38	1306.7
2025-11-15 07:47:23	260153	0:40:45	1334.4
2025-11-15 07:47:24	261141	0:41:44	1302.4
2025-11-15 07:47:25	262611	0:41:46	1301.0
2025-11-15 07:47:26	264708	0:41:00	1324.3
2025-11-15 07:47:27	266258	0:41:09	1318.8
2025-11-15 07:47:28	267779	0:41:17	1314.1
2025-11-15 07:47:29	268010	0:42:17	1282.6
2025-11-15 07:47:30	268171	0:44:29	1219.2
2025-11-15 07:47:31	268329	0:46:20	1170.8
2025-11-15 07:47:32	268641	0:47:50	1133.8
2025-11-15 07:47:33	269038	0:48:49	1111.0
2025-11-15 07:47:34	270362	0:49:15	1100.7
2025-11-15 07:47:35	272041	0:49:01	1105.1
2025-11-15 07:47:36	274035	0:47:34	1138.2
2025-11-15 07:47:37	276544	0:44:26	1217.5
2025-11-15 07:47:38	278487	0:42:18	1278.3
2025-11-15 07:47:39	279675	0:41:23	1306.2
2025-11-15 07:47:40	281657	0:39:36	1363.8
2025-11-15 07:47:41	283192	0:38:36	1398.6
2025-11-15 07:47:42	284783	0:38:02	1418.7
2025-11-15 07:47:43	286544	0:38:00	1419.3
2025-11-15 07:47:44	288188	0:37:59	1419.3
2025-11-15 07:47:45	289936	0:38:01	1417.1
2025-11-15 07:47:46	292255	0:36:55	1458.5
2025-11-15 07:47:47	294340	0:36:40	1467.4
2025-11-15 07:47:48	295084	0:37:37	1429.8
2025-11-15 07:47:49	296132	0:37:59	1415.9
2025-11-15 07:47:50	297080	0:38:40	1390.3
2025-11-15 07:47:51	298318	0:39:26	1362.6
2025-11-15 07:47:52	299840	0:39:44	1352.0
2025-11-15 07:47:53	301540	0:39:21	1364.1
2025-11-15 07:47:54	303419	0:38:25	1396.3
2025-11-15 07:47:55	305250	0:38:11	1404.0
2025-11-15 07:47:56	306733	0:38:49	1380.9
2025-11-15 07:47:57	308386	0:38:36	1387.9
2025-11-15 07:47:58	310222	0:38:05	1405.9
2025-11-15 07:47:59	312398	0:36:22	1471.0
2025-11-15 07:48:00	314343	0:34:56	1530.5
2025-11-15 07:48:01	315910	0:33:52	1578.0
2025-11-15 07:48:02	317475	0:32:59	1619.5
2025-11-15 07:48:03	318994	0:32:13	1656.9
2025-11-15 07:48:04	320815	0:31:55	1671.4
2025-11-15 07:48:05	322705	0:31:40	1684.2
2025-11-15 07:48:06	324609	0:31:50	1674.3
2025-11-15 07:48:07	326518	0:32:08	1657.8
2025-11-15 07:48:08	328308	0:32:14	1651.7
2025-11-15 07:48:09	329923	0:31:50	1671.0
2025-11-15 07:48:11	331797	0:32:06	1656.7
2025-11-15 07:48:12	333367	0:32:10	1652.7
2025-11-15 07:48:13	335689	0:31:33	1683.3
2025-11-15 07:48:14	337728	0:31:20	1694.3
2025-11-15 07:48:15	338384	0:31:52	1664.8
2025-11-15 07:48:16	338535	0:33:11	1599.4
2025-11-15 07:48:17	338706	0:34:41	1530.2
2025-11-15 07:48:18	338860	0:36:08	1468.5
2025-11-15 07:48:19	339120	0:36:28	1454.6
2025-11-15 07:48:20	339382	0:37:13	1425.5
2025-11-15 07:48:21	339771	0:37:38	1409.6
2025-11-15 07:48:22	340243	0:38:32	1376.3
2025-11-15 07:48:23	341687	0:38:28	1377.9
2025-11-15 07:48:24	343103	0:38:44	1368.3
2025-11-15 07:48:25	343811	0:39:55	1327.2
2025-11-15 07:48:26	344394	0:41:17	1283.0
2025-11-15 07:48:27	345284	0:41:45	1268.5
2025-11-15 07:48:28	347040	0:41:45	1267.5
2025-11-15 07:48:29	348816	0:42:04	1257.6
2025-11-15 07:48:30	350254	0:42:37	1240.4
2025-11-15 07:48:31	350333	0:44:40	1183.8
2025-11-15 07:48:32	350381	0:46:32	1136.3
2025-11-15 07:48:33	350562	0:48:48	1083.4
2025-11-15 07:48:34	350962	0:50:44	1041.8
2025-11-15 07:48:35	352514	0:51:19	1029.5
2025-11-15 07:48:36	354041	0:52:25	1007.5
2025-11-15 07:48:37	356318	0:50:49	1038.5
2025-11-15 07:48:38	358267	0:50:34	1043.1
2025-11-15 07:48:39	360602	0:50:08	1051.3
2025-11-15 07:48:40	362661	0:49:04	1073.4
2025-11-15 07:48:41	364756	0:48:25	1086.9
2025-11-15 07:48:42	366794	0:48:03	1094.5
2025-11-15 07:48:43	367612	0:50:15	1046.5
2025-11-15 07:48:44	368048	0:52:47	996.0
2025-11-15 07:48:45	368395	0:53:05	990.4
2025-11-15 07:48:46	369424	0:51:37	1018.3
2025-11-15 07:48:47	370980	0:49:22	1064.0
2025-11-15 07:48:48	372484	0:47:18	1110.0
2025-11-15 07:48:49	374223	0:45:17	1158.6
2025-11-15 07:48:50	375458	0:44:03	1190.7
2025-11-15 07:48:51	377003	0:42:40	1228.9
2025-11-15 07:48:52	378944	0:41:05	1275.4
2025-11-15 07:48:53	380727	0:40:43	1286.1
2025-11-15 07:48:54	382654	0:40:07	1304.6
2025-11-15 07:48:55	384265	0:39:11	1334.8
2025-11-15 07:48:56	386670	0:37:21	1399.3
2025-11-15 07:48:57	388738	0:36:36	1426.8
2025-11-15 07:48:58	390176	0:37:11	1404.3
2025-11-15 07:48:59	391515	0:36:54	1414.1
2025-11-15 07:49:00	393220	0:35:29	1469.6
2025-11-15 07:49:01	395020	0:34:06	1528.7
2025-11-15 07:49:02	396907	0:32:54	1583.2
2025-11-15 07:49:03	398665	0:31:57	1629.1
2025-11-15 07:49:04	399744	0:32:23	1606.9
2025-11-15 07:49:05	401080	0:32:23	1606.6
2025-11-15 07:49:06	403076	0:32:40	1591.6
2025-11-15 07:49:07	404727	0:32:51	1582.0
2025-11-15 07:49:08	406706	0:33:02	1571.6
2025-11-15 07:49:09	408173	0:33:22	1555.6
2025-11-15 07:49:10	409727	0:33:51	1532.2
2025-11-15 07:49:11	411226	0:34:19	1511.1
2025-11-15 07:49:12	412729	0:33:37	1541.4
2025-11-15 07:49:13	414899	0:32:22	1599.8
2025-11-15 07:49:14	416742	0:31:20	1651.7
2025-11-15 07:49:15	417907	0:31:14	1656.9
2025-11-15 07:49:16	418732	0:31:45	1629.3
2025-11-15 07:49:17	419505	0:32:12	1605.9
2025-11-15 07:49:18	420194	0:32:56	1569.9
2025-11-15 07:49:19	421343	0:32:59	1567.0
2025-11-15 07:49:20	421917	0:33:40	1534.8
2025-11-15 07:49:21	422361	0:34:50	1483.2
2025-11-15 07:49:22	422756	0:36:00	1434.9
2025-11-15 07:49:23	423099	0:37:25	1380.7
2025-11-15 07:49:24	423436	0:38:38	1336.7
2025-11-15 07:49:25	423587	0:41:00	1259.5
2025-11-15 07:49:26	423768	0:43:15	1193.9
2025-11-15 07:49:27	424008	0:44:48	1152.6
2025-11-15 07:49:28	424336	0:46:11	1118.1
2025-11-15 07:49:29	425740	0:46:33	1108.7
2025-11-15 07:49:30	427188	0:47:00	1097.7
2025-11-15 07:49:31	429180	0:46:39	1105.3
2025-11-15 07:49:32	430982	0:46:33	1106.8
2025-11-15 07:49:33	432683	0:45:35	1129.9
2025-11-15 07:49:34	434370	0:45:04	1141.9
2025-11-15 07:49:35	436447	0:44:56	1144.7
2025-11-15 07:49:36	438529	0:44:20	1159.4
2025-11-15 07:49:37	439911	0:45:07	1138.9
2025-11-15 07:49:38	441913	0:44:22	1157.2
2025-11-15 07:49:39	444278	0:43:19	1184.6
2025-11-15 07:49:40	445741	0:43:20	1183.5
2025-11-15 07:49:41	447021	0:43:35	1175.9
2025-11-15 07:49:42	448183	0:44:54	1141.4
2025-11-15 07:49:43	449019	0:46:19	1106.0
2025-11-15 07:49:44	450198	0:46:17	1106.5
2025-11-15 07:49:45	451651	0:45:23	1127.9
2025-11-15 07:49:46	452963	0:44:36	1147.0
2025-11-15 07:49:47	454108	0:43:59	1162.9
2025-11-15 07:49:48	455230	0:44:00	1162.0
2025-11-15 07:49:49	457330	0:42:04	1214.4
2025-11-15 07:49:50	458753	0:40:55	1248.0
2025-11-15 07:49:51	460587	0:39:18	1298.4
2025-11-15 07:49:52	462139	0:38:04	1339.9
2025-11-15 07:49:53	464163	0:36:28	1397.9
2025-11-15 07:49:54	466573	0:34:31	1475.2
2025-11-15 07:49:55	468925	0:32:48	1551.9
2025-11-15 07:49:56	470763	0:31:38	1607.7
2025-11-15 07:49:58	472152	0:30:55	1643.9
2025-11-15 07:49:59	473749	0:30:47	1650.5
2025-11-15 07:50:00	475482	0:30:35	1660.2
2025-11-15 07:50:01	476703	0:31:04	1633.6
2025-11-15 07:50:02	478272	0:31:15	1623.5
2025-11-15 07:50:03	479816	0:31:20	1618.6
2025-11-15 07:50:04	482057	0:30:57	1636.8
2025-11-15 07:50:05	483057	0:31:39	1600.7
2025-11-15 07:50:06	484607	0:31:59	1582.8
2025-11-15 07:50:07	486715	0:31:28	1607.7
2025-11-15 07:50:08	488898	0:31:19	1614.0
2025-11-15 07:50:09	490832	0:31:42	1593.5
2025-11-15 07:50:10	492257	0:31:43	1592.2
2025-11-15 07:50:11	493310	0:31:52	1584.1
2025-11-15 07:50:12	494446	0:31:52	1583.5
2025-11-15 07:50:13	496076	0:31:18	1611.7
2025-11-15 07:50:14	498108	0:30:43	1640.9
2025-11-15 07:50:15	499766	0:30:34	1648.1
2025-11-15 07:50:16	501957	0:30:00	1677.9
2025-11-15 07:50:17	503995	0:29:27	1708.3
2025-11-15 07:50:18	505470	0:29:14	1720.3
2025-11-15 07:50:19	506642	0:29:46	1688.3
2025-11-15 07:50:20	508126	0:29:44	1690.0
2025-11-15 07:50:21	509070	0:30:16	1659.6
2025-11-15 07:50:22	509521	0:30:58	1621.4
2025-11-15 07:50:23	509871	0:32:06	1564.2
2025-11-15 07:50:24	510481	0:33:29	1498.9
2025-11-15 07:50:25	510921	0:35:01	1433.1
2025-11-15 07:50:26	511488	0:36:06	1390.1
2025-11-15 07:50:27	512732	0:36:12	1385.4
2025-11-15 07:50:28	514643	0:35:54	1396.1
2025-11-15 07:50:29	516492	0:35:47	1400.0
2025-11-15 07:50:30	518557	0:35:02	1428.9
2025-11-15 07:50:31	521106	0:34:17	1459.3
2025-11-15 07:50:32	523432	0:33:38	1486.1
2025-11-15 07:50:33	525709	0:33:35	1487.4
2025-11-15 07:50:34	527510	0:32:58	1514.2
2025-11-15 07:50:35	529463	0:32:38	1528.2
2025-11-15 07:50:36	530785	0:33:13	1501.3
2025-11-15 07:50:37	532529	0:33:32	1485.9
2025-11-15 07:50:38	534498	0:33:22	1492.7
2025-11-15 07:50:39	536489	0:32:55	1512.1
2025-11-15 07:50:40	537968	0:32:35	1526.5
2025-11-15 07:50:41	538419	0:33:06	1502.7
2025-11-15 07:50:42	539779	0:33:17	1493.8
2025-11-15 07:50:43	541572	0:33:27	1485.3
2025-11-15 07:50:44	543121	0:33:31	1481.5
2025-11-15 07:50:45	544807	0:33:54	1464.1
2025-11-15 07:50:46	546774	0:33:56	1461.5
2025-11-15 07:50:47	548137	0:34:00	1457.9
2025-11-15 07:50:48	549916	0:33:30	1478.5
2025-11-15 07:50:49	551582	0:33:21	1485.0
2025-11-15 07:50:50	553731	0:32:25	1526.1
2025-11-15 07:50:51	556086	0:31:03	1592.6
2025-11-15 07:50:52	558333	0:29:48	1657.8
2025-11-15 07:50:53	560199	0:28:59	1703.2
2025-11-15 07:50:54	561769	0:28:19	1743.0
2025-11-15 07:50:55	563475	0:27:40	1782.0
2025-11-15 07:50:56	565630	0:27:11	1813.2
2025-11-15 07:50:57	567426	0:27:17	1804.8
2025-11-15 07:50:58	569463	0:27:10	1811.1
2025-11-15 07:50:59	570929	0:27:32	1786.4
2025-11-15 07:51:00	572965	0:27:42	1774.7
2025-11-15 07:51:01	574629	0:28:03	1751.7
2025-11-15 07:51:02	576401	0:28:19	1734.2
2025-11-15 07:51:03	578404	0:28:10	1741.4
2025-11-15 07:51:04	580438	0:28:10	1740.8
2025-11-15 07:51:05	582663	0:27:41	1770.0
2025-11-15 07:51:06	584454	0:27:38	1771.7
2025-11-15 07:51:07	586456	0:27:36	1772.8
2025-11-15 07:51:08	588222	0:27:42	1765.8
2025-11-15 07:51:09	589903	0:27:35	1771.4
2025-11-15 07:51:10	591903	0:26:46	1824.3
2025-11-15 07:51:11	593452	0:26:38	1832.4
2025-11-15 07:51:12	595307	0:26:35	1835.1
2025-11-15 07:51:13	597327	0:26:22	1848.9
2025-11-15 07:51:14	599681	0:26:00	1872.9
2025-11-15 07:51:15	600685	0:26:31	1836.5
2025-11-15 07:51:16	601804	0:26:39	1826.5
2025-11-15 07:51:17	603246	0:26:49	1814.2
2025-11-15 07:51:18	604565	0:26:56	1805.8
2025-11-15 07:51:19	606227	0:27:12	1786.5
2025-11-15 07:51:20	607561	0:27:44	1751.7
2025-11-15 07:51:21	608279	0:28:33	1700.7
2025-11-15 07:51:22	610327	0:28:32	1701.3
2025-11-15 07:51:23	612329	0:28:08	1723.8
2025-11-15 07:51:24	614341	0:28:02	1729.0
2025-11-15 07:51:25	616000	0:28:15	1714.7
2025-11-15 07:51:26	618202	0:28:04	1724.8
2025-11-15 07:51:27	619584	0:28:25	1702.7
2025-11-15 07:51:28	621763	0:27:57	1729.3
2025-11-15 07:51:29	624044	0:27:37	1748.6
2025-11-15 07:51:30	625586	0:27:52	1732.1
2025-11-15 07:51:31	627698	0:27:30	1754.1
2025-11-15 07:51:32	629421	0:27:34	1749.1
2025-11-15 07:51:33	630873	0:27:59	1721.7
2025-11-15 07:51:34	632871	0:28:09	1710.5
2025-11-15 07:51:36	634700	0:28:05	1713.5
2025-11-15 07:51:37	636947	0:27:55	1723.1
2025-11-15 07:51:38	639205	0:27:24	1753.7
2025-11-15 07:51:39	641530	0:27:15	1761.4
2025-11-15 07:51:40	643204	0:27:21	1754.8
2025-11-15 07:51:41	645116	0:27:15	1760.1
2025-11-15 07:51:42	647026	0:27:09	1765.1
2025-11-15 07:51:43	649269	0:27:03	1770.4
2025-11-15 07:51:44	651495	0:27:03	1768.5
2025-11-15 07:51:45	653921	0:26:20	1815.3
2025-11-15 07:51:46	656148	0:25:43	1856.9
2025-11-15 07:51:47	657901	0:25:39	1861.3
2025-11-15 07:51:48	659100	0:25:37	1863.3
2025-11-15 07:51:49	660314	0:25:42	1856.5
2025-11-15 07:51:50	662349	0:25:35	1863.1
2025-11-15 07:51:51	664525	0:24:49	1919.8
2025-11-15 07:51:52	666466	0:24:47	1921.0
2025-11-15 07:51:53	667866	0:24:50	1915.8
2025-11-15 07:51:54	670029	0:24:43	1922.9
2025-11-15 07:51:55	671803	0:24:54	1908.4
2025-11-15 07:51:56	673782	0:24:59	1900.7
2025-11-15 07:51:57	675879	0:24:46	1915.6
2025-11-15 07:51:58	678078	0:24:36	1926.6
2025-11-15 07:51:59	680041	0:24:42	1917.4
2025-11-15 07:52:00	682266	0:24:28	1934.5
2025-11-15 07:52:01	684661	0:24:09	1958.0
2025-11-15 07:52:02	686892	0:23:55	1975.6
2025-11-15 07:52:03	689057	0:23:51	1979.5
2025-11-15 07:52:04	690307	0:24:07	1957.1
2025-11-15 07:52:05	692080	0:24:07	1956.1
2025-11-15 07:52:06	693677	0:24:14	1944.7
2025-11-15 07:52:07	694827	0:24:46	1902.2
2025-11-15 07:52:08	695015	0:25:41	1834.3
2025-11-15 07:52:09	695464	0:26:26	1782.8
2025-11-15 07:52:10	695809	0:27:15	1728.5
2025-11-15 07:52:11	696962	0:27:33	1709.3
2025-11-15 07:52:12	698561	0:27:52	1688.9
2025-11-15 07:52:13	700505	0:28:09	1670.3
2025-11-15 07:52:14	702276	0:28:22	1657.2
2025-11-15 07:52:15	703706	0:28:53	1626.5
2025-11-15 07:52:16	704846	0:29:23	1598.5
2025-11-15 07:52:17	706307	0:29:16	1603.2
2025-11-15 07:52:18	707853	0:28:52	1625.2
2025-11-15 07:52:19	709702	0:29:05	1612.1
2025-11-15 07:52:20	711018	0:29:36	1583.3
2025-11-15 07:52:21	711710	0:30:31	1534.7
2025-11-15 07:52:22	712450	0:30:58	1512.1
2025-11-15 07:52:23	713827	0:31:34	1482.5
2025-11-15 07:52:24	715719	0:31:34	1481.6
2025-11-15 07:52:25	717800	0:31:22	1489.8
2025-11-15 07:52:26	719296	0:31:56	1463.2
2025-11-15 07:52:27	721052	0:32:10	1451.7
2025-11-15 07:52:28	722761	0:32:08	1452.0
2025-11-15 07:52:29	723863	0:33:02	1412.1
2025-11-15 07:52:30	725338	0:33:32	1390.4
2025-11-15 07:52:31	727198	0:33:47	1378.9
2025-11-15 07:52:32	729425	0:33:44	1379.7
2025-11-15 07:52:33	731496	0:33:25	1392.3
2025-11-15 07:52:34	733922	0:32:33	1428.1
2025-11-15 07:52:35	735690	0:32:29	1430.0
2025-11-15 07:52:36	736196	0:33:09	1400.9
2025-11-15 07:52:37	737116	0:32:41	1420.1
2025-11-15 07:52:38	738490	0:31:58	1451.4
2025-11-15 07:52:39	739861	0:31:11	1487.6
2025-11-15 07:52:40	742300	0:30:11	1535.4
2025-11-15 07:52:41	744484	0:29:45	1556.4
2025-11-15 07:52:42	746304	0:30:02	1540.8
2025-11-15 07:52:43	748026	0:29:44	1554.8
2025-11-15 07:52:44	750123	0:29:17	1577.4
2025-11-15 07:52:45	751747	0:29:01	1591.6
2025-11-15 07:52:46	753758	0:28:35	1614.4
2025-11-15 07:52:47	755704	0:28:18	1629.0
2025-11-15 07:52:48	757784	0:28:09	1637.3
2025-11-15 07:52:49	759812	0:27:55	1649.5
2025-11-15 07:52:50	761933	0:27:18	1685.2
2025-11-15 07:52:51	764136	0:26:18	1747.5
2025-11-15 07:52:52	766189	0:25:56	1771.1
2025-11-15 07:52:53	767944	0:25:50	1776.5
2025-11-15 07:52:54	770205	0:25:32	1796.5
2025-11-15 07:52:55	772133	0:25:31	1796.5
2025-11-15 07:52:56	773866	0:25:24	1803.4
2025-11-15 07:52:57	774141	0:26:12	1748.7
2025-11-15 07:52:58	774476	0:26:36	1721.2
2025-11-15 07:52:59	774726	0:27:06	1690.2
2025-11-15 07:53:00	774930	0:28:01	1634.2
2025-11-15 07:53:02	775185	0:29:09	1570.7
2025-11-15 07:53:03	775535	0:30:12	1516.3
2025-11-15 07:53:04	775962	0:31:36	1448.9
2025-11-15 07:53:05	776434	0:32:52	1392.7
2025-11-15 07:53:06	776800	0:33:30	1366.1
2025-11-15 07:53:07	777180	0:33:55	1348.9
2025-11-15 07:53:08	777889	0:34:10	1339.0
2025-11-15 07:53:09	779364	0:34:19	1332.2
2025-11-15 07:53:10	781085	0:34:10	1337.0
2025-11-15 07:53:11	782846	0:34:20	1329.9
2025-11-15 07:53:12	784447	0:34:57	1305.7
2025-11-15 07:53:13	786790	0:34:13	1332.5
2025-11-15 07:53:14	788522	0:34:19	1327.6
2025-11-15 07:53:15	790628	0:34:11	1332.3
2025-11-15 07:53:16	792718	0:34:01	1337.2
2025-11-15 07:53:17	794696	0:33:55	1340.7
2025-11-15 07:53:18	796816	0:33:52	1341.4
2025-11-15 07:53:19	798833	0:33:21	1360.9
2025-11-15 07:53:20	800065	0:34:18	1323.1
2025-11-15 07:53:21	801784	0:34:38	1309.2
2025-11-15 07:53:22	803244	0:35:21	1282.2
2025-11-15 07:53:23	804498	0:35:41	1269.3
2025-11-15 07:53:24	805999	0:36:11	1251.5
2025-11-15 07:53:25	806540	0:38:10	1186.2
2025-11-15 07:53:26	806726	0:39:59	1131.9
2025-11-15 07:53:27	806936	0:41:06	1101.3
2025-11-15 07:53:28	807356	0:40:55	1105.9
2025-11-15 07:53:29	808350	0:40:02	1130.0
2025-11-15 07:53:30	810072	0:38:21	1178.9
2025-11-15 07:53:31	811978	0:36:29	1238.2
2025-11-15 07:53:32	814023	0:34:48	1297.1
2025-11-15 07:53:33	815628	0:33:50	1333.7
2025-11-15 07:53:34	817402	0:32:49	1374.0
2025-11-15 07:53:35	819258	0:31:45	1418.8
2025-11-15 07:53:36	820545	0:31:01	1452.1
2025-11-15 07:53:37	822248	0:30:05	1496.2
2025-11-15 07:53:38	823131	0:30:26	1478.5
2025-11-15 07:53:39	823331	0:31:19	1436.6
2025-11-15 07:53:40	823634	0:32:38	1378.4
2025-11-15 07:53:41	823875	0:34:08	1317.4
2025-11-15 07:53:42	824211	0:35:46	1257.4
2025-11-15 07:53:43	825001	0:36:59	1215.6
2025-11-15 07:53:44	826575	0:37:28	1199.1
2025-11-15 07:53:45	828200	0:37:31	1196.7
2025-11-15 07:53:46	830187	0:37:34	1194.5
2025-11-15 07:53:47	830758	0:39:24	1138.7
2025-11-15 07:53:48	831874	0:40:08	1117.5
2025-11-15 07:53:49	833530	0:40:00	1120.3
2025-11-15 07:53:50	835590	0:39:31	1133.3
2025-11-15 07:53:51	836285	0:40:25	1107.8
2025-11-15 07:53:52	836833	0:41:19	1083.5
2025-11-15 07:53:53	837755	0:41:52	1068.9
2025-11-15 07:53:54	839323	0:40:07	1114.9
2025-11-15 07:53:55	840909	0:38:29	1161.4
2025-11-15 07:53:56	842487	0:37:00	1207.0
2025-11-15 07:53:57	844577	0:35:27	1259.1
2025-11-15 07:53:58	846871	0:34:14	1302.5
2025-11-15 07:53:59	848364	0:34:41	1285.3
2025-11-15 07:54:00	849557	0:35:03	1270.8
2025-11-15 07:54:01	849873	0:36:46	1211.6
2025-11-15 07:54:02	850164	0:38:05	1169.7
2025-11-15 07:54:03	850673	0:39:35	1125.2
2025-11-15 07:54:04	851161	0:41:13	1080.2
2025-11-15 07:54:06	851547	0:42:19	1051.8
2025-11-15 07:54:07	852142	0:43:43	1018.1
2025-11-15 07:54:08	853403	0:43:12	1029.9
2025-11-15 07:54:09	855042	0:41:12	1078.9
2025-11-15 07:54:10	855931	0:40:28	1098.5
2025-11-15 07:54:11	856420	0:40:08	1107.1
2025-11-15 07:54:12	858206	0:38:24	1156.5
2025-11-15 07:54:13	860380	0:36:52	1203.6
2025-11-15 07:54:14	862112	0:36:41	1208.7
2025-11-15 07:54:15	864054	0:36:20	1219.6
2025-11-15 07:54:16	865845	0:36:30	1213.0
2025-11-15 07:54:17	867827	0:35:04	1261.5
2025-11-15 07:54:18	869437	0:34:39	1276.4
2025-11-15 07:54:19	871090	0:34:38	1276.2
2025-11-15 07:54:20	873059	0:34:41	1273.0
2025-11-15 07:54:21	875336	0:33:11	1329.4
2025-11-15 07:54:22	877710	0:31:46	1387.9
2025-11-15 07:54:23	879908	0:30:40	1436.4
2025-11-15 07:54:24	882132	0:30:10	1458.8
2025-11-15 07:54:25	884248	0:29:47	1476.7
2025-11-15 07:54:26	886156	0:29:32	1488.1
2025-11-15 07:54:27	887940	0:29:43	1477.7
2025-11-15 07:54:28	889966	0:29:53	1468.3
2025-11-15 07:54:29	890621	0:30:33	1435.9
2025-11-15 07:54:30	891026	0:31:07	1409.2
2025-11-15 07:54:31	891279	0:31:13	1405.1
2025-11-15 07:54:32	891569	0:31:12	1405.0
2025-11-15 07:54:33	891776	0:31:28	1393.3
2025-11-15 07:54:34	892071	0:31:37	1386.7
2025-11-15 07:54:35	892281	0:31:45	1380.6
2025-11-15 07:54:36	892494	0:32:04	1367.3
2025-11-15 07:54:37	892675	0:32:52	1333.5
2025-11-15 07:54:38	892906	0:34:04	1286.6
2025-11-15 07:54:39	893226	0:34:35	1267.1
2025-11-15 07:54:40	893544	0:34:44	1261.3
2025-11-15 07:54:41	893828	0:36:12	1210.4
2025-11-15 07:54:42	894557	0:37:43	1161.3
2025-11-15 07:54:43	895052	0:39:08	1119.1
2025-11-15 07:54:44	895794	0:40:36	1078.4
2025-11-15 07:54:45	897642	0:40:29	1080.5
2025-11-15 07:54:46	899001	0:41:16	1059.5
2025-11-15 07:54:47	901066	0:40:35	1076.4
2025-11-15 07:54:48	902560	0:40:46	1071.0
2025-11-15 07:54:49	903972	0:41:29	1052.1
2025-11-15 07:54:50	905728	0:42:10	1034.4
2025-11-15 07:54:51	907642	0:42:40	1021.5
2025-11-15 07:54:52	909770	0:42:44	1019.0
2025-11-15 07:54:53	911577	0:43:19	1004.6
2025-11-15 07:54:54	912823	0:44:40	974.0
2025-11-15 07:54:55	914335	0:45:20	959.0
2025-11-15 07:54:56	915611	0:46:08	941.7
2025-11-15 07:54:57	916308	0:48:29	895.9
2025-11-15 07:54:58	917140	0:48:01	904.4
2025-11-15 07:54:59	919150	0:45:14	959.1
2025-11-15 07:55:00	920658	0:43:12	1003.9
2025-11-15 07:55:01	922285	0:41:17	1049.6
2025-11-15 07:55:02	923835	0:39:30	1096.7
2025-11-15 07:55:03	925816	0:37:29	1154.4
2025-11-15 07:55:04	926819	0:36:35	1182.4
2025-11-15 07:55:05	927428	0:36:10	1196.2
2025-11-15 07:55:06	928642	0:35:06	1231.9
2025-11-15 07:55:07	930422	0:33:36	1285.6
2025-11-15 07:55:08	932026	0:32:27	1330.2
2025-11-15 07:55:09	933622	0:31:24	1373.7
2025-11-15 07:55:10	935111	0:30:28	1415.2
2025-11-15 07:55:11	936986	0:29:40	1452.8
2025-11-15 07:55:12	939085	0:28:34	1507.5
2025-11-15 07:55:13	940558	0:28:05	1532.5
2025-11-15 07:55:14	942656	0:27:54	1541.2
2025-11-15 07:55:15	943307	0:28:21	1516.3
2025-11-15 07:55:16	943947	0:29:17	1467.3
2025-11-15 07:55:17	944876	0:29:41	1447.4
2025-11-15 07:55:18	946600	0:29:25	1459.4
2025-11-15 07:55:19	948332	0:29:27	1457.1
2025-11-15 07:55:20	950363	0:29:20	1461.0
2025-11-15 07:55:21	951214	0:30:14	1417.1
2025-11-15 07:55:22	952515	0:30:36	1399.7
2025-11-15 07:55:23	953924	0:30:28	1404.9
2025-11-15 07:55:24	955524	0:30:25	1406.5
2025-11-15 07:55:25	957485	0:29:53	1430.2
2025-11-15 07:55:26	959297	0:29:10	1465.0
2025-11-15 07:55:27	960784	0:28:39	1489.9
2025-11-15 07:55:28	962229	0:28:53	1477.7
2025-11-15 07:55:30	964178	0:28:44	1483.7
2025-11-15 07:55:31	966224	0:28:22	1502.0
2025-11-15 07:55:32	968130	0:28:10	1511.6
2025-11-15 07:55:33	970236	0:28:04	1515.6
2025-11-15 07:55:34	971887	0:27:42	1534.3
2025-11-15 07:55:35	973441	0:27:05	1568.6
2025-11-15 07:55:36	975181	0:26:43	1588.6
2025-11-15 07:55:37	977104	0:26:37	1593.3
2025-11-15 07:55:38	979003	0:26:27	1602.1
2025-11-15 07:55:39	981087	0:26:11	1618.1
2025-11-15 07:55:40	983448	0:25:41	1648.0
2025-11-15 07:55:41	985620	0:25:31	1657.2
2025-11-15 07:55:42	987859	0:25:18	1669.6
2025-11-15 07:55:43	989738	0:25:07	1680.4
2025-11-15 07:55:44	991581	0:25:12	1674.2
2025-11-15 07:55:45	993586	0:24:40	1708.1
2025-11-15 07:55:46	995368	0:24:03	1750.7
2025-11-15 07:55:47	997485	0:23:27	1793.8
2025-11-15 07:55:48	999757	0:23:03	1824.2
2025-11-15 07:55:49	1001869	0:23:03	1822.6
2025-11-15 07:55:50	1004208	0:22:57	1829.2
2025-11-15 07:55:51	1006404	0:22:20	1877.5
2025-11-15 07:55:52	1008658	0:21:54	1912.9
2025-11-15 07:55:53	1010631	0:21:42	1929.3
2025-11-15 07:55:54	1011739	0:21:55	1909.0
2025-11-15 07:55:55	1013554	0:21:57	1904.2
2025-11-15 07:55:56	1014197	0:22:23	1867.6
2025-11-15 07:55:57	1014456	0:22:51	1829.4
2025-11-15 07:55:58	1014751	0:23:22	1788.1
2025-11-15 07:55:59	1015295	0:24:01	1740.1
2025-11-15 07:56:00	1016787	0:24:09	1729.2
2025-11-15 07:56:01	1018559	0:24:18	1717.6
2025-11-15 07:56:02	1020166	0:24:32	1700.4
2025-11-15 07:56:03	1021958	0:24:32	1698.2
2025-11-15 07:56:04	1024011	0:24:11	1721.8
2025-11-15 07:56:05	1025813	0:24:07	1724.7
2025-11-15 07:56:06	1027222	0:24:14	1715.5
2025-11-15 07:56:07	1028871	0:24:30	1696.3
2025-11-15 07:56:08	1030517	0:24:35	1689.8
2025-11-15 07:56:09	1032244	0:24:55	1665.3
2025-11-15 07:56:10	1033515	0:25:17	1640.6
2025-11-15 07:56:11	1035147	0:25:33	1622.4
2025-11-15 07:56:12	1036781	0:25:49	1604.3
2025-11-15 07:56:13	1038500	0:26:00	1592.7
2025-11-15 07:56:14	1039727	0:26:15	1576.2
2025-11-15 07:56:15	1040566	0:26:41	1549.9
2025-11-15 07:56:16	1041485	0:27:27	1506.7
2025-11-15 07:56:17	1042638	0:28:09	1467.9
2025-11-15 07:56:18	1044056	0:28:40	1440.9
2025-11-15 07:56:19	1046140	0:28:46	1434.5
2025-11-15 07:56:20	1046693	0:29:49	1384.2
2025-11-15 07:56:21	1047761	0:30:43	1343.0
2025-11-15 07:56:22	1048788	0:31:32	1307.5
2025-11-15 07:56:23	1050283	0:31:18	1316.1
2025-11-15 07:56:24	1051698	0:31:14	1318.7
2025-11-15 07:56:25	1053733	0:30:38	1343.0
2025-11-15 07:56:26	1054131	0:30:33	1346.5
2025-11-15 07:56:27	1054341	0:30:36	1344.0
2025-11-15 07:56:28	1054585	0:30:44	1338.3
2025-11-15 07:56:29	1054944	0:31:40	1299.0
2025-11-15 07:56:30	1055192	0:32:30	1265.6
2025-11-15 07:56:31	1055600	0:33:29	1227.8
2025-11-15 07:56:32	1055839	0:35:07	1170.9
2025-11-15 07:56:33	1056062	0:37:12	1105.3
2025-11-15 07:56:34	1056863	0:38:13	1075.2
2025-11-15 07:56:35	1058465	0:38:21	1070.9
2025-11-15 07:56:36	1059862	0:38:35	1063.8
2025-11-15 07:56:37	1061408	0:38:52	1055.2
2025-11-15 07:56:38	1063283	0:38:37	1061.3
2025-11-15 07:56:39	1065346	0:37:46	1084.2
2025-11-15 07:56:40	1067583	0:36:49	1111.2
2025-11-15 07:56:41	1069367	0:36:42	1114.2
2025-11-15 07:56:42	1070924	0:37:00	1104.2
2025-11-15 07:56:43	1071789	0:37:21	1093.7
2025-11-15 07:56:44	1072777	0:37:11	1097.9
2025-11-15 07:56:45	1074699	0:36:08	1129.0
2025-11-15 07:56:46	1076554	0:35:15	1156.3
2025-11-15 07:56:47	1078118	0:34:57	1165.4
2025-11-15 07:56:48	1079611	0:35:20	1152.2
2025-11-15 07:56:49	1080652	0:35:15	1154.7
2025-11-15 07:56:50	1081433	0:35:24	1149.2
2025-11-15 07:56:51	1082328	0:35:32	1144.5
2025-11-15 07:56:52	1084183	0:34:47	1168.3
2025-11-15 07:56:53	1085555	0:35:07	1156.8
2025-11-15 07:56:54	1087103	0:35:09	1154.7
2025-11-15 07:56:55	1089005	0:34:06	1189.6
2025-11-15 07:56:56	1090975	0:32:25	1249.9
2025-11-15 07:56:57	1092624	0:31:11	1298.8
2025-11-15 07:56:58	1094181	0:30:11	1341.0
2025-11-15 07:56:59	1095884	0:29:07	1388.8
2025-11-15 07:57:00	1096996	0:28:34	1414.8
2025-11-15 07:57:01	1098961	0:27:25	1473.0
2025-11-15 07:57:02	1100895	0:26:20	1532.6
2025-11-15 07:57:03	1103106	0:25:24	1587.9
2025-11-15 07:57:04	1105043	0:25:12	1599.1
2025-11-15 07:57:05	1107048	0:24:55	1616.0
2025-11-15 07:57:06	1109298	0:24:29	1642.1
2025-11-15 07:57:07	1111682	0:24:13	1659.3
2025-11-15 07:57:08	1113394	0:24:21	1649.2
2025-11-15 07:57:09	1115701	0:24:18	1650.3
2025-11-15 07:57:10	1117948	0:24:02	1667.5
2025-11-15 07:57:11	1119856	0:23:54	1675.6
2025-11-15 07:57:12	1121687	0:23:21	1712.9
2025-11-15 07:57:13	1123321	0:23:04	1733.5
2025-11-15 07:57:14	1125042	0:23:01	1736.2
2025-11-15 07:57:15	1126355	0:23:16	1715.8
2025-11-15 07:57:16	1126989	0:23:47	1678.9
2025-11-15 07:57:17	1128584	0:23:44	1680.8
2025-11-15 07:57:18	1130304	0:23:24	1704.2
2025-11-15 07:57:19	1131813	0:23:02	1729.3
2025-11-15 07:57:20	1133712	0:22:34	1763.7
2025-11-15 07:57:21	1135733	0:22:32	1765.4
2025-11-15 07:57:22	1137705	0:22:15	1786.0
2025-11-15 07:57:23	1139771	0:22:01	1804.0
2025-11-15 07:57:24	1141528	0:22:03	1799.3
2025-11-15 07:57:25	1142899	0:22:19	1777.5
2025-11-15 07:57:26	1144989	0:22:06	1792.4
2025-11-15 07:57:27	1145920	0:22:22	1770.8
2025-11-15 07:57:28	1147772	0:22:17	1776.1
2025-11-15 07:57:29	1149146	0:22:10	1784.7
2025-11-15 07:57:30	1150898	0:22:14	1777.2
2025-11-15 07:57:31	1152908	0:22:11	1779.9
2025-11-15 07:57:32	1154973	0:22:14	1775.0
2025-11-15 07:57:33	1156968	0:22:11	1777.3
2025-11-15 07:57:34	1159028	0:22:08	1779.2
2025-11-15 07:57:36	1159866	0:22:46	1729.2
2025-11-15 07:57:37	1161528	0:23:06	1703.7
2025-11-15 07:57:38	1163180	0:23:05	1702.9
2025-11-15 07:57:39	1164594	0:23:29	1673.6
2025-11-15 07:57:40	1165801	0:23:59	1637.7
2025-11-15 07:57:41	1166103	0:24:50	1581.4
2025-11-15 07:57:42	1166439	0:25:39	1530.5
2025-11-15 07:57:43	1167698	0:25:54	1515.2
2025-11-15 07:57:44	1169615	0:25:46	1521.7
2025-11-15 07:57:45	1171464	0:25:27	1539.5
2025-11-15 07:57:46	1172824	0:24:59	1567.8
2025-11-15 07:57:47	1174179	0:25:06	1559.6
2025-11-15 07:57:48	1175141	0:25:30	1533.7
2025-11-15 07:57:49	1176236	0:25:44	1519.5
2025-11-15 07:57:50	1177989	0:25:50	1512.1
2025-11-15 07:57:51	1179848	0:25:50	1511.1
2025-11-15 07:57:52	1181000	0:26:19	1482.6
2025-11-15 07:57:53	1181527	0:27:17	1429.9
2025-11-15 07:57:54	1181997	0:28:09	1385.9
2025-11-15 07:57:55	1183347	0:28:08	1385.8
2025-11-15 07:57:56	1184629	0:28:41	1358.1
2025-11-15 07:57:57	1186123	0:28:18	1375.6
2025-11-15 07:57:58	1188132	0:28:10	1381.1
2025-11-15 07:57:59	1189880	0:27:53	1393.9
2025-11-15 07:58:00	1190681	0:28:33	1361.1
2025-11-15 07:58:01	1191413	0:29:28	1318.3
2025-11-15 07:58:02	1192925	0:29:54	1298.2
2025-11-15 07:58:03	1194529	0:30:11	1285.4
2025-11-15 07:58:04	1196270	0:30:30	1270.9
2025-11-15 07:58:05	1198284	0:29:31	1312.6
2025-11-15 07:58:06	1200335	0:29:11	1326.0
2025-11-15 07:58:07	1202001	0:29:09	1326.5
2025-11-15 07:58:08	1204224	0:28:32	1354.2
2025-11-15 07:58:09	1205866	0:28:12	1368.9
2025-11-15 07:58:10	1207893	0:27:00	1428.4
2025-11-15 07:58:11	1209971	0:25:57	1485.5
2025-11-15 07:58:12	1211599	0:25:42	1498.1
2025-11-15 07:58:13	1212641	0:26:13	1468.2
2025-11-15 07:58:14	1213941	0:26:33	1449.5
2025-11-15 07:58:15	1215472	0:26:25	1455.1
2025-11-15 07:58:16	1217069	0:26:15	1463.4
2025-11-15 07:58:17	1218647	0:25:53	1483.7
2025-11-15 07:58:18	1219574	0:25:58	1478.1
2025-11-15 07:58:19	1221203	0:25:59	1476.1
2025-11-15 07:58:20	1223031	0:25:59	1475.0
2025-11-15 07:58:21	1224918	0:25:31	1500.5
2025-11-15 07:58:22	1226510	0:24:54	1536.9
2025-11-15 07:58:23	1228357	0:24:08	1583.9
2025-11-15 07:58:24	1230663	0:23:37	1616.8
2025-11-15 07:58:25	1232200	0:23:29	1625.5
2025-11-15 07:58:26	1233831	0:23:24	1629.5
2025-11-15 07:58:27	1234642	0:24:00	1588.2
2025-11-15 07:58:28	1235033	0:24:43	1541.9
2025-11-15 07:58:29	1235608	0:24:51	1533.5
2025-11-15 07:58:30	1237162	0:24:22	1563.1
2025-11-15 07:58:31	1239142	0:24:06	1579.1
2025-11-15 07:58:32	1241150	0:23:52	1593.3
2025-11-15 07:58:33	1243424	0:23:32	1613.5
2025-11-15 07:58:34	1245264	0:23:37	1607.3
2025-11-15 07:58:35	1247239	0:23:38	1604.6
2025-11-15 07:58:36	1249391	0:23:21	1622.0
2025-11-15 07:58:37	1250861	0:23:43	1596.0
2025-11-15 07:58:38	1252475	0:23:48	1589.6
2025-11-15 07:58:39	1254615	0:23:43	1593.4
2025-11-15 07:58:40	1256664	0:23:39	1597.1
2025-11-15 07:58:41	1258855	0:23:20	1616.3
2025-11-15 07:58:42	1260302	0:23:08	1630.2
2025-11-15 07:58:43	1262027	0:22:54	1644.7
2025-11-15 07:58:44	1263788	0:22:47	1652.7
2025-11-15 07:58:45	1264668	0:23:08	1626.9
2025-11-15 07:58:46	1266067	0:23:11	1621.9
2025-11-15 07:58:47	1267937	0:22:43	1654.1
2025-11-15 07:58:48	1269846	0:22:34	1663.7
2025-11-15 07:58:49	1270961	0:22:53	1639.3
2025-11-15 07:58:50	1272840	0:22:53	1638.8
2025-11-15 07:58:51	1274299	0:22:55	1634.3
2025-11-15 07:58:52	1275769	0:23:06	1621.5
2025-11-15 07:58:53	1277414	0:23:25	1597.4
2025-11-15 07:58:54	1279702	0:23:02	1622.8
2025-11-15 07:58:55	1281414	0:22:56	1628.8
2025-11-15 07:58:56	1283447	0:22:20	1670.6
2025-11-15 07:58:57	1285403	0:21:37	1724.4
2025-11-15 07:58:58	1287120	0:21:07	1763.5
2025-11-15 07:58:59	1288559	0:21:10	1759.5
2025-11-15 07:59:00	1290324	0:21:14	1752.6
2025-11-15 07:59:01	1291623	0:21:32	1726.1
2025-11-15 07:59:02	1293610	0:21:39	1716.2
2025-11-15 07:59:03	1295527	0:21:36	1718.5
2025-11-15 07:59:04	1297754	0:21:27	1729.1
2025-11-15 07:59:05	1299875	0:21:26	1727.7
2025-11-15 07:59:06	1301839	0:21:15	1741.8
2025-11-15 07:59:07	1303112	0:21:18	1736.2
2025-11-15 07:59:08	1304447	0:21:38	1708.7
2025-11-15 07:59:09	1305696	0:21:58	1681.3
2025-11-15 07:59:10	1306670	0:22:31	1639.8
2025-11-15 07:59:11	1307260	0:22:56	1610.2
2025-11-15 07:59:12	1307513	0:23:42	1557.4
2025-11-15 07:59:13	1307795	0:24:32	1504.8
2025-11-15 07:59:14	1308628	0:24:34	1502.1
2025-11-15 07:59:15	1309759	0:24:43	1492.5
2025-11-15 07:59:16	1310791	0:25:11	1463.8
2025-11-15 07:59:17	1312391	0:25:21	1453.3
2025-11-15 07:59:18	1313944	0:25:04	1468.1
2025-11-15 07:59:19	1315843	0:25:02	1469.0
2025-11-15 07:59:20	1317093	0:25:08	1462.0
2025-11-15 07:59:21	1318392	0:25:14	1456.0
2025-11-15 07:59:22	1320073	0:25:10	1458.6
2025-11-15 07:59:23	1322055	0:25:19	1448.1
2025-11-15 07:59:24	1322574	0:26:03	1407.3
2025-11-15 07:59:25	1322818	0:27:14	1345.8
2025-11-15 07:59:26	1323236	0:28:21	1293.2
2025-11-15 07:59:27	1323733	0:29:16	1252.0
2025-11-15 07:59:28	1324166	0:30:06	1217.6
2025-11-15 07:59:29	1325789	0:30:11	1212.9
2025-11-15 07:59:30	1326278	0:30:54	1184.8
2025-11-15 07:59:31	1326779	0:32:09	1138.0
2025-11-15 07:59:32	1327068	0:33:51	1080.9
2025-11-15 07:59:33	1327333	0:36:07	1013.2
2025-11-15 07:59:34	1328061	0:37:51	966.4
2025-11-15 07:59:36	1328933	0:39:29	926.1
2025-11-15 07:59:37	1329922	0:39:53	916.5
2025-11-15 07:59:38	1332293	0:38:27	949.3
2025-11-15 07:59:39	1334284	0:37:28	973.5
2025-11-15 07:59:40	1335964	0:36:30	998.5
2025-11-15 07:59:41	1338326	0:34:26	1057.5
2025-11-15 07:59:42	1340247	0:32:35	1116.5
2025-11-15 07:59:43	1342378	0:30:46	1180.9
2025-11-15 07:59:44	1343399	0:30:39	1184.7
2025-11-15 07:59:45	1344977	0:30:22	1195.2
2025-11-15 07:59:46	1347537	0:29:05	1246.2
2025-11-15 07:59:47	1349781	0:28:33	1268.3
2025-11-15 07:59:48	1351761	0:28:13	1282.5
2025-11-15 07:59:49	1353964	0:27:57	1292.8
2025-11-15 07:59:50	1355265	0:27:54	1294.3
2025-11-15 07:59:51	1356416	0:28:05	1285.3
2025-11-15 07:59:52	1358521	0:27:46	1298.9
2025-11-15 07:59:53	1360362	0:27:51	1294.2
2025-11-15 07:59:54	1361975	0:27:05	1329.7
2025-11-15 07:59:55	1364041	0:25:52	1391.1
2025-11-15 07:59:56	1365289	0:25:20	1419.4
2025-11-15 07:59:57	1366691	0:24:47	1450.1
2025-11-15 07:59:58	1368322	0:24:06	1489.4
2025-11-15 07:59:59	1369723	0:24:13	1482.0
2025-11-15 08:00:00	1370534	0:24:01	1492.9
2025-11-15 08:00:01	1371750	0:23:37	1517.4
2025-11-15 08:00:02	1373507	0:22:51	1567.0
2025-11-15 08:00:03	1375671	0:21:56	1631.3
2025-11-15 08:00:04	1377732	0:21:19	1676.2
2025-11-15 08:00:05	1379508	0:20:53	1709.8
2025-11-15 08:00:06	1380270	0:20:58	1702.3
2025-11-15 08:00:07	1381506	0:21:27	1664.0
2025-11-15 08:00:08	1383233	0:21:29	1659.6
2025-11-15 08:00:09	1384871	0:21:30	1657.1
2025-11-15 08:00:10	1386915	0:21:27	1659.1
2025-11-15 08:00:11	1389091	0:21:23	1662.6
2025-11-15 08:00:12	1390896	0:21:33	1648.8
2025-11-15 08:00:13	1393095	0:21:06	1682.4
2025-11-15 08:00:14	1395051	0:20:49	1703.2
2025-11-15 08:00:15	1395686	0:21:23	1657.4
2025-11-15 08:00:16	1396054	0:22:14	1594.1
2025-11-15 08:00:17	1396525	0:22:55	1546.3
2025-11-15 08:00:18	1397011	0:23:52	1483.7
2025-11-15 08:00:19	1397532	0:24:33	1442.4
2025-11-15 08:00:20	1398418	0:24:39	1435.9
2025-11-15 08:00:21	1399609	0:24:55	1420.4
2025-11-15 08:00:22	1400616	0:25:33	1384.2
2025-11-15 08:00:23	1402147	0:25:46	1371.9
2025-11-15 08:00:24	1404057	0:25:27	1387.7
2025-11-15 08:00:25	1405575	0:25:29	1384.5
2025-11-15 08:00:26	1406927	0:25:26	1386.3
2025-11-15 08:00:27	1408041	0:25:54	1360.2
2025-11-15 08:00:28	1409939	0:25:33	1378.1
2025-11-15 08:00:29	1411551	0:24:55	1412.2
2025-11-15 08:00:30	1413025	0:24:41	1424.6
2025-11-15 08:00:31	1414348	0:24:55	1410.3
2025-11-15 08:00:32	1416350	0:25:03	1400.9
2025-11-15 08:00:33	1418441	0:25:01	1402.0
2025-11-15 08:00:34	1420553	0:24:59	1402.3
2025-11-15 08:00:35	1422014	0:24:26	1432.9
2025-11-15 08:00:36	1423083	0:24:37	1421.4
2025-11-15 08:00:37	1424442	0:24:45	1412.9
2025-11-15 08:00:38	1425642	0:25:06	1392.3
2025-11-15 08:00:39	1427643	0:24:57	1399.3
2025-11-15 08:00:40	1430010	0:24:43	1411.4
2025-11-15 08:00:41	1432013	0:24:38	1414.2
2025-11-15 08:00:42	1433214	0:25:16	1378.5
2025-11-15 08:00:43	1434699	0:25:35	1360.3
2025-11-15 08:00:44	1436081	0:25:15	1377.4
2025-11-15 08:00:45	1436756	0:25:09	1382.4
2025-11-15 08:00:46	1437922	0:24:41	1407.3
2025-11-15 08:00:47	1439314	0:24:09	1437.7
2025-11-15 08:00:48	1440839	0:23:34	1472.0
2025-11-15 08:00:49	1442778	0:22:55	1512.8
2025-11-15 08:00:50	1444803	0:22:30	1538.5
2025-11-15 08:00:51	1446680	0:21:57	1576.0
2025-11-15 08:00:52	1448111	0:22:02	1569.4
2025-11-15 08:00:53	1449975	0:21:56	1574.9
2025-11-15 08:00:54	1452097	0:21:47	1584.2
2025-11-15 08:00:55	1454255	0:21:25	1609.8
2025-11-15 08:00:56	1455958	0:21:06	1631.7
2025-11-15 08:00:57	1457273	0:21:15	1619.6
2025-11-15 08:00:58	1458552	0:21:23	1607.9
2025-11-15 08:00:59	1459778	0:21:34	1594.3
2025-11-15 08:01:01	1460739	0:21:46	1578.5
2025-11-15 08:01:02	1461278	0:22:24	1533.1
2025-11-15 08:01:03	1462557	0:22:45	1508.6
2025-11-15 08:01:04	1464215	0:22:58	1494.1
2025-11-15 08:01:05	1465714	0:23:00	1490.6
2025-11-15 08:01:06	1467408	0:22:35	1517.0
2025-11-15 08:01:07	1468971	0:22:25	1527.0
2025-11-15 08:01:08	1470722	0:22:10	1543.0
2025-11-15 08:01:09	1472512	0:22:11	1540.4
2025-11-15 08:01:10	1473896	0:22:35	1512.1
2025-11-15 08:01:11	1475689	0:22:46	1498.3
2025-11-15 08:01:12	1476944	0:22:46	1497.0
2025-11-15 08:01:13	1477779	0:23:00	1481.3
2025-11-15 08:01:14	1478354	0:23:33	1446.9
2025-11-15 08:01:15	1479203	0:23:37	1441.7
2025-11-15 08:01:16	1480336	0:23:24	1454.8
2025-11-15 08:01:17	1481532	0:23:30	1447.3
2025-11-15 08:01:18	1482168	0:24:05	1411.9
2025-11-15 08:01:19	1482803	0:24:34	1383.5
2025-11-15 08:01:20	1483723	0:25:12	1348.5
2025-11-15 08:01:21	1485817	0:25:01	1357.1
2025-11-15 08:01:22	1487314	0:25:17	1341.2
2025-11-15 08:01:23	1489586	0:24:54	1360.3
2025-11-15 08:01:24	1491192	0:24:58	1356.2
2025-11-15 08:01:25	1493361	0:24:57	1355.1
2025-11-15 08:01:26	1495280	0:24:57	1354.5
2025-11-15 08:01:27	1497163	0:24:51	1358.7
2025-11-15 08:01:28	1499228	0:24:20	1385.6
2025-11-15 08:01:29	1501353	0:23:51	1412.5
2025-11-15 08:01:30	1503479	0:23:10	1452.7
2025-11-15 08:01:31	1505546	0:22:24	1500.3
2025-11-15 08:01:32	1507678	0:21:43	1546.0
2025-11-15 08:01:33	1509443	0:21:45	1542.3
2025-11-15 08:01:34	1511440	0:21:30	1559.4
2025-11-15 08:01:35	1513438	0:21:16	1574.0
2025-11-15 08:01:36	1514624	0:21:29	1557.6
2025-11-15 08:01:37	1515765	0:21:46	1536.9
2025-11-15 08:01:38	1517655	0:21:34	1549.3
2025-11-15 08:01:39	1519263	0:21:33	1548.9
2025-11-15 08:01:40	1521732	0:21:06	1579.9
2025-11-15 08:01:41	1523118	0:21:16	1566.7
2025-11-15 08:01:42	1524415	0:21:06	1578.2
2025-11-15 08:01:43	1526064	0:20:33	1618.4
2025-11-15 08:01:44	1528252	0:19:58	1664.7
2025-11-15 08:01:45	1530027	0:19:42	1685.1
2025-11-15 08:01:46	1531261	0:19:37	1691.5
2025-11-15 08:01:47	1533445	0:19:05	1737.7
2025-11-15 08:01:48	1535226	0:18:37	1779.6
2025-11-15 08:01:49	1537242	0:18:07	1825.8
2025-11-15 08:01:50	1539421	0:17:56	1843.5
2025-11-15 08:01:51	1541733	0:17:46	1858.1
2025-11-15 08:01:52	1543885	0:17:41	1864.9
2025-11-15 08:01:53	1546018	0:17:30	1881.3
2025-11-15 08:01:54	1548102	0:17:29	1881.6
2025-11-15 08:01:55	1549172	0:17:47	1848.5
2025-11-15 08:01:56	1549824	0:18:05	1817.8
2025-11-15 08:01:57	1550343	0:18:42	1758.2
2025-11-15 08:01:58	1550915	0:19:16	1705.2
2025-11-15 08:01:59	1551909	0:19:41	1667.9
2025-11-15 08:02:00	1552961	0:20:08	1630.4
2025-11-15 08:02:01	1553709	0:20:44	1582.9
2025-11-15 08:02:02	1554459	0:21:16	1542.5
2025-11-15 08:02:03	1555509	0:21:28	1526.8
2025-11-15 08:02:04	1556271	0:22:02	1487.6
2025-11-15 08:02:05	1557255	0:22:16	1470.6
2025-11-15 08:02:06	1558496	0:22:12	1474.7
2025-11-15 08:02:07	1560216	0:22:14	1470.8
2025-11-15 08:02:08	1561730	0:22:28	1454.9
2025-11-15 08:02:09	1563048	0:22:50	1430.1
2025-11-15 08:02:10	1563952	0:23:20	1398.9
2025-11-15 08:02:11	1564829	0:23:25	1393.2
2025-11-15 08:02:12	1566196	0:23:36	1381.7
2025-11-15 08:02:13	1567394	0:23:59	1358.2
2025-11-15 08:02:14	1568793	0:24:29	1330.3
2025-11-15 08:02:15	1570315	0:24:21	1336.2
2025-11-15 08:02:16	1571216	0:24:53	1307.3
2025-11-15 08:02:17	1572829	0:25:03	1297.3
2025-11-15 08:02:18	1574333	0:25:15	1286.2
2025-11-15 08:02:19	1576310	0:25:13	1286.5
2025-11-15 08:02:20	1577800	0:25:48	1256.1
2025-11-15 08:02:21	1579549	0:26:14	1234.7
2025-11-15 08:02:22	1580947	0:26:37	1215.5
2025-11-15 08:02:23	1582085	0:27:29	1176.7
2025-11-15 08:02:24	1583791	0:27:16	1185.2
2025-11-15 08:02:25	1586211	0:26:07	1235.5
2025-11-15 08:02:26	1587659	0:25:24	1269.9
2025-11-15 08:02:27	1588066	0:25:23	1269.8
2025-11-15 08:02:28	1589143	0:25:20	1272.2
2025-11-15 08:02:29	1590475	0:25:02	1286.7
2025-11-15 08:02:30	1592082	0:24:32	1311.2
2025-11-15 08:02:31	1593127	0:24:25	1317.3
2025-11-15 08:02:32	1593491	0:24:53	1292.3
2025-11-15 08:02:33	1594014	0:24:59	1286.6
2025-11-15 08:02:34	1594955	0:24:56	1288.5
2025-11-15 08:02:35	1596279	0:24:59	1285.0
2025-11-15 08:02:36	1598072	0:24:36	1304.2
2025-11-15 08:02:37	1599649	0:24:40	1298.8
2025-11-15 08:02:38	1601914	0:24:04	1329.7
2025-11-15 08:02:39	1603932	0:23:30	1360.4
2025-11-15 08:02:40	1605931	0:22:44	1405.3
2025-11-15 08:02:41	1607807	0:22:20	1428.3
2025-11-15 08:02:42	1609425	0:22:11	1436.8
2025-11-15 08:02:43	1611135	0:21:58	1450.6
2025-11-15 08:02:44	1612883	0:21:46	1462.3
2025-11-15 08:02:45	1615050	0:21:09	1503.3
2025-11-15 08:02:46	1616258	0:21:20	1488.7
2025-11-15 08:02:47	1617919	0:21:10	1499.6
2025-11-15 08:02:48	1619898	0:21:12	1495.3
2025-11-15 08:02:49	1622035	0:20:54	1515.9
2025-11-15 08:02:50	1624094	0:20:39	1531.9
2025-11-15 08:02:51	1626072	0:20:28	1543.9
2025-11-15 08:02:52	1627175	0:20:30	1540.3
2025-11-15 08:02:53	1629054	0:20:24	1546.6
2025-11-15 08:02:54	1630815	0:20:29	1539.5
2025-11-15 08:02:55	1632472	0:20:36	1529.0
2025-11-15 08:02:56	1634374	0:19:55	1580.0
2025-11-15 08:02:57	1636140	0:19:30	1611.8
2025-11-15 08:02:58	1637853	0:19:26	1615.7
2025-11-15 08:02:59	1639483	0:19:14	1631.7
2025-11-15 08:03:00	1641002	0:19:13	1631.2
2025-11-15 08:03:01	1642620	0:18:45	1671.4
2025-11-15 08:03:02	1642803	0:18:51	1661.3
2025-11-15 08:03:03	1642941	0:19:10	1634.6
2025-11-15 08:03:04	1643246	0:19:33	1601.4
2025-11-15 08:03:05	1643553	0:20:13	1548.5
2025-11-15 08:03:06	1643951	0:20:44	1510.3
2025-11-15 08:03:07	1644363	0:21:35	1450.5
2025-11-15 08:03:08	1644833	0:22:27	1393.7
2025-11-15 08:03:09	1646055	0:22:54	1366.0
2025-11-15 08:03:11	1647435	0:22:57	1361.2
2025-11-15 08:03:12	1648917	0:23:09	1348.7
2025-11-15 08:03:13	1650697	0:23:04	1352.1
2025-11-15 08:03:14	1652699	0:22:46	1368.8
2025-11-15 08:03:15	1654955	0:22:43	1369.9
2025-11-15 08:03:16	1657388	0:22:03	1409.3
2025-11-15 08:03:17	1658979	0:22:07	1404.1
2025-11-15 08:03:18	1660614	0:22:03	1407.4
2025-11-15 08:03:19	1662770	0:21:59	1409.9
2025-11-15 08:03:20	1664972	0:22:00	1407.0
2025-11-15 08:03:21	1666815	0:21:54	1412.2
2025-11-15 08:03:22	1669190	0:21:22	1445.8
2025-11-15 08:03:23	1671131	0:21:19	1447.8
2025-11-15 08:03:24	1673235	0:21:13	1452.6
2025-11-15 08:03:25	1675217	0:21:03	1462.3
2025-11-15 08:03:26	1677118	0:20:59	1466.1
2025-11-15 08:03:27	1679276	0:20:44	1481.5
2025-11-15 08:03:28	1681279	0:20:39	1486.4
2025-11-15 08:03:29	1683449	0:20:25	1500.6
2025-11-15 08:03:30	1685557	0:20:05	1524.1
2025-11-15 08:03:31	1687846	0:19:51	1540.3
2025-11-15 08:03:32	1689924	0:19:06	1598.9
2025-11-15 08:03:33	1692127	0:18:16	1669.2
2025-11-15 08:03:34	1692766	0:18:08	1682.3
2025-11-15 08:03:35	1693633	0:17:53	1704.9
2025-11-15 08:03:36	1694062	0:17:51	1707.1
2025-11-15 08:03:37	1695042	0:17:38	1727.8
2025-11-15 08:03:38	1696529	0:17:17	1759.9
2025-11-15 08:03:39	1698448	0:16:55	1797.3
2025-11-15 08:03:40	1700263	0:16:52	1800.0
2025-11-15 08:03:41	1702100	0:16:43	1815.3
2025-11-15 08:03:42	1704143	0:16:34	1828.6
2025-11-15 08:03:43	1706643	0:16:23	1847.5
2025-11-15 08:03:44	1708878	0:16:26	1839.0
2025-11-15 08:03:45	1710685	0:16:32	1826.8
2025-11-15 08:03:46	1711601	0:16:47	1797.2
2025-11-15 08:03:47	1713330	0:16:45	1800.4
2025-11-15 08:03:48	1714701	0:16:52	1786.9
2025-11-15 08:03:49	1716069	0:17:11	1751.6
2025-11-15 08:03:50	1717657	0:17:13	1747.1
2025-11-15 08:03:51	1719313	0:17:28	1719.6
2025-11-15 08:03:52	1721155	0:17:31	1714.1
2025-11-15 08:03:53	1722738	0:17:41	1696.6
2025-11-15 08:03:54	1724997	0:17:32	1708.6
2025-11-15 08:03:55	1726876	0:17:32	1706.6
2025-11-15 08:03:56	1728275	0:17:46	1682.9
2025-11-15 08:03:57	1728996	0:18:14	1639.3
2025-11-15 08:03:58	1729563	0:18:57	1577.2
2025-11-15 08:03:59	1730277	0:19:28	1534.7
2025-11-15 08:04:00	1731581	0:19:59	1493.3
2025-11-15 08:04:01	1733251	0:20:08	1480.7
2025-11-15 08:04:02	1734774	0:20:26	1458.2
2025-11-15 08:04:03	1735671	0:20:26	1457.4
2025-11-15 08:04:04	1737231	0:20:06	1479.8
2025-11-15 08:04:05	1738983	0:19:29	1525.1
2025-11-15 08:04:06	1740980	0:18:54	1570.2
2025-11-15 08:04:07	1742920	0:18:41	1587.7
2025-11-15 08:04:08	1744590	0:18:48	1576.4
2025-11-15 08:04:09	1745864	0:19:02	1555.7
2025-11-15 08:04:10	1746365	0:19:40	1505.0
2025-11-15 08:04:11	1746840	0:20:18	1457.2
2025-11-15 08:04:12	1748039	0:20:48	1422.1
2025-11-15 08:04:13	1749628	0:21:00	1407.2
2025-11-15 08:04:14	1751343	0:21:11	1393.7
2025-11-15 08:04:15	1753250	0:20:44	1421.8
2025-11-15 08:04:16	1755217	0:20:28	1439.0
2025-11-15 08:04:17	1757358	0:20:13	1455.5
2025-11-15 08:04:18	1759228	0:19:56	1474.5
2025-11-15 08:04:19	1760664	0:20:03	1463.9
2025-11-15 08:04:20	1762237	0:19:54	1474.4
2025-11-15 08:04:21	1764034	0:19:49	1478.6
2025-11-15 08:04:22	1766401	0:19:37	1491.6
2025-11-15 08:04:23	1768395	0:19:42	1483.5
2025-11-15 08:04:24	1770526	0:19:35	1491.5
2025-11-15 08:04:25	1772418	0:19:28	1498.8
2025-11-15 08:04:26	1773537	0:19:18	1510.4
2025-11-15 08:04:27	1775358	0:18:44	1554.5
2025-11-15 08:04:28	1776901	0:18:23	1582.6
2025-11-15 08:04:29	1779104	0:17:52	1625.9
2025-11-15 08:04:30	1781293	0:17:40	1642.9
2025-11-15 08:04:31	1783371	0:17:31	1654.8
2025-11-15 08:04:32	1785235	0:17:11	1685.2
2025-11-15 08:04:33	1787119	0:16:51	1716.3
2025-11-15 08:04:34	1789036	0:16:47	1720.6
2025-11-15 08:04:35	1791430	0:16:37	1735.8
2025-11-15 08:04:36	1793153	0:16:49	1713.3
2025-11-15 08:04:37	1795176	0:16:38	1730.4
2025-11-15 08:04:38	1797062	0:16:35	1733.3
2025-11-15 08:04:39	1798501	0:16:15	1768.5
2025-11-15 08:04:40	1800315	0:15:52	1808.8
2025-11-15 08:04:41	1802680	0:15:20	1869.4
2025-11-15 08:04:42	1803814	0:15:28	1851.0
2025-11-15 08:04:43	1806258	0:15:15	1874.3
2025-11-15 08:04:44	1807793	0:15:17	1870.1
2025-11-15 08:04:45	1808631	0:15:35	1833.4
2025-11-15 08:04:46	1809834	0:15:52	1797.8
2025-11-15 08:04:47	1811528	0:15:56	1789.8
2025-11-15 08:04:48	1812809	0:16:05	1770.9
2025-11-15 08:04:49	1814398	0:15:59	1781.8
2025-11-15 08:04:50	1815530	0:16:15	1750.6
2025-11-15 08:04:51	1817168	0:16:12	1754.1
2025-11-15 08:04:52	1818311	0:16:31	1719.8
2025-11-15 08:04:53	1820149	0:16:39	1703.1
2025-11-15 08:04:54	1822099	0:16:42	1696.7
2025-11-15 08:04:55	1824095	0:16:19	1735.3
2025-11-15 08:04:56	1826534	0:16:05	1757.3
2025-11-15 08:04:57	1827975	0:16:10	1745.9
2025-11-15 08:04:58	1829941	0:16:12	1741.2
2025-11-15 08:04:59	1831510	0:16:20	1725.9
2025-11-15 08:05:00	1833962	0:16:12	1736.9
2025-11-15 08:05:01	1835865	0:16:15	1729.6
2025-11-15 08:05:02	1837991	0:16:07	1742.3
2025-11-15 08:05:03	1839709	0:16:13	1728.5
2025-11-15 08:05:04	1841836	0:16:11	1730.7
2025-11-15 08:05:05	1843480	0:16:17	1717.7
2025-11-15 08:05:06	1845391	0:16:15	1720.1
2025-11-15 08:05:07	1847937	0:16:00	1744.4
2025-11-15 08:05:08	1850078	0:15:48	1763.8
2025-11-15 08:05:09	1851867	0:15:44	1768.8
2025-11-15 08:05:10	1853572	0:15:57	1743.7
2025-11-15 08:05:11	1855691	0:15:37	1777.7
2025-11-15 08:05:12	1857571	0:15:47	1758.1
2025-11-15 08:05:13	1859909	0:15:31	1785.3
2025-11-15 08:05:14	1861744	0:15:13	1819.4
2025-11-15 08:05:15	1863719	0:14:59	1845.7
2025-11-15 08:05:16	1864261	0:15:19	1804.9
2025-11-15 08:05:17	1864409	0:15:39	1766.3
2025-11-15 08:05:19	1864597	0:16:08	1712.5
2025-11-15 08:05:20	1864789	0:16:26	1681.7
2025-11-15 08:05:21	1865000	0:16:55	1632.3
2025-11-15 08:05:22	1865207	0:17:15	1600.6
2025-11-15 08:05:23	1865615	0:17:48	1551.6
2025-11-15 08:05:24	1866583	0:18:11	1518.1
2025-11-15 08:05:25	1868303	0:18:16	1508.7
2025-11-15 08:05:26	1870116	0:18:32	1485.7
2025-11-15 08:05:27	1871795	0:18:24	1494.6
2025-11-15 08:05:28	1873382	0:18:33	1481.7
2025-11-15 08:05:29	1875235	0:18:24	1491.6
2025-11-15 08:05:30	1877466	0:18:28	1484.0
2025-11-15 08:05:31	1879735	0:18:17	1496.7
2025-11-15 08:05:32	1881617	0:18:23	1488.0
2025-11-15 08:05:33	1882058	0:18:55	1445.6
2025-11-15 08:05:34	1882990	0:19:27	1404.8
2025-11-15 08:05:35	1884483	0:19:30	1399.6
2025-11-15 08:05:36	1886706	0:19:20	1410.4
2025-11-15 08:05:37	1888753	0:19:32	1393.7
2025-11-15 08:05:38	1890808	0:19:33	1390.8
2025-11-15 08:05:39	1892638	0:19:31	1392.1
2025-11-15 08:05:40	1894907	0:19:11	1413.4
2025-11-15 08:05:41	1897102	0:19:08	1416.0
2025-11-15 08:05:42	1898768	0:19:13	1408.7
2025-11-15 08:05:43	1900708	0:19:23	1394.9
2025-11-15 08:05:44	1902548	0:19:25	1390.8
2025-11-15 08:05:45	1904240	0:19:32	1380.3
2025-11-15 08:05:46	1906305	0:18:49	1431.9
2025-11-15 08:05:47	1908249	0:18:01	1493.5
2025-11-15 08:05:48	1910171	0:17:14	1558.8
2025-11-15 08:05:49	1911458	0:16:49	1596.0
2025-11-15 08:05:50	1913491	0:16:10	1659.0
2025-11-15 08:05:51	1915454	0:15:35	1718.5
2025-11-15 08:05:52	1916937	0:15:14	1756.0
2025-11-15 08:05:53	1918321	0:15:06	1770.2
2025-11-15 08:05:54	1919660	0:15:12	1757.2
2025-11-15 08:05:55	1921344	0:15:12	1754.7
2025-11-15 08:05:56	1923005	0:15:12	1754.3
2025-11-15 08:05:57	1924667	0:15:09	1757.0
2025-11-15 08:05:58	1926648	0:15:08	1756.4
2025-11-15 08:05:59	1929018	0:15:05	1761.1
2025-11-15 08:06:00	1931405	0:15:01	1765.3
2025-11-15 08:06:01	1933397	0:14:58	1769.4
2025-11-15 08:06:02	1934695	0:14:43	1798.7
2025-11-15 08:06:03	1936733	0:14:23	1837.6
2025-11-15 08:06:04	1938375	0:14:20	1842.0
2025-11-15 08:06:05	1939739	0:14:33	1813.5
2025-11-15 08:06:06	1941568	0:14:36	1803.8
2025-11-15 08:06:07	1943703	0:14:34	1806.0
2025-11-15 08:06:08	1945782	0:14:29	1814.5
2025-11-15 08:06:09	1947837	0:14:31	1806.9
2025-11-15 08:06:10	1949899	0:14:32	1802.6
2025-11-15 08:06:11	1952129	0:14:22	1822.2
2025-11-15 08:06:12	1954347	0:14:18	1826.4
2025-11-15 08:06:13	1956445	0:14:10	1841.1
2025-11-15 08:06:14	1958515	0:14:03	1855.3
2025-11-15 08:06:15	1960216	0:14:08	1842.9
2025-11-15 08:06:16	1962156	0:14:07	1842.7
2025-11-15 08:06:17	1964070	0:14:06	1842.8
2025-11-15 08:06:18	1966394	0:13:48	1878.1
2025-11-15 08:06:19	1968558	0:13:45	1883.1
2025-11-15 08:06:20	1970208	0:13:49	1871.6
2025-11-15 08:06:21	1971953	0:13:43	1882.6
2025-11-15 08:06:22	1973607	0:13:39	1891.0
2025-11-15 08:06:23	1975105	0:13:35	1897.6
2025-11-15 08:06:24	1976990	0:13:31	1904.5
2025-11-15 08:06:25	1978881	0:13:27	1911.4
2025-11-15 08:06:26	1981373	0:13:13	1941.8
2025-11-15 08:06:27	1983210	0:13:13	1940.3
2025-11-15 08:06:28	1984619	0:13:26	1907.4
2025-11-15 08:06:29	1986227	0:13:37	1880.7
2025-11-15 08:06:30	1987916	0:13:40	1870.1
2025-11-15 08:06:31	1989706	0:13:32	1887.1
2025-11-15 08:06:32	1991741	0:13:31	1886.9
2025-11-15 08:06:33	1993565	0:13:27	1893.1
2025-11-15 08:06:34	1994733	0:13:30	1886.4
2025-11-15 08:06:35	1996820	0:13:27	1890.3
2025-11-15 08:06:36	1998448	0:13:34	1872.1
2025-11-15 08:06:37	2000283	0:13:37	1863.8
2025-11-15 08:06:38	2002512	0:13:33	1869.8
2025-11-15 08:06:39	2004211	0:13:37	1857.2
2025-11-15 08:06:40	2006180	0:13:40	1848.4
2025-11-15 08:06:41	2007890	0:13:45	1836.0
2025-11-15 08:06:42	2009702	0:13:48	1826.2
2025-11-15 08:06:43	2011362	0:13:54	1812.2
2025-11-15 08:06:44	2011915	0:14:12	1772.5
2025-11-15 08:06:45	2012681	0:14:32	1731.9
2025-11-15 08:06:46	2013996	0:14:41	1711.3
2025-11-15 08:06:47	2016007	0:14:46	1700.5
2025-11-15 08:06:48	2018086	0:14:46	1697.6
2025-11-15 08:06:49	2019557	0:14:48	1691.6
2025-11-15 08:06:50	2020829	0:14:57	1674.8
2025-11-15 08:06:51	2022045	0:15:04	1659.9
2025-11-15 08:06:52	2023798	0:14:58	1669.0
2025-11-15 08:06:53	2025375	0:15:02	1659.9
2025-11-15 08:06:54	2026502	0:15:17	1631.7
2025-11-15 08:06:55	2028158	0:15:32	1603.0
2025-11-15 08:06:56	2029312	0:15:45	1579.6
2025-11-15 08:06:57	2030126	0:15:57	1559.0
2025-11-15 08:06:58	2031743	0:15:56	1559.4
2025-11-15 08:06:59	2033606	0:15:51	1565.6
2025-11-15 08:07:00	2035469	0:15:48	1568.3
2025-11-15 08:07:01	2037361	0:15:50	1563.3
2025-11-15 08:07:02	2039097	0:15:51	1560.1
2025-11-15 08:07:03	2041150	0:15:31	1590.5
2025-11-15 08:07:04	2042935	0:15:33	1586.0
2025-11-15 08:07:05	2043539	0:15:53	1551.5
2025-11-15 08:07:06	2044014	0:16:23	1504.1
2025-11-15 08:07:07	2044968	0:16:52	1460.0
2025-11-15 08:07:08	2046976	0:16:43	1470.6
2025-11-15 08:07:09	2049072	0:16:39	1475.0
2025-11-15 08:07:10	2050752	0:16:38	1474.1
2025-11-15 08:07:11	2052715	0:16:33	1479.5
2025-11-15 08:07:12	2055242	0:16:12	1508.9
2025-11-15 08:07:13	2056697	0:15:52	1539.9
2025-11-15 08:07:14	2058439	0:15:30	1573.7
2025-11-15 08:07:15	2060482	0:15:14	1598.9
2025-11-15 08:07:16	2062609	0:15:11	1602.9
2025-11-15 08:07:17	2065036	0:15:02	1616.3
2025-11-15 08:07:18	2067189	0:14:50	1635.1
2025-11-15 08:07:19	2069416	0:14:31	1668.0
2025-11-15 08:07:20	2071299	0:14:18	1690.8
2025-11-15 08:07:21	2073135	0:14:15	1694.0
2025-11-15 08:07:22	2074509	0:14:18	1686.7
2025-11-15 08:07:23	2076001	0:14:13	1696.3
2025-11-15 08:07:24	2078384	0:13:59	1721.3
2025-11-15 08:07:25	2080263	0:13:46	1746.0
2025-11-15 08:07:26	2082712	0:13:19	1801.8
2025-11-15 08:07:27	2084667	0:13:12	1814.5
2025-11-15 08:07:28	2086692	0:13:09	1820.3
2025-11-15 08:07:29	2088617	0:13:07	1821.2
2025-11-15 08:07:30	2090268	0:13:10	1813.6
2025-11-15 08:07:31	2091433	0:13:17	1794.5
2025-11-15 08:07:32	2093131	0:13:22	1781.0
2025-11-15 08:07:34	2095168	0:13:19	1786.1
2025-11-15 08:07:35	2096270	0:13:11	1802.9
2025-11-15 08:07:36	2097390	0:13:01	1825.3
2025-11-15 08:07:37	2098771	0:12:53	1840.5
2025-11-15 08:07:38	2100064	0:13:03	1817.0
2025-11-15 08:07:39	2101712	0:13:07	1805.7
2025-11-15 08:07:40	2103592	0:13:04	1808.9
2025-11-15 08:07:41	2105328	0:13:06	1802.3
2025-11-15 08:07:42	2107329	0:13:13	1783.4
2025-11-15 08:07:43	2109417	0:13:03	1803.6
2025-11-15 08:07:44	2111629	0:12:55	1819.4
2025-11-15 08:07:45	2113667	0:12:54	1818.8
2025-11-15 08:07:46	2115823	0:12:53	1819.2
2025-11-15 08:07:47	2117720	0:13:00	1801.1
2025-11-15 08:07:48	2119288	0:13:09	1779.3
2025-11-15 08:07:49	2120813	0:13:14	1765.9
2025-11-15 08:07:50	2122365	0:13:19	1752.4
2025-11-15 08:07:51	2124576	0:13:12	1763.7
2025-11-15 08:07:52	2125993	0:13:11	1765.0
2025-11-15 08:07:53	2128235	0:12:58	1790.7
2025-11-15 08:07:54	2130062	0:13:05	1773.6
2025-11-15 08:07:55	2131830	0:13:05	1770.7
2025-11-15 08:07:56	2133944	0:13:09	1758.7
2025-11-15 08:07:57	2136079	0:13:05	1765.3
2025-11-15 08:07:58	2138138	0:13:04	1764.8
2025-11-15 08:07:59	2140276	0:13:00	1771.9
2025-11-15 08:08:00	2142415	0:12:51	1789.4
2025-11-15 08:08:01	2144289	0:12:40	1813.5
2025-11-15 08:08:02	2146154	0:12:37	1819.0
2025-11-15 08:08:03	2148384	0:12:34	1821.0
2025-11-15 08:08:04	2150461	0:12:20	1853.7
2025-11-15 08:08:05	2152643	0:12:04	1890.9
2025-11-15 08:08:06	2154802	0:11:53	1918.9
2025-11-15 08:08:07	2157138	0:11:39	1953.8
2025-11-15 08:08:08	2159080	0:11:33	1967.7
2025-11-15 08:08:09	2161006	0:11:31	1970.3
2025-11-15 08:08:10	2163057	0:11:27	1978.1
2025-11-15 08:08:11	2165195	0:11:24	1984.4
2025-11-15 08:08:12	2167119	0:11:26	1976.1
2025-11-15 08:08:13	2168654	0:11:31	1958.2
2025-11-15 08:08:14	2170670	0:11:35	1944.0
2025-11-15 08:08:15	2172756	0:11:33	1946.7
2025-11-15 08:08:16	2174974	0:11:29	1954.2
2025-11-15 08:08:17	2176323	0:11:31	1947.7
2025-11-15 08:08:18	2177960	0:11:29	1949.6
2025-11-15 08:08:19	2179973	0:11:22	1966.8
2025-11-15 08:08:20	2182016	0:11:19	1973.8
2025-11-15 08:08:21	2184173	0:11:13	1986.6
2025-11-15 08:08:22	2185907	0:11:18	1969.8
2025-11-15 08:08:23	2187601	0:11:18	1967.7
2025-11-15 08:08:24	2189081	0:11:22	1953.8
2025-11-15 08:08:25	2190963	0:11:19	1960.9
2025-11-15 08:08:26	2192933	0:11:24	1943.6
2025-11-15 08:08:27	2194611	0:11:29	1926.8
2025-11-15 08:08:28	2196452	0:11:31	1918.3
2025-11-15 08:08:29	2197919	0:11:38	1896.3
2025-11-15 08:08:30	2199809	0:11:36	1899.6
2025-11-15 08:08:31	2201255	0:11:42	1881.7
2025-11-15 08:08:32	2203479	0:11:42	1877.5
2025-11-15 08:08:33	2205073	0:11:45	1868.7
2025-11-15 08:08:34	2205498	0:12:07	1810.2
2025-11-15 08:08:35	2205692	0:12:34	1746.0
2025-11-15 08:08:36	2205926	0:13:07	1672.9
2025-11-15 08:08:37	2206355	0:13:33	1618.6
2025-11-15 08:08:38	2206528	0:14:05	1557.7
2025-11-15 08:08:39	2206831	0:14:36	1502.3
2025-11-15 08:08:40	2207209	0:15:10	1444.5
2025-11-15 08:08:41	2207383	0:15:55	1376.7
2025-11-15 08:08:42	2207555	0:16:28	1330.5
2025-11-15 08:08:43	2207784	0:17:17	1268.2
2025-11-15 08:08:44	2208039	0:18:04	1212.6
2025-11-15 08:08:45	2208526	0:18:54	1158.3
2025-11-15 08:08:46	2209931	0:19:04	1147.9
2025-11-15 08:08:47	2211190	0:19:15	1135.0
2025-11-15 08:08:48	2212798	0:19:27	1122.7
2025-11-15 08:08:49	2214300	0:19:44	1105.0
2025-11-15 08:08:50	2216029	0:20:05	1084.2
2025-11-15 08:08:51	2217478	0:20:09	1079.1
2025-11-15 08:08:52	2219849	0:19:42	1102.2
2025-11-15 08:08:53	2221709	0:19:30	1111.6
2025-11-15 08:08:54	2223110	0:19:43	1098.6
2025-11-15 08:08:55	2224750	0:19:57	1084.5
2025-11-15 08:08:56	2226624	0:19:47	1091.6
2025-11-15 08:08:57	2228288	0:19:54	1083.6
2025-11-15 08:08:58	2229729	0:19:52	1084.7
2025-11-15 08:08:59	2231740	0:19:42	1092.2
2025-11-15 08:09:00	2233818	0:19:27	1104.0
2025-11-15 08:09:01	2235941	0:19:16	1113.2
2025-11-15 08:09:02	2237806	0:19:12	1115.4
2025-11-15 08:09:03	2239712	0:18:20	1166.0
2025-11-15 08:09:04	2242235	0:17:08	1245.2
2025-11-15 08:09:05	2244390	0:16:15	1311.5
2025-11-15 08:09:06	2246701	0:15:27	1375.6
2025-11-15 08:09:07	2249003	0:14:39	1448.3
2025-11-15 08:09:08	2251074	0:14:03	1508.5
2025-11-15 08:09:09	2253104	0:13:31	1565.8
2025-11-15 08:09:10	2255583	0:12:54	1636.9
2025-11-15 08:09:11	2257609	0:12:24	1700.6
2025-11-15 08:09:12	2259522	0:11:58	1759.6
2025-11-15 08:09:13	2261171	0:11:38	1807.1
2025-11-15 08:09:14	2262703	0:11:24	1842.6
2025-11-15 08:09:15	2263975	0:11:24	1840.5
2025-11-15 08:09:16	2265057	0:11:25	1834.3
2025-11-15 08:09:17	2266451	0:11:25	1832.3
2025-11-15 08:09:18	2268169	0:11:21	1840.2
2025-11-15 08:09:19	2269934	0:11:20	1840.2
2025-11-15 08:09:20	2272421	0:11:06	1876.8
2025-11-15 08:09:21	2274575	0:11:07	1869.5
2025-11-15 08:09:22	2276796	0:11:02	1881.9
2025-11-15 08:09:23	2278445	0:10:58	1890.3
2025-11-15 08:09:24	2279496	0:11:04	1870.7
2025-11-15 08:09:26	2280083	0:11:20	1826.3
2025-11-15 08:09:27	2280618	0:11:34	1788.1
2025-11-15 08:09:28	2282218	0:11:31	1793.5
2025-11-15 08:09:29	2284339	0:11:29	1795.8
2025-11-15 08:09:30	2285936	0:11:35	1780.0
2025-11-15 08:09:31	2287085	0:11:47	1746.0
2025-11-15 08:09:32	2288370	0:11:55	1726.2
2025-11-15 08:09:33	2290258	0:11:54	1725.9
2025-11-15 08:09:34	2292235	0:12:01	1706.8
2025-11-15 08:09:35	2293986	0:12:05	1694.7
2025-11-15 08:09:36	2296098	0:12:07	1686.7
2025-11-15 08:09:37	2297913	0:12:13	1669.5
2025-11-15 08:09:38	2299760	0:12:15	1662.6
2025-11-15 08:09:39	2301623	0:12:17	1656.2
2025-11-15 08:09:40	2303959	0:12:17	1652.2
2025-11-15 08:09:41	2305605	0:12:21	1642.8
2025-11-15 08:09:42	2307138	0:12:24	1632.6
2025-11-15 08:09:43	2308101	0:12:35	1607.4
2025-11-15 08:09:44	2309324	0:12:41	1595.0
2025-11-15 08:09:45	2311135	0:12:32	1611.0
2025-11-15 08:09:46	2313060	0:12:16	1643.8
2025-11-15 08:09:47	2314502	0:12:14	1645.4
2025-11-15 08:09:48	2315800	0:12:20	1630.0
2025-11-15 08:09:49	2317666	0:12:19	1630.3
2025-11-15 08:09:50	2319828	0:12:21	1622.1
2025-11-15 08:09:51	2321630	0:12:27	1607.2
2025-11-15 08:09:52	2323415	0:12:33	1592.6
2025-11-15 08:09:53	2325519	0:12:25	1606.6
2025-11-15 08:09:54	2327605	0:12:10	1636.6
2025-11-15 08:09:55	2329714	0:11:46	1689.6
2025-11-15 08:09:56	2331739	0:11:22	1744.5
2025-11-15 08:09:57	2333697	0:11:16	1757.8
2025-11-15 08:09:58	2334804	0:11:30	1721.6
2025-11-15 08:09:59	2336769	0:11:26	1729.1
2025-11-15 08:10:00	2338845	0:11:12	1761.7
2025-11-15 08:10:01	2341186	0:10:58	1795.9
2025-11-15 08:10:02	2343099	0:10:55	1799.4
2025-11-15 08:10:03	2345648	0:10:46	1821.1
2025-11-15 08:10:04	2348067	0:10:37	1843.2
2025-11-15 08:10:05	2349818	0:10:39	1834.0
2025-11-15 08:10:06	2351488	0:10:46	1812.8
2025-11-15 08:10:07	2353189	0:10:43	1817.9
2025-11-15 08:10:08	2355261	0:10:39	1826.7
2025-11-15 08:10:09	2357552	0:10:36	1831.8
2025-11-15 08:10:10	2359868	0:10:30	1844.8
2025-11-15 08:10:11	2361618	0:10:28	1847.3
2025-11-15 08:10:12	2363173	0:10:21	1865.6
2025-11-15 08:10:13	2364711	0:10:14	1884.8
2025-11-15 08:10:14	2367061	0:10:06	1904.6
2025-11-15 08:10:15	2369245	0:10:00	1922.6
2025-11-15 08:10:16	2370869	0:10:02	1913.8
2025-11-15 08:10:17	2372822	0:09:54	1935.6
2025-11-15 08:10:18	2375021	0:09:49	1947.5
2025-11-15 08:10:19	2376870	0:09:50	1942.7
2025-11-15 08:10:20	2378849	0:09:45	1953.1
2025-11-15 08:10:21	2380186	0:09:49	1938.6
2025-11-15 08:10:22	2381801	0:09:50	1932.2
2025-11-15 08:10:23	2383813	0:09:48	1934.7
2025-11-15 08:10:24	2385272	0:09:58	1902.0
2025-11-15 08:10:25	2387236	0:10:01	1887.3
2025-11-15 08:10:26	2388732	0:10:00	1888.8
2025-11-15 08:10:27	2390838	0:09:52	1912.3
2025-11-15 08:10:28	2392751	0:09:51	1912.2
2025-11-15 08:10:29	2393932	0:09:56	1891.7
2025-11-15 08:10:30	2394889	0:10:09	1852.1
2025-11-15 08:10:31	2396136	0:10:21	1814.4
2025-11-15 08:10:32	2397819	0:10:30	1785.7
2025-11-15 08:10:33	2398592	0:10:45	1742.1
2025-11-15 08:10:34	2398787	0:11:06	1686.9
2025-11-15 08:10:35	2398985	0:11:37	1611.8
2025-11-15 08:10:36	2399186	0:11:51	1579.9
2025-11-15 08:10:37	2399435	0:12:16	1524.8
2025-11-15 08:10:38	2400008	0:12:45	1467.8
2025-11-15 08:10:39	2400608	0:13:20	1402.2
2025-11-15 08:10:40	2400820	0:13:57	1339.8
2025-11-15 08:10:41	2401021	0:14:19	1305.7
2025-11-15 08:10:42	2401498	0:14:47	1263.7
2025-11-15 08:10:43	2401734	0:15:39	1193.1
2025-11-15 08:10:44	2402274	0:16:27	1135.5
2025-11-15 08:10:45	2403024	0:16:48	1110.4
2025-11-15 08:10:46	2404454	0:17:08	1087.4
2025-11-15 08:10:47	2406319	0:17:28	1065.4
2025-11-15 08:10:48	2406827	0:18:11	1023.1
2025-11-15 08:10:49	2407403	0:18:54	983.6
2025-11-15 08:10:50	2408265	0:19:20	960.7
2025-11-15 08:10:51	2409832	0:19:08	969.7
2025-11-15 08:10:52	2411505	0:19:09	967.4
2025-11-15 08:10:53	2413228	0:19:27	950.5
2025-11-15 08:10:54	2415102	0:19:12	961.4
2025-11-15 08:10:55	2416853	0:19:00	970.0
2025-11-15 08:10:56	2418523	0:19:00	968.3
2025-11-15 08:10:57	2420620	0:19:05	962.2
2025-11-15 08:10:58	2422520	0:18:45	978.2
2025-11-15 08:10:59	2424337	0:18:12	1005.4
2025-11-15 08:11:00	2425810	0:17:50	1024.8
2025-11-15 08:11:01	2427540	0:17:41	1032.0
2025-11-15 08:11:02	2429586	0:17:22	1049.2
2025-11-15 08:11:03	2431098	0:16:42	1089.2
2025-11-15 08:11:04	2432774	0:15:56	1140.5
2025-11-15 08:11:05	2434516	0:15:12	1193.0
2025-11-15 08:11:06	2436936	0:14:15	1268.9
2025-11-15 08:11:07	2439117	0:13:34	1331.3
2025-11-15 08:11:08	2441403	0:13:03	1380.4
2025-11-15 08:11:09	2442720	0:12:43	1415.4
2025-11-15 08:11:10	2444769	0:12:08	1480.1
2025-11-15 08:11:11	2446471	0:11:46	1524.1
2025-11-15 08:11:12	2447710	0:11:31	1554.4
2025-11-15 08:11:13	2449408	0:11:10	1602.1
2025-11-15 08:11:14	2451064	0:10:53	1639.4
2025-11-15 08:11:15	2452580	0:10:44	1662.1
2025-11-15 08:11:16	2453966	0:10:48	1648.8
2025-11-15 08:11:17	2455722	0:10:41	1664.1
2025-11-15 08:11:18	2457322	0:10:28	1697.1
2025-11-15 08:11:19	2458620	0:10:18	1720.8
2025-11-15 08:11:20	2459846	0:10:21	1711.3
2025-11-15 08:11:21	2460807	0:10:27	1693.0
2025-11-15 08:11:22	2462479	0:10:25	1695.3
2025-11-15 08:11:23	2464116	0:10:30	1680.9
2025-11-15 08:11:24	2465657	0:10:28	1683.2
2025-11-15 08:11:25	2467601	0:10:27	1681.8
2025-11-15 08:11:26	2469453	0:10:23	1688.9
2025-11-15 08:11:27	2471146	0:10:26	1678.7
2025-11-15 08:11:28	2473085	0:10:20	1691.4
2025-11-15 08:11:29	2475005	0:10:19	1692.3
2025-11-15 08:11:30	2476139	0:10:24	1677.8
2025-11-15 08:11:31	2478119	0:10:23	1675.9
2025-11-15 08:11:32	2480194	0:10:19	1682.3
2025-11-15 08:11:34	2482271	0:10:13	1695.5
2025-11-15 08:11:35	2484290	0:10:09	1704.0
2025-11-15 08:11:36	2485714	0:10:19	1673.3
2025-11-15 08:11:37	2487735	0:10:18	1675.3
2025-11-15 08:11:38	2490046	0:10:19	1668.6
2025-11-15 08:11:39	2492116	0:10:06	1700.3
2025-11-15 08:11:40	2494154	0:10:06	1697.2
2025-11-15 08:11:41	2496251	0:10:02	1703.3
2025-11-15 08:11:42	2497732	0:09:57	1715.5
2025-11-15 08:11:43	2499863	0:09:49	1735.2
2025-11-15 08:11:44	2501633	0:09:46	1740.3
2025-11-15 08:11:45	2503200	0:09:48	1733.1
2025-11-15 08:11:46	2505114	0:09:41	1749.8
2025-11-15 08:11:47	2506619	0:09:44	1739.8
2025-11-15 08:11:48	2508620	0:09:38	1754.8
2025-11-15 08:11:49	2510723	0:09:27	1785.3
2025-11-15 08:11:50	2512907	0:09:17	1812.1
2025-11-15 08:11:51	2514365	0:09:10	1832.9
2025-11-15 08:11:52	2516126	0:09:06	1841.3
2025-11-15 08:11:53	2517738	0:09:05	1841.8
2025-11-15 08:11:54	2518254	0:09:18	1799.3
2025-11-15 08:11:55	2518657	0:09:32	1754.3
2025-11-15 08:11:56	2519049	0:09:48	1706.4
2025-11-15 08:11:57	2519564	0:10:06	1655.2
2025-11-15 08:11:58	2520349	0:10:19	1618.4
2025-11-15 08:11:59	2521829	0:10:24	1604.4
2025-11-15 08:12:00	2523479	0:10:17	1619.8
2025-11-15 08:12:01	2525193	0:10:18	1613.8
2025-11-15 08:12:02	2526702	0:10:23	1597.3
2025-11-15 08:12:03	2529127	0:10:16	1612.0
2025-11-15 08:12:04	2530459	0:10:28	1579.7
2025-11-15 08:12:05	2532363	0:10:21	1595.3
2025-11-15 08:12:06	2533486	0:10:29	1572.5
2025-11-15 08:12:07	2534957	0:10:36	1552.6
2025-11-15 08:12:08	2536690	0:10:41	1537.2
2025-11-15 08:12:09	2538514	0:10:41	1535.2
2025-11-15 08:12:10	2540708	0:10:38	1538.5
2025-11-15 08:12:11	2542365	0:10:43	1523.1
2025-11-15 08:12:12	2544285	0:10:40	1528.4
2025-11-15 08:12:13	2546056	0:10:36	1536.1
2025-11-15 08:12:14	2548236	0:10:32	1540.8
2025-11-15 08:12:15	2550281	0:10:27	1551.1
2025-11-15 08:12:16	2551880	0:10:28	1545.4
2025-11-15 08:12:17	2553219	0:10:29	1539.5
2025-11-15 08:12:18	2554921	0:10:32	1531.8
2025-11-15 08:12:19	2556950	0:10:34	1522.2
2025-11-15 08:12:20	2559125	0:10:26	1538.0
2025-11-15 08:12:21	2561256	0:10:23	1543.7
2025-11-15 08:12:22	2563137	0:10:14	1561.3
2025-11-15 08:12:23	2565172	0:09:58	1600.6
2025-11-15 08:12:24	2566955	0:09:38	1652.1
2025-11-15 08:12:25	2568616	0:09:24	1691.0
2025-11-15 08:12:26	2570583	0:09:06	1744.1
2025-11-15 08:12:27	2572830	0:08:49	1793.7
2025-11-15 08:12:28	2575073	0:08:41	1819.0
2025-11-15 08:12:29	2577278	0:08:31	1847.4
2025-11-15 08:12:30	2578980	0:08:33	1839.0
2025-11-15 08:12:31	2580718	0:08:27	1856.8
2025-11-15 08:12:32	2582171	0:08:34	1830.1
2025-11-15 08:12:33	2583038	0:08:41	1803.7
2025-11-15 08:12:34	2583287	0:08:58	1743.9
2025-11-15 08:12:35	2583600	0:09:08	1713.8
2025-11-15 08:12:36	2583958	0:09:20	1676.1
2025-11-15 08:12:37	2584206	0:09:37	1627.0
2025-11-15 08:12:38	2584701	0:09:54	1578.6
2025-11-15 08:12:39	2585844	0:10:06	1544.4
2025-11-15 08:12:40	2587743	0:10:02	1552.8
2025-11-15 08:12:41	2589479	0:10:03	1546.8
2025-11-15 08:12:42	2591593	0:09:57	1557.9
2025-11-15 08:12:43	2593776	0:09:52	1567.9
2025-11-15 08:12:44	2595031	0:10:05	1531.7
2025-11-15 08:12:45	2597120	0:09:58	1548.4
2025-11-15 08:12:46	2598517	0:09:56	1550.3
2025-11-15 08:12:47	2600343	0:09:55	1550.1
2025-11-15 08:12:48	2601797	0:10:02	1530.4
2025-11-15 08:12:49	2603243	0:10:10	1505.5
2025-11-15 08:12:50	2604488	0:10:22	1474.9
2025-11-15 08:12:51	2606054	0:10:26	1464.2
2025-11-15 08:12:52	2608178	0:10:23	1466.8
2025-11-15 08:12:53	2609359	0:10:31	1447.5
2025-11-15 08:12:54	2611017	0:10:29	1449.9
2025-11-15 08:12:55	2612261	0:10:39	1425.0
2025-11-15 08:12:56	2614092	0:10:44	1410.8
2025-11-15 08:12:57	2616199	0:10:44	1406.6
2025-11-15 08:12:58	2617713	0:10:54	1382.5
2025-11-15 08:12:59	2619882	0:10:45	1398.5
2025-11-15 08:13:00	2621780	0:10:42	1403.9
2025-11-15 08:13:01	2623648	0:10:34	1417.4
2025-11-15 08:13:02	2625773	0:10:13	1462.5
2025-11-15 08:13:03	2627313	0:09:54	1506.8
2025-11-15 08:13:04	2629041	0:09:34	1556.8
2025-11-15 08:13:05	2630603	0:09:18	1598.0
2025-11-15 08:13:06	2632763	0:08:55	1662.5
2025-11-15 08:13:07	2634702	0:08:38	1711.9
2025-11-15 08:13:08	2636468	0:08:31	1733.3
2025-11-15 08:13:09	2638003	0:08:34	1720.6
2025-11-15 08:13:10	2638414	0:08:48	1674.8
2025-11-15 08:13:11	2638583	0:09:09	1609.3
2025-11-15 08:13:12	2638695	0:09:36	1534.7
2025-11-15 08:13:13	2639024	0:09:47	1504.3
2025-11-15 08:13:14	2639287	0:10:13	1440.1
2025-11-15 08:13:15	2639589	0:10:30	1400.4
2025-11-15 08:13:16	2639789	0:10:56	1344.7
2025-11-15 08:13:17	2640392	0:11:09	1317.6
2025-11-15 08:13:18	2641785	0:11:08	1318.1
2025-11-15 08:13:19	2643642	0:10:57	1337.1
2025-11-15 08:13:20	2645110	0:10:56	1337.1
2025-11-15 08:13:21	2645897	0:11:19	1290.3
2025-11-15 08:13:22	2647657	0:11:09	1307.6
2025-11-15 08:13:23	2649129	0:11:07	1309.3
2025-11-15 08:13:24	2650775	0:11:02	1315.8
2025-11-15 08:13:25	2651749	0:11:19	1282.8
2025-11-15 08:13:26	2652758	0:11:37	1247.9
2025-11-15 08:13:27	2654698	0:11:26	1264.6
2025-11-15 08:13:28	2656501	0:11:33	1249.0
2025-11-15 08:13:29	2657605	0:11:50	1218.3
2025-11-15 08:13:30	2659766	0:11:42	1228.6
2025-11-15 08:13:31	2660911	0:11:59	1199.0
2025-11-15 08:13:32	2661794	0:12:13	1174.6
2025-11-15 08:13:33	2663180	0:12:18	1164.3
2025-11-15 08:13:34	2664738	0:12:18	1162.6
2025-11-15 08:13:36	2665256	0:12:55	1105.6
2025-11-15 08:13:37	2665641	0:13:32	1055.4
2025-11-15 08:13:38	2666052	0:14:08	1009.7
2025-11-15 08:13:39	2666683	0:14:36	977.0
2025-11-15 08:13:40	2668601	0:13:53	1025.2
2025-11-15 08:13:41	2670210	0:13:12	1075.9
2025-11-15 08:13:42	2671733	0:12:36	1125.7
2025-11-15 08:13:43	2673132	0:12:11	1161.9
2025-11-15 08:13:44	2673675	0:12:04	1172.6
2025-11-15 08:13:45	2675589	0:11:28	1230.3
2025-11-15 08:13:46	2677242	0:11:00	1280.0
2025-11-15 08:13:47	2678947	0:10:40	1317.8
2025-11-15 08:13:48	2680402	0:10:36	1323.6
2025-11-15 08:13:49	2681645	0:10:46	1300.7
2025-11-15 08:13:50	2682943	0:10:49	1294.0
2025-11-15 08:13:51	2684681	0:10:34	1321.7
2025-11-15 08:13:52	2686738	0:10:26	1334.6
2025-11-15 08:13:53	2689052	0:10:11	1363.4
2025-11-15 08:13:54	2690952	0:10:07	1369.8
2025-11-15 08:13:55	2692830	0:09:51	1404.7
2025-11-15 08:13:56	2694917	0:09:34	1441.6
2025-11-15 08:13:57	2696705	0:09:36	1434.7
2025-11-15 08:13:58	2698400	0:09:36	1429.4
2025-11-15 08:13:59	2700546	0:09:21	1465.4
2025-11-15 08:14:00	2702694	0:09:20	1465.0
2025-11-15 08:14:01	2704843	0:09:05	1499.2
2025-11-15 08:14:02	2706294	0:08:57	1518.8
2025-11-15 08:14:03	2707848	0:08:54	1524.5
2025-11-15 08:14:04	2709927	0:08:47	1542.4
2025-11-15 08:14:05	2711761	0:08:30	1589.5
2025-11-15 08:14:06	2714059	0:08:08	1654.6
2025-11-15 08:14:07	2716246	0:07:50	1715.4
2025-11-15 08:14:08	2717842	0:07:40	1747.6
2025-11-15 08:14:09	2720079	0:07:36	1759.0
2025-11-15 08:14:10	2722028	0:07:33	1767.2
2025-11-15 08:14:11	2723932	0:07:28	1781.0
2025-11-15 08:14:12	2725486	0:07:26	1786.9
2025-11-15 08:14:13	2726982	0:07:17	1818.9
2025-11-15 08:14:14	2728164	0:07:23	1792.5
2025-11-15 08:14:15	2729403	0:07:26	1778.3
2025-11-15 08:14:16	2730937	0:07:26	1772.3
2025-11-15 08:14:17	2732988	0:07:20	1793.5
2025-11-15 08:14:18	2734752	0:07:14	1812.6
2025-11-15 08:14:19	2736515	0:07:11	1821.2
2025-11-15 08:14:20	2739064	0:07:04	1848.8
2025-11-15 08:14:21	2740875	0:07:01	1854.0
2025-11-15 08:14:22	2742437	0:07:07	1825.3
2025-11-15 08:14:23	2744583	0:07:05	1829.8
2025-11-15 08:14:24	2746445	0:07:03	1835.4
2025-11-15 08:14:25	2748810	0:07:00	1841.4
2025-11-15 08:14:26	2751253	0:06:55	1859.0
2025-11-15 08:14:27	2753063	0:06:54	1859.9
2025-11-15 08:14:28	2755455	0:06:48	1880.9
2025-11-15 08:14:29	2756390	0:06:56	1842.4
2025-11-15 08:14:30	2757710	0:07:02	1809.9
2025-11-15 08:14:31	2758984	0:07:05	1797.7
2025-11-15 08:14:32	2760331	0:07:06	1788.5
2025-11-15 08:14:33	2761993	0:07:09	1774.0
2025-11-15 08:14:34	2763348	0:07:11	1761.1
2025-11-15 08:14:35	2765167	0:07:14	1746.0
2025-11-15 08:14:36	2767202	0:07:12	1746.0
2025-11-15 08:14:37	2769364	0:07:11	1746.0
2025-11-15 08:14:38	2770599	0:07:17	1718.6
2025-11-15 08:14:39	2771655	0:07:25	1686.3
2025-11-15 08:14:40	2772758	0:07:32	1657.7
2025-11-15 08:14:41	2774355	0:07:29	1667.6
2025-11-15 08:14:42	2776546	0:07:22	1686.4
2025-11-15 08:14:43	2778473	0:07:14	1712.8
2025-11-15 08:14:44	2779518	0:07:15	1708.1
2025-11-15 08:14:45	2780593	0:07:18	1694.1
2025-11-15 08:14:46	2782318	0:07:16	1696.1
2025-11-15 08:14:47	2783624	0:07:22	1671.5
2025-11-15 08:14:48	2785794	0:07:18	1683.1
2025-11-15 08:14:49	2788213	0:07:14	1692.8
2025-11-15 08:14:50	2789717	0:07:18	1674.0
2025-11-15 08:14:51	2791689	0:07:14	1682.8
2025-11-15 08:14:52	2793542	0:07:15	1675.7
2025-11-15 08:14:53	2794809	0:07:19	1656.0
2025-11-15 08:14:54	2796645	0:07:22	1640.1
2025-11-15 08:14:55	2798843	0:07:20	1643.0
2025-11-15 08:14:56	2801210	0:07:16	1653.3
2025-11-15 08:14:57	2803393	0:07:16	1650.1
2025-11-15 08:14:58	2805269	0:07:07	1678.9
2025-11-15 08:14:59	2807594	0:07:01	1698.9
2025-11-15 08:15:00	2809892	0:06:52	1729.7
2025-11-15 08:15:01	2811571	0:06:48	1743.4
2025-11-15 08:15:02	2812964	0:06:48	1738.7
2025-11-15 08:15:03	2815036	0:06:39	1771.4
2025-11-15 08:15:04	2817079	0:06:38	1773.4
2025-11-15 08:15:05	2819098	0:06:37	1771.6
2025-11-15 08:15:06	2820711	0:06:39	1756.6
2025-11-15 08:15:07	2822815	0:06:33	1780.5
2025-11-15 08:15:08	2824461	0:06:28	1800.1
2025-11-15 08:15:09	2826333	0:06:21	1828.8
2025-11-15 08:15:10	2828364	0:06:16	1845.8
2025-11-15 08:15:11	2830464	0:06:15	1843.1
2025-11-15 08:15:12	2832709	0:06:12	1854.4
2025-11-15 08:15:13	2834561	0:06:07	1875.6
2025-11-15 08:15:14	2836679	0:05:59	1911.0
2025-11-15 08:15:15	2838671	0:05:56	1920.6
2025-11-15 08:15:16	2841122	0:05:48	1958.7
2025-11-15 08:15:17	2842575	0:05:50	1943.6
2025-11-15 08:15:18	2844602	0:05:50	1936.4
2025-11-15 08:15:19	2846867	0:05:47	1947.2
2025-11-15 08:15:20	2848724	0:05:46	1948.2
2025-11-15 08:15:21	2849478	0:05:53	1907.0
2025-11-15 08:15:22	2849756	0:05:59	1873.9
2025-11-15 08:15:23	2850032	0:06:09	1823.6
2025-11-15 08:15:25	2850227	0:06:23	1755.8
2025-11-15 08:15:26	2850374	0:06:40	1680.4
2025-11-15 08:15:27	2850514	0:06:56	1614.9
2025-11-15 08:15:28	2850669	0:07:13	1550.1
2025-11-15 08:15:29	2850836	0:07:33	1481.7
2025-11-15 08:15:30	2851100	0:07:54	1417.6
2025-11-15 08:15:31	2851309	0:08:15	1357.2
2025-11-15 08:15:32	2851709	0:08:26	1326.1
2025-11-15 08:15:33	2852319	0:08:40	1289.6
2025-11-15 08:15:34	2853603	0:08:51	1259.1
2025-11-15 08:15:35	2854968	0:08:59	1238.1
2025-11-15 08:15:36	2856204	0:09:06	1220.7
2025-11-15 08:15:37	2857883	0:09:06	1217.9
2025-11-15 08:15:38	2859828	0:09:06	1213.2
2025-11-15 08:15:39	2861490	0:09:08	1207.3
2025-11-15 08:15:40	2863466	0:09:03	1213.5
2025-11-15 08:15:41	2864978	0:09:13	1189.7
2025-11-15 08:15:42	2866453	0:09:18	1174.8
2025-11-15 08:15:43	2868465	0:09:22	1164.4
2025-11-15 08:15:44	2870036	0:09:23	1158.6
2025-11-15 08:15:45	2871705	0:09:30	1141.2
2025-11-15 08:15:46	2873151	0:09:42	1115.9
2025-11-15 08:15:47	2875074	0:09:40	1116.5
2025-11-15 08:15:48	2877181	0:09:34	1125.1
2025-11-15 08:15:49	2878403	0:09:49	1093.0
2025-11-15 08:15:50	2880222	0:09:54	1081.8
2025-11-15 08:15:51	2882293	0:09:36	1111.9
2025-11-15 08:15:52	2884488	0:09:02	1177.0
2025-11-15 08:15:53	2886579	0:08:33	1239.6
2025-11-15 08:15:54	2888435	0:08:09	1296.4
2025-11-15 08:15:55	2890799	0:07:40	1372.9
2025-11-15 08:15:56	2892854	0:07:18	1438.6
2025-11-15 08:15:57	2894935	0:06:57	1504.3
2025-11-15 08:15:58	2896962	0:06:39	1567.9
2025-11-15 08:15:59	2899199	0:06:21	1635.9
2025-11-15 08:16:00	2901495	0:06:03	1709.5
2025-11-15 08:16:01	2903673	0:05:50	1766.1
2025-11-15 08:16:02	2905661	0:05:40	1814.7
2025-11-15 08:16:03	2907163	0:05:36	1830.7
2025-11-15 08:16:04	2908707	0:05:34	1835.1
2025-11-15 08:16:05	2910410	0:05:33	1838.2
2025-11-15 08:16:06	2912322	0:05:28	1859.5
2025-11-15 08:16:07	2914134	0:05:29	1848.5
2025-11-15 08:16:08	2915964	0:05:27	1856.5
2025-11-15 08:16:09	2917449	0:05:28	1844.4
2025-11-15 08:16:10	2918622	0:05:29	1836.7
2025-11-15 08:16:11	2920078	0:05:28	1833.7
2025-11-15 08:16:12	2921686	0:05:28	1830.9
2025-11-15 08:16:13	2923899	0:05:23	1853.9
2025-11-15 08:16:14	2926246	0:05:19	1867.8
2025-11-15 08:16:15	2928445	0:05:14	1892.9
2025-11-15 08:16:16	2930757	0:05:09	1911.2
2025-11-15 08:16:17	2932671	0:05:11	1895.7
2025-11-15 08:16:18	2934771	0:05:05	1924.2
2025-11-15 08:16:19	2936901	0:05:02	1936.2
2025-11-15 08:16:20	2938910	0:05:01	1935.8
2025-11-15 08:16:21	2940910	0:05:02	1925.5
2025-11-15 08:16:22	2942293	0:05:06	1894.8
2025-11-15 08:16:23	2944162	0:05:05	1897.9
2025-11-15 08:16:24	2946426	0:05:02	1908.8
2025-11-15 08:16:25	2948266	0:05:03	1896.6
2025-11-15 08:16:26	2950249	0:05:03	1888.0
2025-11-15 08:16:27	2952620	0:04:59	1902.6
2025-11-15 08:16:28	2954893	0:04:58	1902.8
2025-11-15 08:16:29	2957010	0:04:59	1890.7
2025-11-15 08:16:30	2959085	0:04:57	1893.0
2025-11-15 08:16:31	2961316	0:04:55	1898.3
2025-11-15 08:16:32	2963553	0:04:50	1924.2
2025-11-15 08:16:33	2965581	0:04:47	1940.9
2025-11-15 08:16:34	2967820	0:04:43	1960.4
2025-11-15 08:16:35	2969679	0:04:41	1965.3
2025-11-15 08:16:36	2970953	0:04:44	1939.3
2025-11-15 08:16:37	2972730	0:04:43	1943.0
2025-11-15 08:16:38	2974069	0:04:44	1931.6
2025-11-15 08:16:39	2975770	0:04:41	1941.3
2025-11-15 08:16:40	2977734	0:04:37	1963.9
2025-11-15 08:16:41	2979903	0:04:35	1975.3
2025-11-15 08:16:42	2982047	0:04:33	1975.4
2025-11-15 08:16:43	2983592	0:04:36	1954.1
2025-11-15 08:16:44	2985848	0:04:34	1954.6
2025-11-15 08:16:45	2987718	0:04:36	1933.5
2025-11-15 08:16:46	2988761	0:04:40	1902.0
2025-11-15 08:16:47	2990663	0:04:39	1905.3
2025-11-15 08:16:48	2992176	0:04:41	1889.2
2025-11-15 08:16:49	2993588	0:04:44	1863.1
2025-11-15 08:16:50	2995452	0:04:42	1865.4
2025-11-15 08:16:51	2997200	0:04:40	1874.3
2025-11-15 08:16:52	2998765	0:04:44	1846.1
2025-11-15 08:16:54	2999473	0:04:50	1800.2
2025-11-15 08:16:55	3000028	0:04:58	1755.1
2025-11-15 08:16:56	3001419	0:05:02	1725.8
2025-11-15 08:16:57	3003413	0:05:02	1720.8
2025-11-15 08:16:58	3005442	0:05:01	1717.9
2025-11-15 08:16:59	3007464	0:05:00	1717.2
2025-11-15 08:17:00	3008216	0:05:08	1669.4
2025-11-15 08:17:01	3010212	0:05:07	1665.9
2025-11-15 08:17:02	3012498	0:05:08	1657.3
2025-11-15 08:17:03	3014565	0:05:06	1659.8
2025-11-15 08:17:04	3016783	0:05:06	1649.4
2025-11-15 08:17:05	3019075	0:05:03	1662.9
2025-11-15 08:17:06	3021165	0:04:57	1689.8
2025-11-15 08:17:07	3023332	0:04:52	1710.3
2025-11-15 08:17:08	3025546	0:04:48	1726.8
2025-11-15 08:17:09	3027962	0:04:40	1763.5
2025-11-15 08:17:10	3030035	0:04:37	1778.8
2025-11-15 08:17:11	3032075	0:04:37	1772.7
2025-11-15 08:17:12	3033538	0:04:38	1754.8
2025-11-15 08:17:13	3035467	0:04:38	1750.5
2025-11-15 08:17:14	3037629	0:04:34	1767.6
2025-11-15 08:17:15	3039581	0:04:34	1760.0
2025-11-15 08:17:16	3041904	0:04:28	1791.5
2025-11-15 08:17:17	3043822	0:04:26	1796.0
2025-11-15 08:17:18	3046061	0:04:22	1814.6
2025-11-15 08:17:19	3048463	0:04:15	1858.7
2025-11-15 08:17:20	3050590	0:04:13	1861.1
2025-11-15 08:17:21	3052758	0:04:11	1869.6
2025-11-15 08:17:22	3054867	0:04:07	1889.1
2025-11-15 08:17:23	3056279	0:04:03	1918.3
2025-11-15 08:17:24	3058022	0:03:58	1954.1
2025-11-15 08:17:25	3060231	0:03:52	1991.5
2025-11-15 08:17:26	3062491	0:03:48	2017.8
2025-11-15 08:17:27	3064492	0:03:47	2016.8
2025-11-15 08:17:28	3066641	0:03:45	2026.3
2025-11-15 08:17:29	3068238	0:03:44	2024.2
2025-11-15 08:17:30	3069985	0:03:42	2033.2
2025-11-15 08:17:31	3070978	0:03:46	2000.0
2025-11-15 08:17:32	3071502	0:03:50	1955.5
2025-11-15 08:17:33	3072349	0:03:55	1917.7
2025-11-15 08:17:34	3073289	0:04:01	1862.7
2025-11-15 08:17:35	3074597	0:04:04	1834.7
2025-11-15 08:17:36	3076233	0:04:05	1821.7
2025-11-15 08:17:37	3077766	0:04:07	1802.4
2025-11-15 08:17:38	3079699	0:04:07	1792.9
2025-11-15 08:17:39	3081347	0:04:10	1763.4
2025-11-15 08:17:40	3083160	0:04:09	1764.9
2025-11-15 08:17:41	3084261	0:04:13	1728.4
2025-11-15 08:17:42	3084720	0:04:20	1682.1
2025-11-15 08:17:43	3085011	0:04:29	1625.3
2025-11-15 08:17:44	3085848	0:04:36	1582.6
2025-11-15 08:17:45	3087511	0:04:37	1569.4
2025-11-15 08:17:46	3089383	0:04:37	1563.8
2025-11-15 08:17:47	3090878	0:04:38	1550.8
2025-11-15 08:17:48	3092924	0:04:38	1543.6
2025-11-15 08:17:49	3094950	0:04:37	1542.5
2025-11-15 08:17:50	3097340	0:04:35	1546.0
2025-11-15 08:17:51	3099042	0:04:37	1528.6
2025-11-15 08:17:52	3100537	0:04:40	1508.5
2025-11-15 08:17:53	3101768	0:04:42	1492.1
2025-11-15 08:17:54	3103837	0:04:40	1496.2
2025-11-15 08:17:55	3106285	0:04:34	1516.6
2025-11-15 08:17:56	3108577	0:04:33	1518.3
2025-11-15 08:17:57	3110534	0:04:32	1515.1
2025-11-15 08:17:58	3112576	0:04:30	1518.8
2025-11-15 08:17:59	3114396	0:04:28	1522.4
2025-11-15 08:18:00	3116228	0:04:25	1533.3
2025-11-15 08:18:01	3118250	0:04:17	1573.0
2025-11-15 08:18:02	3120047	0:04:10	1611.1
2025-11-15 08:18:03	3122457	0:04:00	1664.6
2025-11-15 08:18:04	3124496	0:03:55	1691.2
2025-11-15 08:18:05	3125391	0:03:56	1679.9
2025-11-15 08:18:06	3126818	0:03:56	1673.3
2025-11-15 08:18:07	3127766	0:04:00	1645.0
2025-11-15 08:18:08	3129145	0:04:01	1633.2
2025-11-15 08:18:09	3130471	0:04:02	1618.4
2025-11-15 08:18:10	3132543	0:03:57	1641.2
2025-11-15 08:18:11	3134499	0:03:52	1671.9
2025-11-15 08:18:12	3136618	0:03:43	1729.4
2025-11-15 08:18:13	3138594	0:03:35	1786.9
2025-11-15 08:18:14	3140423	0:03:31	1810.2
2025-11-15 08:18:15	3142620	0:03:29	1816.6
2025-11-15 08:18:16	3144708	0:03:25	1843.2
2025-11-15 08:18:17	3145729	0:03:30	1793.0
2025-11-15 08:18:18	3147880	0:03:28	1801.2
2025-11-15 08:18:19	3150062	0:03:27	1797.3
2025-11-15 08:18:20	3152298	0:03:23	1825.4
2025-11-15 08:18:21	3154284	0:03:20	1843.4
2025-11-15 08:18:22	3156153	0:03:18	1851.2
2025-11-15 08:18:23	3158057	0:03:17	1849.9
2025-11-15 08:18:24	3160131	0:03:17	1835.3
2025-11-15 08:18:25	3162121	0:03:17	1827.2
2025-11-15 08:18:26	3164211	0:03:16	1830.2
2025-11-15 08:18:27	3165912	0:03:15	1828.9
2025-11-15 08:18:28	3167485	0:03:16	1813.1
2025-11-15 08:18:29	3169591	0:03:14	1818.0
2025-11-15 08:18:30	3171521	0:03:13	1819.0
2025-11-15 08:18:31	3172726	0:03:14	1801.8
2025-11-15 08:18:33	3174476	0:03:16	1777.2
2025-11-15 08:18:34	3176651	0:03:13	1786.1
2025-11-15 08:18:35	3178739	0:03:08	1826.0
2025-11-15 08:18:36	3180788	0:03:05	1847.8
2025-11-15 08:18:37	3182973	0:02:59	1890.0
2025-11-15 08:18:38	3184484	0:02:59	1889.6
2025-11-15 08:18:39	3185492	0:02:59	1882.5
2025-11-15 08:18:40	3187081	0:02:59	1868.0
2025-11-15 08:18:41	3188778	0:02:59	1861.6
2025-11-15 08:18:42	3190680	0:02:59	1852.4
2025-11-15 08:18:43	3192355	0:02:59	1838.7
2025-11-15 08:18:44	3193959	0:02:59	1830.9
2025-11-15 08:18:45	3195008	0:03:03	1791.4
2025-11-15 08:18:46	3196929	0:03:02	1784.4
2025-11-15 08:18:47	3198880	0:02:57	1823.9
2025-11-15 08:18:48	3200896	0:02:57	1819.2
2025-11-15 08:18:49	3203071	0:02:55	1819.7
2025-11-15 08:18:50	3205169	0:02:55	1815.3
2025-11-15 08:18:51	3207199	0:02:53	1816.7
2025-11-15 08:18:52	3208685	0:02:54	1802.7
2025-11-15 08:18:53	3211253	0:02:50	1824.1
2025-11-15 08:18:54	3213370	0:02:49	1827.1
2025-11-15 08:18:55	3215070	0:02:49	1820.1
2025-11-15 08:18:56	3216799	0:02:49	1804.6
2025-11-15 08:18:57	3218527	0:02:48	1809.2
2025-11-15 08:18:58	3220605	0:02:46	1812.5
2025-11-15 08:18:59	3222584	0:02:46	1807.3
2025-11-15 08:19:00	3224657	0:02:44	1815.4
2025-11-15 08:19:01	3225999	0:02:43	1815.2
2025-11-15 08:19:02	3226921	0:02:45	1786.2
2025-11-15 08:19:03	3228286	0:02:47	1757.5
2025-11-15 08:19:04	3229941	0:02:48	1741.4
2025-11-15 08:19:05	3232082	0:02:46	1746.1
2025-11-15 08:19:06	3233841	0:02:47	1730.8
2025-11-15 08:19:07	3235462	0:02:46	1732.2
2025-11-15 08:19:08	3237875	0:02:40	1780.3
2025-11-15 08:19:09	3240081	0:02:37	1800.5
2025-11-15 08:19:10	3242275	0:02:34	1817.0
2025-11-15 08:19:11	3244457	0:02:32	1826.4
2025-11-15 08:19:12	3246779	0:02:29	1853.8
2025-11-15 08:19:13	3248634	0:02:27	1857.0
2025-11-15 08:19:14	3250889	0:02:22	1904.4
2025-11-15 08:19:15	3253118	0:02:21	1912.4
2025-11-15 08:19:16	3254759	0:02:21	1898.9
2025-11-15 08:19:17	3256408	0:02:21	1891.5
2025-11-15 08:19:18	3258031	0:02:21	1869.5
2025-11-15 08:19:19	3259596	0:02:22	1847.9
2025-11-15 08:19:20	3261180	0:02:23	1830.4
2025-11-15 08:19:21	3262940	0:02:21	1841.9
2025-11-15 08:19:22	3264634	0:02:21	1821.0
2025-11-15 08:19:23	3266625	0:02:21	1809.0
2025-11-15 08:19:24	3268720	0:02:19	1823.7
2025-11-15 08:19:25	3270881	0:02:17	1840.7
2025-11-15 08:19:26	3273017	0:02:15	1851.3
2025-11-15 08:19:27	3275228	0:02:13	1853.6
2025-11-15 08:19:28	3276918	0:02:12	1857.1
2025-11-15 08:19:29	3279118	0:02:11	1856.0
2025-11-15 08:19:30	3281514	0:02:07	1890.6
2025-11-15 08:19:31	3283528	0:02:04	1928.5
2025-11-15 08:19:32	3285352	0:02:01	1959.8
2025-11-15 08:19:33	3287390	0:02:00	1963.9
2025-11-15 08:19:34	3289458	0:01:59	1959.8
2025-11-15 08:19:35	3291222	0:01:58	1964.7
2025-11-15 08:19:36	3292864	0:01:57	1961.8
2025-11-15 08:19:37	3293851	0:01:59	1926.0
2025-11-15 08:19:38	3295923	0:01:57	1928.6
2025-11-15 08:19:39	3297138	0:01:59	1893.3
2025-11-15 08:19:40	3298308	0:02:01	1855.5
2025-11-15 08:19:41	3299190	0:02:04	1804.2
2025-11-15 08:19:42	3300631	0:02:04	1787.5
2025-11-15 08:19:43	3301603	0:02:06	1750.4
2025-11-15 08:19:44	3303418	0:02:06	1733.6
2025-11-15 08:19:45	3305078	0:02:06	1726.2
2025-11-15 08:19:46	3305810	0:02:08	1690.5
2025-11-15 08:19:47	3306333	0:02:10	1661.5
2025-11-15 08:19:48	3307319	0:02:12	1632.7
2025-11-15 08:19:49	3308839	0:02:10	1637.0
2025-11-15 08:19:50	3310673	0:02:08	1652.2
2025-11-15 08:19:51	3311970	0:02:10	1620.5
2025-11-15 08:19:52	3312564	0:02:13	1572.8
2025-11-15 08:19:53	3312846	0:02:19	1509.7
2025-11-15 08:19:54	3313142	0:02:25	1444.9
2025-11-15 08:19:55	3313476	0:02:30	1391.2
2025-11-15 08:19:56	3314436	0:02:33	1357.3
2025-11-15 08:19:57	3316015	0:02:35	1332.9
2025-11-15 08:19:58	3317555	0:02:34	1329.8
2025-11-15 08:19:59	3319836	0:02:33	1324.3
2025-11-15 08:20:00	3321894	0:02:31	1327.3
2025-11-15 08:20:01	3323311	0:02:33	1305.3
2025-11-15 08:20:02	3325681	0:02:29	1324.4
2025-11-15 08:20:03	3327378	0:02:30	1304.7
2025-11-15 08:20:04	3328950	0:02:30	1293.4
2025-11-15 08:20:05	3330676	0:02:29	1289.0
2025-11-15 08:20:06	3332311	0:02:25	1313.7
2025-11-15 08:20:07	3333707	0:02:25	1304.4
2025-11-15 08:20:08	3335346	0:02:23	1306.4
2025-11-15 08:20:09	3336635	0:02:22	1310.1
2025-11-15 08:20:10	3337977	0:02:19	1329.0
2025-11-15 08:20:11	3339487	0:02:18	1323.7
2025-11-15 08:20:12	3341161	0:02:14	1352.5
2025-11-15 08:20:13	3342991	0:02:13	1351.1
2025-11-15 08:20:14	3344653	0:02:11	1353.0
2025-11-15 08:20:15	3346289	0:02:08	1376.0
2025-11-15 08:20:16	3347795	0:02:04	1408.5
2025-11-15 08:20:17	3349376	0:02:01	1434.1
2025-11-15 08:20:18	3350755	0:02:00	1427.8
2025-11-15 08:20:19	3352503	0:01:59	1432.2
2025-11-15 08:20:20	3354436	0:01:56	1447.3
2025-11-15 08:20:21	3355975	0:01:53	1473.0
2025-11-15 08:20:22	3358023	0:01:47	1532.0
2025-11-15 08:20:23	3359125	0:01:45	1558.0
2025-11-15 08:20:24	3360662	0:01:41	1599.1
2025-11-15 08:20:25	3362808	0:01:37	1646.8
2025-11-15 08:20:26	3365056	0:01:34	1672.0
2025-11-15 08:20:27	3367162	0:01:32	1692.9
2025-11-15 08:20:28	3369236	0:01:30	1696.8
2025-11-15 08:20:29	3371184	0:01:30	1685.9
2025-11-15 08:20:30	3372499	0:01:29	1680.5
2025-11-15 08:20:31	3374769	0:01:28	1685.3
2025-11-15 08:20:32	3376147	0:01:27	1679.9
2025-11-15 08:20:33	3377482	0:01:28	1655.0
2025-11-15 08:20:34	3378350	0:01:29	1625.5
2025-11-15 08:20:36	3379246	0:01:29	1601.8
2025-11-15 08:20:37	3380239	0:01:29	1591.4
2025-11-15 08:20:38	3381508	0:01:29	1587.4
2025-11-15 08:20:39	3382535	0:01:29	1564.4
2025-11-15 08:20:40	3383572	0:01:29	1563.0
2025-11-15 08:20:41	3385288	0:01:27	1566.9
2025-11-15 08:20:42	3387319	0:01:25	1580.3
2025-11-15 08:20:43	3388757	0:01:25	1570.2
2025-11-15 08:20:44	3390727	0:01:23	1582.9
2025-11-15 08:20:45	3393392	0:01:20	1616.0
2025-11-15 08:20:46	3395519	0:01:18	1628.6
2025-11-15 08:20:47	3397650	0:01:16	1647.6
2025-11-15 08:20:48	3399682	0:01:13	1682.5
2025-11-15 08:20:49	3401240	0:01:12	1674.3
2025-11-15 08:20:50	3402979	0:01:11	1669.9
2025-11-15 08:20:51	3404966	0:01:10	1675.6
2025-11-15 08:20:52	3406822	0:01:09	1674.3
2025-11-15 08:20:53	3408782	0:01:07	1695.2
2025-11-15 08:20:54	3410577	0:01:05	1709.8
2025-11-15 08:20:55	3412885	0:01:04	1722.3
2025-11-15 08:20:56	3414933	0:01:03	1711.1
2025-11-15 08:20:57	3416599	0:01:03	1690.0
2025-11-15 08:20:58	3418329	0:01:02	1678.8
2025-11-15 08:20:59	3420349	0:01:01	1674.2
2025-11-15 08:21:00	3422253	0:00:59	1699.0
2025-11-15 08:21:01	3423887	0:00:58	1687.6
2025-11-15 08:21:02	3426223	0:00:56	1707.5
2025-11-15 08:21:03	3427832	0:00:55	1716.7
2025-11-15 08:21:04	3429609	0:00:53	1745.5
2025-11-15 08:21:05	3431329	0:00:51	1771.1
2025-11-15 08:21:06	3433628	0:00:49	1820.8
2025-11-15 08:21:07	3435970	0:00:46	1856.9
2025-11-15 08:21:08	3438449	0:00:44	1903.0
2025-11-15 08:21:09	3440513	0:00:42	1942.0
2025-11-15 08:21:10	3442708	0:00:41	1960.5
2025-11-15 08:21:11	3444626	0:00:39	1966.4
2025-11-15 08:21:12	3446640	0:00:38	1976.2
2025-11-15 08:21:13	3448267	0:00:38	1962.2
2025-11-15 08:21:14	3448530	0:00:39	1898.4
2025-11-15 08:21:15	3448748	0:00:40	1830.5
2025-11-15 08:21:16	3449100	0:00:42	1756.4
2025-11-15 08:21:17	3449429	0:00:43	1712.5
2025-11-15 08:21:18	3449857	0:00:44	1657.5
2025-11-15 08:21:19	3450513	0:00:44	1619.4
2025-11-15 08:21:20	3451603	0:00:44	1593.2
2025-11-15 08:21:21	3453463	0:00:43	1596.6
2025-11-15 08:21:22	3455288	0:00:42	1595.4
2025-11-15 08:21:23	3457413	0:00:41	1601.8
2025-11-15 08:21:24	3459297	0:00:40	1587.5
2025-11-15 08:21:25	3461382	0:00:38	1592.8
2025-11-15 08:21:26	3463737	0:00:36	1612.5
2025-11-15 08:21:27	3465917	0:00:35	1616.7
2025-11-15 08:21:28	3467589	0:00:34	1610.1
2025-11-15 08:21:29	3469276	0:00:33	1605.2
2025-11-15 08:21:30	3470632	0:00:32	1595.0
2025-11-15 08:21:31	3472516	0:00:32	1580.1
2025-11-15 08:21:32	3473946	0:00:31	1574.1
2025-11-15 08:21:33	3475326	0:00:30	1560.4
2025-11-15 08:21:34	3476572	0:00:30	1542.8
2025-11-15 08:21:35	3478036	0:00:29	1513.8
2025-11-15 08:21:36	3479014	0:00:30	1467.7
2025-11-15 08:21:37	3480441	0:00:29	1432.3
2025-11-15 08:21:38	3481536	0:00:29	1398.3
2025-11-15 08:21:39	3483035	0:00:29	1370.5
2025-11-15 08:21:40	3484779	0:00:28	1365.4
2025-11-15 08:21:41	3486200	0:00:27	1347.0
2025-11-15 08:21:42	3487097	0:00:27	1321.6
2025-11-15 08:21:43	3488630	0:00:25	1364.9
2025-11-15 08:21:44	3490535	0:00:22	1422.4
2025-11-15 08:21:45	3492071	0:00:21	1461.0
2025-11-15 08:21:46	3493797	0:00:19	1509.3
2025-11-15 08:21:47	3495230	0:00:18	1542.4
2025-11-15 08:21:48	3496426	0:00:17	1560.7
2025-11-15 08:21:49	3497815	0:00:16	1572.0
2025-11-15 08:21:50	3499504	0:00:15	1566.0
2025-11-15 08:21:51	3501043	0:00:14	1556.6
2025-11-15 08:21:52	3502502	0:00:13	1533.5
2025-11-15 08:21:53	3504016	0:00:12	1520.3
2025-11-15 08:21:54	3505717	0:00:11	1506.2
2025-11-15 08:21:55	3507138	0:00:10	1475.0
2025-11-15 08:21:56	3508320	0:00:10	1437.1
2025-11-15 08:21:57	3509886	0:00:09	1444.3
2025-11-15 08:21:58	3511452	0:00:08	1441.5
2025-11-15 08:21:59	3513056	0:00:06	1442.5
2025-11-15 08:22:00	3514334	0:00:06	1427.1
2025-11-15 08:22:01	3516220	0:00:04	1438.7
2025-11-15 08:22:02	3517688	0:00:03	1439.7
2025-11-15 08:22:03	3518798	0:00:03	1435.0
2025-11-15 08:22:04	3520125	0:00:02	1436.0
2025-11-15 08:22:05	3521801	0:00:00	1460.9
