2025-11-18 21:19:09	2	445:42:08	1.1
2025-11-18 21:19:10	104	13:21:32	36.9
2025-11-18 21:19:11	894	2:06:24	234.2
2025-11-18 21:19:12	1464	1:37:24	303.8
2025-11-18 21:19:13	2013	1:25:43	345.0
2025-11-18 21:19:14	2770	1:13:03	404.7
2025-11-18 21:19:15	3860	1:00:17	490.2
2025-11-18 21:19:16	5158	0:50:48	581.1
2025-11-18 21:19:17	6274	0:46:28	635.0
2025-11-18 21:19:18	8048	0:39:57	737.7
2025-11-18 21:19:19	9117	0:38:29	765.4
2025-11-18 21:19:20	9668	0:39:20	748.8
2025-11-18 21:19:22	10824	0:38:06	772.4
2025-11-18 21:19:23	12663	0:34:51	843.4
2025-11-18 21:19:24	13788	0:34:07	860.9
2025-11-18 21:19:25	14632	0:34:10	859.4
2025-11-18 21:19:26	15872	0:33:20	880.5
2025-11-18 21:19:27	17224	0:32:26	904.1
2025-11-18 21:19:28	18441	0:31:52	919.5
2025-11-18 21:19:29	19979	0:30:51	948.7
2025-11-18 21:19:30	21575	0:29:54	977.9
2025-11-18 21:19:31	22842	0:29:35	987.7
2025-11-18 21:19:32	24449	0:28:49	1013.3
2025-11-18 21:19:33	25664	0:28:34	1021.2
2025-11-18 21:19:34	27154	0:28:03	1039.1
2025-11-18 21:19:35	28590	0:27:39	1053.7
2025-11-18 21:19:36	30081	0:27:13	1069.2
2025-11-18 21:19:37	31411	0:26:59	1077.7
2025-11-18 21:19:38	32736	0:25:10	1155.0
2025-11-18 21:19:39	33722	0:25:17	1148.8
2025-11-18 21:19:40	34615	0:24:41	1176.1
2025-11-18 21:19:41	35783	0:24:24	1189.0
2025-11-18 21:19:42	37053	0:23:54	1212.9
2025-11-18 21:19:43	38788	0:23:06	1253.7
2025-11-18 21:19:44	40359	0:22:41	1275.5
2025-11-18 21:19:45	41961	0:22:20	1293.8
2025-11-18 21:19:46	43227	0:22:22	1291.6
2025-11-18 21:19:47	44656	0:22:10	1302.2
2025-11-18 21:19:48	46092	0:22:20	1290.7
2025-11-18 21:19:49	47413	0:22:09	1300.4
2025-11-18 21:19:50	48838	0:21:43	1325.2
2025-11-18 21:19:51	50242	0:21:30	1338.2
2025-11-18 21:19:52	51663	0:21:43	1323.9
2025-11-18 21:19:53	53257	0:21:26	1339.8
2025-11-18 21:19:54	54836	0:21:01	1365.1
2025-11-18 21:19:55	55836	0:21:08	1356.9
2025-11-18 21:19:56	57209	0:21:05	1358.7
2025-11-18 21:19:57	58407	0:21:05	1358.1
2025-11-18 21:19:58	60373	0:20:50	1372.9
2025-11-18 21:19:59	61421	0:21:06	1354.1
2025-11-18 21:20:00	62648	0:21:05	1354.3
2025-11-18 21:20:01	64465	0:21:00	1358.9
2025-11-18 21:20:02	66187	0:20:43	1375.8
2025-11-18 21:20:03	67594	0:20:45	1372.8
2025-11-18 21:20:04	68739	0:20:53	1362.8
2025-11-18 21:20:05	70373	0:20:48	1367.4
2025-11-18 21:20:06	71394	0:20:56	1357.4
2025-11-18 21:20:07	71769	0:21:27	1324.2
2025-11-18 21:20:08	72729	0:21:27	1323.7
2025-11-18 21:20:09	73871	0:21:18	1332.2
2025-11-18 21:20:10	74977	0:21:19	1330.1
2025-11-18 21:20:11	76097	0:21:26	1321.8
2025-11-18 21:20:12	77186	0:21:47	1299.5
2025-11-18 21:20:13	78564	0:21:53	1292.9
2025-11-18 21:20:14	79808	0:21:59	1286.3
2025-11-18 21:20:15	80904	0:22:00	1284.0
2025-11-18 21:20:16	82226	0:22:04	1279.8
2025-11-18 21:20:17	83151	0:22:18	1265.8
2025-11-18 21:20:18	84735	0:22:13	1268.6
2025-11-18 21:20:19	86091	0:22:22	1259.0
2025-11-18 21:20:20	87777	0:22:07	1272.7
2025-11-18 21:20:21	89649	0:21:44	1292.9
2025-11-18 21:20:22	91166	0:21:49	1287.5
2025-11-18 21:20:23	92558	0:21:46	1289.4
2025-11-18 21:20:24	93978	0:21:38	1296.1
2025-11-18 21:20:25	95310	0:21:40	1292.6
2025-11-18 21:20:26	96420	0:21:43	1289.6
2025-11-18 21:20:28	97914	0:22:03	1268.9
2025-11-18 21:20:29	99329	0:21:51	1279.0
2025-11-18 21:20:30	100770	0:21:41	1287.6
2025-11-18 21:20:31	102405	0:21:44	1283.8
2025-11-18 21:20:32	103517	0:22:08	1259.3
2025-11-18 21:20:33	105351	0:21:52	1273.1
2025-11-18 21:20:34	106583	0:21:49	1275.9
2025-11-18 21:20:35	107629	0:22:08	1256.1
2025-11-18 21:20:36	109320	0:21:43	1278.9
2025-11-18 21:20:37	110492	0:21:17	1304.7
2025-11-18 21:20:38	111853	0:21:03	1318.3
2025-11-18 21:20:39	113576	0:20:43	1337.8
2025-11-18 21:20:40	114670	0:20:43	1336.5
2025-11-18 21:20:41	116092	0:20:30	1350.1
2025-11-18 21:20:42	117378	0:20:22	1357.0
2025-11-18 21:20:43	118542	0:20:28	1349.8
2025-11-18 21:20:44	119953	0:20:22	1355.4
2025-11-18 21:20:45	120974	0:20:23	1353.1
2025-11-18 21:20:46	122386	0:20:20	1356.0
2025-11-18 21:20:47	123920	0:19:57	1380.9
2025-11-18 21:20:48	125161	0:20:03	1372.1
2025-11-18 21:20:49	126653	0:20:02	1371.9
2025-11-18 21:20:50	127913	0:20:15	1356.8
2025-11-18 21:20:51	129568	0:20:14	1356.7
2025-11-18 21:20:52	131018	0:20:14	1355.6
2025-11-18 21:20:53	132467	0:20:14	1353.7
2025-11-18 21:20:54	133177	0:20:40	1324.7
2025-11-18 21:20:55	133975	0:20:57	1306.8
2025-11-18 21:20:56	135096	0:20:50	1313.0
2025-11-18 21:20:57	136221	0:21:07	1294.0
2025-11-18 21:20:58	137408	0:20:52	1309.2
2025-11-18 21:20:59	139320	0:20:40	1320.3
2025-11-18 21:21:00	140631	0:20:52	1306.8
2025-11-18 21:21:01	142295	0:20:39	1318.4
2025-11-18 21:21:02	143437	0:20:37	1319.5
2025-11-18 21:21:03	145406	0:20:32	1323.6
2025-11-18 21:21:04	146467	0:20:29	1326.5
2025-11-18 21:21:05	148126	0:20:20	1334.3
2025-11-18 21:21:06	149521	0:20:15	1339.0
2025-11-18 21:21:07	150786	0:20:17	1335.6
2025-11-18 21:21:08	152637	0:20:12	1340.1
2025-11-18 21:21:09	153982	0:20:02	1349.5
2025-11-18 21:21:10	155303	0:20:04	1346.2
2025-11-18 21:21:11	156700	0:20:01	1348.2
2025-11-18 21:21:12	157990	0:19:57	1351.5
2025-11-18 21:21:13	159771	0:19:46	1362.5
2025-11-18 21:21:14	161288	0:19:31	1379.3
2025-11-18 21:21:15	162788	0:19:27	1382.3
2025-11-18 21:21:16	164071	0:19:34	1373.3
2025-11-18 21:21:17	165222	0:19:36	1370.2
2025-11-18 21:21:18	166589	0:19:39	1365.8
2025-11-18 21:21:19	167976	0:19:34	1370.4
2025-11-18 21:21:20	168964	0:19:51	1349.3
2025-11-18 21:21:21	170061	0:20:01	1337.2
2025-11-18 21:21:22	171712	0:19:54	1344.3
2025-11-18 21:21:23	172766	0:19:42	1356.4
2025-11-18 21:21:24	173924	0:19:31	1368.8
2025-11-18 21:21:25	175211	0:19:25	1374.6
2025-11-18 21:21:26	176616	0:19:16	1384.2
2025-11-18 21:21:27	177981	0:19:12	1387.3
2025-11-18 21:21:28	179257	0:19:33	1361.1
2025-11-18 21:21:29	180251	0:19:42	1350.3
2025-11-18 21:21:30	180983	0:20:10	1318.7
2025-11-18 21:21:31	181543	0:20:29	1297.7
2025-11-18 21:21:32	181851	0:21:25	1241.0
2025-11-18 21:21:33	182214	0:21:51	1215.9
2025-11-18 21:21:34	182880	0:22:28	1182.1
2025-11-18 21:21:35	183455	0:23:00	1154.3
2025-11-18 21:21:36	184731	0:22:58	1154.7
2025-11-18 21:21:37	186105	0:23:18	1137.7
2025-11-18 21:21:38	186939	0:23:38	1121.0
2025-11-18 21:21:39	187764	0:24:00	1103.1
2025-11-18 21:21:40	188923	0:24:12	1093.2
2025-11-18 21:21:41	190485	0:23:57	1103.2
2025-11-18 21:21:43	191557	0:24:30	1078.3
2025-11-18 21:21:44	192875	0:24:37	1071.8
2025-11-18 21:21:45	194567	0:24:29	1077.0
2025-11-18 21:21:46	195729	0:24:37	1070.0
2025-11-18 21:21:47	197582	0:24:03	1093.8
2025-11-18 21:21:48	198853	0:24:07	1090.5
2025-11-18 21:21:49	199936	0:24:20	1080.1
2025-11-18 21:21:50	201316	0:24:01	1093.3
2025-11-18 21:21:51	202288	0:24:04	1089.7
2025-11-18 21:21:52	203623	0:24:15	1080.8
2025-11-18 21:21:53	205068	0:23:59	1092.2
2025-11-18 21:21:54	206177	0:24:00	1090.6
2025-11-18 21:21:55	207921	0:23:40	1104.8
2025-11-18 21:21:56	209837	0:23:16	1121.9
2025-11-18 21:21:57	211004	0:23:21	1117.6
2025-11-18 21:21:58	212908	0:22:48	1142.6
2025-11-18 21:21:59	214211	0:22:35	1152.7
2025-11-18 21:22:00	215743	0:22:04	1178.5
2025-11-18 21:22:01	217249	0:21:27	1211.6
2025-11-18 21:22:02	218783	0:20:43	1253.4
2025-11-18 21:22:03	220094	0:20:09	1287.0
2025-11-18 21:22:04	221449	0:19:46	1310.5
2025-11-18 21:22:05	222607	0:19:28	1330.4
2025-11-18 21:22:06	224024	0:19:23	1335.1
2025-11-18 21:22:07	225177	0:19:27	1328.6
2025-11-18 21:22:08	226213	0:19:20	1335.7
2025-11-18 21:22:09	227563	0:19:04	1353.6
2025-11-18 21:22:10	229047	0:18:54	1364.3
2025-11-18 21:22:11	230428	0:18:58	1358.1
2025-11-18 21:22:12	231765	0:18:49	1368.0
2025-11-18 21:22:13	232926	0:18:53	1362.6
2025-11-18 21:22:14	234224	0:19:02	1350.4
2025-11-18 21:22:15	235537	0:18:56	1356.8
2025-11-18 21:22:16	236698	0:19:15	1333.0
2025-11-18 21:22:17	238026	0:19:12	1335.0
2025-11-18 21:22:18	239382	0:19:05	1342.6
2025-11-18 21:22:19	239848	0:19:32	1311.3
2025-11-18 21:22:20	239979	0:19:58	1282.6
2025-11-18 21:22:21	240213	0:20:34	1244.9
2025-11-18 21:22:22	240412	0:21:18	1201.5
2025-11-18 21:22:23	240605	0:21:52	1170.6
2025-11-18 21:22:24	241378	0:22:29	1138.1
2025-11-18 21:22:25	242440	0:23:03	1109.1
2025-11-18 21:22:26	243730	0:22:56	1114.0
2025-11-18 21:22:27	244658	0:23:38	1080.4
2025-11-18 21:22:28	246064	0:23:36	1080.5
2025-11-18 21:22:29	247580	0:23:34	1081.2
2025-11-18 21:22:30	248669	0:23:52	1067.1
2025-11-18 21:22:31	249955	0:24:02	1058.4
2025-11-18 21:22:32	251289	0:24:02	1057.7
2025-11-18 21:22:33	252929	0:23:52	1063.5
2025-11-18 21:22:34	254024	0:23:54	1061.3
2025-11-18 21:22:35	255409	0:23:55	1060.2
2025-11-18 21:22:37	257038	0:23:42	1068.7
2025-11-18 21:22:38	258921	0:23:02	1098.0
2025-11-18 21:22:39	260089	0:23:10	1091.1
2025-11-18 21:22:40	261143	0:23:23	1079.9
2025-11-18 21:22:41	262307	0:23:31	1072.8
2025-11-18 21:22:42	263638	0:23:28	1074.0
2025-11-18 21:22:43	264972	0:23:20	1079.8
2025-11-18 21:22:44	266214	0:23:21	1077.9
2025-11-18 21:22:45	267503	0:23:18	1079.4
2025-11-18 21:22:46	267987	0:23:48	1056.3
2025-11-18 21:22:47	268150	0:24:43	1016.9
2025-11-18 21:22:48	268303	0:25:43	977.3
2025-11-18 21:22:49	268505	0:25:58	968.1
2025-11-18 21:22:50	268806	0:25:48	974.0
2025-11-18 21:22:51	269526	0:25:22	990.4
2025-11-18 21:22:52	271268	0:24:07	1040.1
2025-11-18 21:22:53	272260	0:23:31	1065.8
2025-11-18 21:22:54	273504	0:23:09	1081.7
2025-11-18 21:22:55	275087	0:22:46	1099.2
2025-11-18 21:22:56	276530	0:22:39	1103.7
2025-11-18 21:22:57	278450	0:21:57	1137.4
2025-11-18 21:22:58	279471	0:22:07	1128.1
2025-11-18 21:22:59	280844	0:22:11	1123.3
2025-11-18 21:23:00	282052	0:22:05	1127.6
2025-11-18 21:23:01	283532	0:21:56	1134.2
2025-11-18 21:23:02	284760	0:21:58	1132.0
2025-11-18 21:23:03	286040	0:22:11	1119.8
2025-11-18 21:23:04	287506	0:21:52	1134.3
2025-11-18 21:23:05	288668	0:21:57	1129.2
2025-11-18 21:23:06	290065	0:22:04	1122.6
2025-11-18 21:23:07	291411	0:22:20	1107.8
2025-11-18 21:23:08	293043	0:22:08	1116.8
2025-11-18 21:23:09	294344	0:21:45	1135.4
2025-11-18 21:23:10	295114	0:21:54	1127.2
2025-11-18 21:23:11	296052	0:22:04	1117.8
2025-11-18 21:23:12	296879	0:22:17	1107.0
2025-11-18 21:23:13	297896	0:22:49	1079.8
2025-11-18 21:23:14	299313	0:22:38	1087.9
2025-11-18 21:23:15	300530	0:22:13	1107.4
2025-11-18 21:23:16	301703	0:21:38	1135.7
2025-11-18 21:23:17	302968	0:20:56	1173.5
2025-11-18 21:23:18	304495	0:20:07	1219.6
2025-11-18 21:23:19	305775	0:19:34	1252.7
2025-11-18 21:23:20	306616	0:19:27	1259.8
2025-11-18 21:23:21	307951	0:19:35	1249.9
2025-11-18 21:23:22	309430	0:19:18	1267.1
2025-11-18 21:23:23	310559	0:19:23	1259.9
2025-11-18 21:23:24	312372	0:19:00	1283.7
2025-11-18 21:23:25	313832	0:19:17	1263.7
2025-11-18 21:23:26	315307	0:19:24	1254.9
2025-11-18 21:23:27	316427	0:19:21	1256.9
2025-11-18 21:23:28	317648	0:19:23	1254.6
2025-11-18 21:23:29	318916	0:19:25	1251.0
2025-11-18 21:23:30	320499	0:19:12	1263.4
2025-11-18 21:23:31	321739	0:19:25	1248.3
2025-11-18 21:23:32	323602	0:19:03	1270.5
2025-11-18 21:23:34	324952	0:19:04	1268.5
2025-11-18 21:23:35	326720	0:18:51	1281.8
2025-11-18 21:23:36	327729	0:19:04	1266.5
2025-11-18 21:23:37	329062	0:19:02	1267.7
2025-11-18 21:23:38	330315	0:19:11	1256.2
2025-11-18 21:23:39	331785	0:19:05	1261.8
2025-11-18 21:23:40	332857	0:18:57	1269.9
2025-11-18 21:23:41	333980	0:18:50	1276.1
2025-11-18 21:23:42	335830	0:18:19	1310.2
2025-11-18 21:23:43	337310	0:18:05	1326.3
2025-11-18 21:23:44	338196	0:18:17	1310.8
2025-11-18 21:23:45	338620	0:18:41	1282.5
2025-11-18 21:23:46	338795	0:19:05	1255.8
2025-11-18 21:23:47	338937	0:19:41	1217.1
2025-11-18 21:23:48	339286	0:20:21	1176.6
2025-11-18 21:23:49	339651	0:20:54	1145.5
2025-11-18 21:23:50	340643	0:20:48	1150.6
2025-11-18 21:23:51	342034	0:20:44	1152.7
2025-11-18 21:23:52	342676	0:21:15	1124.4
2025-11-18 21:23:53	343545	0:21:23	1116.5
2025-11-18 21:23:54	344308	0:22:05	1081.0
2025-11-18 21:23:55	345227	0:22:25	1064.3
2025-11-18 21:23:56	346682	0:22:24	1063.5
2025-11-18 21:23:57	348177	0:22:05	1077.8
2025-11-18 21:23:58	349079	0:22:18	1066.5
2025-11-18 21:23:59	350263	0:22:21	1063.3
2025-11-18 21:24:00	350404	0:23:25	1015.1
2025-11-18 21:24:01	350561	0:24:15	980.1
2025-11-18 21:24:02	350884	0:25:29	932.3
2025-11-18 21:24:03	352039	0:25:36	927.4
2025-11-18 21:24:04	353413	0:26:01	911.6
2025-11-18 21:24:05	354944	0:25:34	926.4
2025-11-18 21:24:06	356857	0:25:01	946.0
2025-11-18 21:24:07	358388	0:24:44	955.4
2025-11-18 21:24:08	359708	0:24:51	950.2
2025-11-18 21:24:09	361179	0:24:28	963.8
2025-11-18 21:24:10	362761	0:24:03	979.7
2025-11-18 21:24:11	364555	0:24:09	974.2
2025-11-18 21:24:12	366082	0:24:05	975.8
2025-11-18 21:24:13	367202	0:23:53	983.5
2025-11-18 21:24:14	367851	0:23:41	991.4
2025-11-18 21:24:15	368110	0:23:38	992.9
2025-11-18 21:24:16	368443	0:23:28	1000.0
2025-11-18 21:24:17	369679	0:22:46	1030.1
2025-11-18 21:24:18	371017	0:22:02	1063.2
2025-11-18 21:24:19	371743	0:22:13	1053.6
2025-11-18 21:24:20	372999	0:22:18	1048.9
2025-11-18 21:24:21	374322	0:21:48	1071.8
2025-11-18 21:24:22	375574	0:21:31	1084.9
2025-11-18 21:24:23	376870	0:21:09	1102.7
2025-11-18 21:24:24	378199	0:20:52	1116.7
2025-11-18 21:24:25	379656	0:20:51	1116.7
2025-11-18 21:24:26	380993	0:20:55	1111.6
2025-11-18 21:24:27	382674	0:20:29	1134.4
2025-11-18 21:24:28	384234	0:20:13	1147.7
2025-11-18 21:24:29	385713	0:19:26	1192.9
2025-11-18 21:24:30	387288	0:18:39	1240.9
2025-11-18 21:24:31	388772	0:18:04	1280.2
2025-11-18 21:24:32	389939	0:18:01	1282.8
2025-11-18 21:24:33	391139	0:18:02	1280.5
2025-11-18 21:24:34	392210	0:18:11	1269.0
2025-11-18 21:24:35	393679	0:18:26	1249.5
2025-11-18 21:24:37	395265	0:18:30	1244.4
2025-11-18 21:24:38	396668	0:18:25	1248.1
2025-11-18 21:24:39	398209	0:18:22	1250.5
2025-11-18 21:24:40	399410	0:18:34	1236.2
2025-11-18 21:24:41	400219	0:19:05	1202.1
2025-11-18 21:24:42	401265	0:19:13	1192.7
2025-11-18 21:24:43	402698	0:19:06	1199.0
2025-11-18 21:24:44	404432	0:18:35	1230.6
2025-11-18 21:24:45	405564	0:18:09	1258.3
2025-11-18 21:24:46	406896	0:17:37	1295.8
2025-11-18 21:24:47	407938	0:17:38	1293.1
2025-11-18 21:24:48	409632	0:17:25	1307.5
2025-11-18 21:24:49	410778	0:17:20	1313.4
2025-11-18 21:24:50	411942	0:17:15	1317.6
2025-11-18 21:24:51	413381	0:17:11	1322.4
2025-11-18 21:24:52	413956	0:17:30	1297.8
2025-11-18 21:24:53	414507	0:17:54	1268.5
2025-11-18 21:24:54	416327	0:17:39	1284.4
2025-11-18 21:24:55	417306	0:17:51	1268.8
2025-11-18 21:24:56	418402	0:17:59	1258.7
2025-11-18 21:24:57	418820	0:18:33	1219.7
2025-11-18 21:24:58	419609	0:18:56	1193.8
2025-11-18 21:24:59	420171	0:19:28	1161.5
2025-11-18 21:25:00	421064	0:19:51	1138.3
2025-11-18 21:25:01	421672	0:20:21	1109.3
2025-11-18 21:25:02	422304	0:20:41	1091.3
2025-11-18 21:25:03	422743	0:21:10	1065.8
2025-11-18 21:25:04	423100	0:21:39	1041.5
2025-11-18 21:25:05	423492	0:22:21	1008.7
2025-11-18 21:25:06	423654	0:23:21	965.8
2025-11-18 21:25:07	423879	0:24:21	925.8
2025-11-18 21:25:08	424053	0:25:38	879.2
2025-11-18 21:25:09	424335	0:26:33	848.8
2025-11-18 21:25:10	425814	0:25:50	871.6
2025-11-18 21:25:11	426948	0:25:44	874.3
2025-11-18 21:25:12	428031	0:26:02	863.4
2025-11-18 21:25:13	429544	0:26:09	858.5
2025-11-18 21:25:14	431108	0:25:41	873.2
2025-11-18 21:25:15	432252	0:25:51	866.8
2025-11-18 21:25:16	433737	0:25:24	881.2
2025-11-18 21:25:17	435209	0:25:36	873.4
2025-11-18 21:25:18	437113	0:24:50	899.1
2025-11-18 21:25:19	438716	0:24:23	914.2
2025-11-18 21:25:20	439852	0:24:38	904.1
2025-11-18 21:25:21	441279	0:23:51	933.2
2025-11-18 21:25:22	442894	0:22:55	969.9
2025-11-18 21:25:23	444322	0:23:07	960.1
2025-11-18 21:25:24	445719	0:22:50	971.4
2025-11-18 21:25:25	446915	0:22:44	974.8
2025-11-18 21:25:26	447931	0:22:15	995.2
2025-11-18 21:25:27	448740	0:22:13	995.8
2025-11-18 21:25:28	449541	0:22:00	1005.0
2025-11-18 21:25:29	451105	0:21:29	1028.1
2025-11-18 21:25:30	452138	0:21:12	1041.3
2025-11-18 21:25:31	453133	0:20:56	1053.7
2025-11-18 21:25:32	454072	0:20:36	1069.9
2025-11-18 21:25:33	455111	0:20:08	1093.4
2025-11-18 21:25:34	456236	0:19:41	1117.8
2025-11-18 21:25:35	457736	0:18:53	1163.6
2025-11-18 21:25:36	459198	0:18:16	1201.5
2025-11-18 21:25:37	460828	0:17:31	1251.0
2025-11-18 21:25:38	462413	0:16:54	1295.2
2025-11-18 21:25:39	463787	0:16:56	1292.2
2025-11-18 21:25:40	465399	0:16:42	1308.2
2025-11-18 21:25:41	467071	0:16:26	1328.4
2025-11-18 21:25:42	468726	0:16:21	1333.4
2025-11-18 21:25:43	470183	0:16:22	1329.6
2025-11-18 21:25:44	471503	0:16:17	1335.6
2025-11-18 21:25:45	472884	0:16:18	1333.3
2025-11-18 21:25:46	474180	0:16:21	1327.4
2025-11-18 21:25:47	475241	0:16:43	1297.2
2025-11-18 21:25:48	476478	0:16:52	1284.8
2025-11-18 21:25:49	477579	0:16:52	1283.6
2025-11-18 21:25:51	479191	0:16:48	1286.3
2025-11-18 21:25:52	480284	0:17:02	1267.6
2025-11-18 21:25:53	481688	0:17:02	1266.8
2025-11-18 21:25:54	482810	0:17:05	1261.3
2025-11-18 21:25:55	484328	0:16:57	1270.9
2025-11-18 21:25:56	485568	0:16:50	1278.5
2025-11-18 21:25:57	487389	0:16:22	1312.5
2025-11-18 21:25:58	488616	0:16:10	1327.0
2025-11-18 21:25:59	490432	0:16:03	1335.5
2025-11-18 21:26:00	491425	0:16:05	1330.9
2025-11-18 21:26:01	492833	0:15:54	1345.0
2025-11-18 21:26:02	493742	0:15:56	1341.6
2025-11-18 21:26:03	495248	0:15:44	1357.3
2025-11-18 21:26:04	496477	0:15:40	1361.6
2025-11-18 21:26:05	497733	0:15:45	1353.4
2025-11-18 21:26:06	498854	0:15:48	1346.8
2025-11-18 21:26:07	500273	0:15:52	1339.7
2025-11-18 21:26:08	501785	0:15:53	1337.3
2025-11-18 21:26:09	503570	0:15:42	1351.5
2025-11-18 21:26:10	504982	0:15:46	1343.2
2025-11-18 21:26:11	505997	0:16:02	1320.7
2025-11-18 21:26:12	507128	0:16:13	1304.6
2025-11-18 21:26:13	508314	0:16:20	1293.7
2025-11-18 21:26:14	509338	0:16:27	1283.2
2025-11-18 21:26:15	509699	0:16:54	1249.2
2025-11-18 21:26:16	510151	0:17:17	1220.8
2025-11-18 21:26:17	510755	0:17:29	1206.4
2025-11-18 21:26:18	511229	0:17:52	1180.0
2025-11-18 21:26:19	512342	0:17:51	1180.4
2025-11-18 21:26:20	513903	0:17:48	1181.9
2025-11-18 21:26:21	514920	0:17:49	1180.2
2025-11-18 21:26:22	516075	0:17:55	1171.8
2025-11-18 21:26:23	517950	0:17:31	1197.3
2025-11-18 21:26:24	519480	0:17:31	1195.6
2025-11-18 21:26:25	521402	0:17:05	1224.1
2025-11-18 21:26:26	523100	0:17:10	1216.1
2025-11-18 21:26:27	524726	0:16:55	1233.3
2025-11-18 21:26:28	526365	0:17:02	1223.5
2025-11-18 21:26:29	527685	0:16:51	1234.9
2025-11-18 21:26:30	529092	0:16:48	1237.1
2025-11-18 21:26:31	530501	0:16:32	1256.1
2025-11-18 21:26:32	531599	0:16:38	1247.4
2025-11-18 21:26:33	533110	0:16:30	1255.7
2025-11-18 21:26:34	534566	0:16:26	1259.7
2025-11-18 21:26:35	535836	0:16:25	1258.9
2025-11-18 21:26:36	537274	0:16:25	1258.4
2025-11-18 21:26:37	538452	0:16:33	1247.1
2025-11-18 21:26:38	539005	0:16:59	1214.6
2025-11-18 21:26:39	540605	0:16:58	1213.5
2025-11-18 21:26:40	541613	0:16:56	1215.4
2025-11-18 21:26:41	542793	0:16:53	1217.6
2025-11-18 21:26:42	544065	0:16:52	1217.9
2025-11-18 21:26:43	545562	0:16:41	1230.1
2025-11-18 21:26:44	547171	0:16:10	1267.3
2025-11-18 21:26:46	548487	0:15:48	1295.0
2025-11-18 21:26:47	549893	0:15:27	1322.7
2025-11-18 21:26:48	551346	0:15:03	1355.8
2025-11-18 21:26:49	552937	0:14:51	1372.4
2025-11-18 21:26:50	554750	0:14:44	1381.6
2025-11-18 21:26:51	556381	0:14:29	1404.1
2025-11-18 21:26:52	557827	0:14:24	1410.0
2025-11-18 21:26:53	559280	0:14:29	1400.2
2025-11-18 21:26:54	560653	0:14:33	1393.0
2025-11-18 21:26:55	562044	0:14:43	1375.0
2025-11-18 21:26:56	563168	0:14:55	1355.3
2025-11-18 21:26:57	564455	0:15:02	1343.4
2025-11-18 21:26:58	565726	0:15:10	1330.9
2025-11-18 21:26:59	567262	0:15:04	1337.9
2025-11-18 21:27:00	568597	0:15:03	1337.8
2025-11-18 21:27:01	569595	0:15:11	1323.8
2025-11-18 21:27:02	570853	0:15:06	1330.9
2025-11-18 21:27:03	571911	0:15:15	1315.5
2025-11-18 21:27:04	573484	0:15:12	1318.6
2025-11-18 21:27:05	574955	0:15:09	1321.1
2025-11-18 21:27:06	576496	0:15:03	1327.9
2025-11-18 21:27:07	577706	0:15:02	1329.0
2025-11-18 21:27:08	579587	0:14:31	1373.9
2025-11-18 21:27:09	580811	0:14:38	1361.3
2025-11-18 21:27:10	582687	0:14:19	1389.8
2025-11-18 21:27:11	583936	0:14:17	1392.0
2025-11-18 21:27:12	585619	0:14:05	1408.5
2025-11-18 21:27:13	586785	0:14:08	1401.8
2025-11-18 21:27:14	588621	0:14:03	1408.7
2025-11-18 21:27:15	589849	0:14:07	1401.4
2025-11-18 21:27:16	591515	0:14:00	1410.4
2025-11-18 21:27:17	592979	0:13:59	1410.9
2025-11-18 21:27:18	594071	0:14:09	1392.7
2025-11-18 21:27:19	595519	0:14:15	1380.3
2025-11-18 21:27:20	597006	0:14:17	1375.4
2025-11-18 21:27:21	598714	0:14:12	1381.8
2025-11-18 21:27:22	600094	0:14:13	1379.0
2025-11-18 21:27:23	600828	0:14:26	1357.3
2025-11-18 21:27:24	601864	0:14:33	1345.4
2025-11-18 21:27:25	603133	0:14:31	1347.2
2025-11-18 21:27:26	604202	0:14:34	1340.4
2025-11-18 21:27:27	605510	0:14:33	1341.0
2025-11-18 21:27:28	606738	0:14:39	1330.7
2025-11-18 21:27:29	607729	0:14:44	1321.8
2025-11-18 21:27:30	608750	0:14:45	1318.5
2025-11-18 21:27:32	610361	0:14:41	1322.7
2025-11-18 21:27:33	612218	0:14:24	1347.7
2025-11-18 21:27:34	613575	0:14:32	1332.9
2025-11-18 21:27:35	615442	0:14:21	1347.9
2025-11-18 21:27:36	616765	0:14:18	1351.1
2025-11-18 21:27:37	618291	0:14:16	1353.3
2025-11-18 21:27:38	619727	0:14:14	1354.5
2025-11-18 21:27:39	621211	0:14:15	1351.1
2025-11-18 21:27:40	622695	0:14:23	1337.1
2025-11-18 21:27:41	624497	0:14:11	1352.6
2025-11-18 21:27:42	625662	0:14:16	1344.3
2025-11-18 21:27:43	626847	0:14:20	1336.4
2025-11-18 21:27:44	628462	0:14:18	1338.0
2025-11-18 21:27:45	629908	0:14:16	1338.5
2025-11-18 21:27:46	631048	0:14:17	1335.5
2025-11-18 21:27:47	632642	0:14:11	1343.7
2025-11-18 21:27:48	634022	0:14:18	1331.3
2025-11-18 21:27:49	635822	0:14:05	1350.0
2025-11-18 21:27:50	637502	0:14:07	1345.1
2025-11-18 21:27:51	639224	0:14:01	1351.8
2025-11-18 21:27:52	640984	0:13:54	1361.0
2025-11-18 21:27:53	642241	0:13:44	1376.6
2025-11-18 21:27:54	643923	0:13:26	1404.6
2025-11-18 21:27:55	645088	0:13:30	1396.8
2025-11-18 21:27:56	646219	0:13:24	1405.8
2025-11-18 21:27:57	647765	0:13:19	1412.3
2025-11-18 21:27:58	649574	0:13:06	1433.3
2025-11-18 21:27:59	651138	0:12:58	1446.5
2025-11-18 21:28:00	652391	0:12:52	1455.0
2025-11-18 21:28:01	654074	0:12:51	1455.4
2025-11-18 21:28:02	655696	0:12:39	1475.9
2025-11-18 21:28:03	657315	0:12:36	1479.2
2025-11-18 21:28:04	658543	0:12:45	1460.6
2025-11-18 21:28:05	659446	0:12:53	1444.4
2025-11-18 21:28:06	660640	0:12:59	1432.2
2025-11-18 21:28:07	662282	0:12:52	1442.3
2025-11-18 21:28:08	663763	0:12:56	1433.6
2025-11-18 21:28:09	665390	0:12:52	1438.2
2025-11-18 21:28:10	666672	0:12:57	1427.9
2025-11-18 21:28:11	668032	0:12:57	1426.9
2025-11-18 21:28:12	669744	0:12:54	1429.5
2025-11-18 21:28:13	671122	0:12:51	1433.9
2025-11-18 21:28:14	672739	0:12:47	1437.9
2025-11-18 21:28:15	674449	0:12:40	1450.2
2025-11-18 21:28:17	675853	0:12:39	1449.0
2025-11-18 21:28:18	676955	0:12:43	1439.8
2025-11-18 21:28:19	678746	0:12:36	1452.1
2025-11-18 21:28:20	679955	0:12:44	1434.3
2025-11-18 21:28:21	681979	0:12:35	1448.4
2025-11-18 21:28:22	683200	0:12:46	1427.4
2025-11-18 21:28:23	685061	0:12:43	1429.3
2025-11-18 21:28:24	687012	0:12:30	1452.1
2025-11-18 21:28:25	688208	0:12:27	1457.2
2025-11-18 21:28:26	689537	0:12:29	1451.4
2025-11-18 21:28:27	691184	0:12:24	1457.5
2025-11-18 21:28:28	692022	0:12:37	1432.6
2025-11-18 21:28:29	693342	0:12:41	1422.9
2025-11-18 21:28:30	694435	0:12:48	1408.7
2025-11-18 21:28:31	694977	0:13:08	1371.6
2025-11-18 21:28:32	695465	0:13:29	1335.2
2025-11-18 21:28:33	695777	0:13:53	1296.5
2025-11-18 21:28:34	696844	0:13:56	1290.6
2025-11-18 21:28:35	698014	0:13:47	1303.6
2025-11-18 21:28:36	699433	0:13:44	1307.2
2025-11-18 21:28:37	700848	0:13:52	1292.0
2025-11-18 21:28:38	702403	0:13:50	1293.2
2025-11-18 21:28:39	703568	0:13:57	1281.6
2025-11-18 21:28:40	704746	0:13:59	1277.0
2025-11-18 21:28:41	705768	0:14:04	1268.2
2025-11-18 21:28:42	707410	0:14:05	1265.1
2025-11-18 21:28:43	708564	0:14:09	1258.2
2025-11-18 21:28:44	709731	0:14:19	1241.1
2025-11-18 21:28:45	711194	0:14:27	1227.9
2025-11-18 21:28:46	711743	0:14:47	1200.3
2025-11-18 21:28:47	712663	0:14:51	1194.2
2025-11-18 21:28:48	714056	0:14:59	1181.1
2025-11-18 21:28:49	715061	0:15:03	1175.7
2025-11-18 21:28:50	716554	0:15:11	1163.2
2025-11-18 21:28:51	717887	0:15:07	1167.0
2025-11-18 21:28:52	719047	0:15:22	1147.3
2025-11-18 21:28:53	720678	0:15:29	1136.6
2025-11-18 21:28:54	721783	0:15:30	1133.4
2025-11-18 21:28:55	722922	0:15:35	1126.9
2025-11-18 21:28:56	723982	0:15:50	1107.3
2025-11-18 21:28:57	725372	0:15:34	1125.5
2025-11-18 21:28:59	726599	0:15:37	1120.3
2025-11-18 21:29:00	728299	0:15:18	1141.5
2025-11-18 21:29:01	729907	0:14:49	1177.7
2025-11-18 21:29:02	731389	0:14:23	1210.9
2025-11-18 21:29:03	732946	0:13:53	1252.9
2025-11-18 21:29:04	734471	0:13:41	1268.3
2025-11-18 21:29:05	735697	0:13:39	1270.4
2025-11-18 21:29:06	736280	0:13:53	1247.9
2025-11-18 21:29:07	737138	0:14:04	1230.5
2025-11-18 21:29:08	738337	0:14:12	1218.5
2025-11-18 21:29:09	739563	0:14:09	1221.6
2025-11-18 21:29:10	740611	0:14:11	1217.5
2025-11-18 21:29:11	742386	0:13:52	1243.2
2025-11-18 21:29:12	743924	0:13:53	1239.5
2025-11-18 21:29:13	745454	0:13:42	1253.6
2025-11-18 21:29:14	746788	0:13:35	1263.3
2025-11-18 21:29:15	748272	0:13:30	1269.2
2025-11-18 21:29:16	749396	0:13:17	1288.0
2025-11-18 21:29:17	751237	0:12:59	1315.9
2025-11-18 21:29:18	752552	0:12:58	1315.2
2025-11-18 21:29:19	753807	0:12:56	1318.4
2025-11-18 21:29:20	755684	0:12:48	1328.0
2025-11-18 21:29:21	757070	0:12:46	1329.8
2025-11-18 21:29:22	758795	0:12:34	1349.0
2025-11-18 21:29:23	760482	0:12:32	1351.4
2025-11-18 21:29:24	761979	0:12:24	1363.3
2025-11-18 21:29:25	763520	0:12:16	1376.8
2025-11-18 21:29:26	765066	0:12:07	1391.0
2025-11-18 21:29:27	766259	0:12:09	1385.4
2025-11-18 21:29:28	768003	0:11:57	1405.5
2025-11-18 21:29:29	769352	0:12:02	1393.8
2025-11-18 21:29:30	770807	0:12:04	1388.3
2025-11-18 21:29:31	772048	0:12:08	1380.2
2025-11-18 21:29:32	773473	0:12:09	1374.9
2025-11-18 21:29:33	774185	0:12:25	1344.4
2025-11-18 21:29:34	774545	0:12:42	1314.9
2025-11-18 21:29:35	774861	0:12:47	1305.2
2025-11-18 21:29:36	775230	0:12:57	1288.3
2025-11-18 21:29:37	775730	0:13:11	1264.3
2025-11-18 21:29:38	776342	0:13:24	1243.4
2025-11-18 21:29:39	776858	0:13:35	1226.5
2025-11-18 21:29:40	777326	0:14:06	1180.2
2025-11-18 21:29:41	778557	0:14:13	1169.9
2025-11-18 21:29:42	779573	0:14:25	1152.7
2025-11-18 21:29:43	780325	0:14:40	1131.9
2025-11-18 21:29:44	781665	0:14:43	1126.8
2025-11-18 21:29:45	783356	0:14:27	1144.8
2025-11-18 21:29:46	785086	0:14:26	1145.1
2025-11-18 21:29:47	786433	0:14:23	1146.6
2025-11-18 21:29:48	787967	0:14:12	1159.4
2025-11-18 21:29:49	789557	0:14:18	1149.8
2025-11-18 21:29:51	791500	0:14:07	1162.2
2025-11-18 21:29:52	792735	0:14:18	1145.9
2025-11-18 21:29:53	794625	0:14:12	1152.6
2025-11-18 21:29:54	795610	0:14:25	1134.4
2025-11-18 21:29:55	797148	0:14:23	1134.6
2025-11-18 21:29:56	798730	0:14:20	1137.3
2025-11-18 21:29:57	799753	0:14:23	1131.3
2025-11-18 21:29:58	800960	0:14:36	1113.2
2025-11-18 21:29:59	801961	0:14:47	1098.2
2025-11-18 21:30:00	803367	0:14:47	1096.4
2025-11-18 21:30:01	804299	0:14:55	1085.6
2025-11-18 21:30:02	805711	0:14:54	1085.8
2025-11-18 21:30:03	806599	0:14:46	1093.9
2025-11-18 21:30:04	806867	0:14:49	1090.2
2025-11-18 21:30:05	807251	0:14:47	1092.4
2025-11-18 21:30:06	808240	0:14:29	1113.7
2025-11-18 21:30:07	809621	0:14:05	1143.4
2025-11-18 21:30:08	811035	0:13:47	1167.8
2025-11-18 21:30:09	812101	0:13:34	1184.3
2025-11-18 21:30:10	813952	0:13:00	1234.0
2025-11-18 21:30:11	815183	0:12:59	1234.1
2025-11-18 21:30:12	816427	0:12:53	1241.8
2025-11-18 21:30:13	817834	0:12:38	1264.4
2025-11-18 21:30:14	819083	0:12:39	1261.1
2025-11-18 21:30:15	820240	0:12:48	1244.5
2025-11-18 21:30:16	821219	0:13:03	1219.3
2025-11-18 21:30:17	822438	0:13:04	1217.0
2025-11-18 21:30:18	823246	0:13:20	1191.0
2025-11-18 21:30:19	823480	0:13:52	1145.3
2025-11-18 21:30:20	823934	0:14:25	1100.9
2025-11-18 21:30:21	824375	0:14:47	1073.4
2025-11-18 21:30:22	825471	0:15:09	1046.3
2025-11-18 21:30:23	826793	0:14:57	1058.2
2025-11-18 21:30:24	827632	0:15:18	1033.7
2025-11-18 21:30:25	829355	0:15:12	1038.1
2025-11-18 21:30:26	830481	0:15:08	1042.0
2025-11-18 21:30:27	831181	0:15:22	1025.0
2025-11-18 21:30:28	832744	0:15:01	1047.0
2025-11-18 21:30:29	833967	0:15:05	1040.8
2025-11-18 21:30:30	835260	0:14:53	1053.8
2025-11-18 21:30:31	836215	0:15:06	1037.7
2025-11-18 21:30:32	836853	0:15:13	1029.6
2025-11-18 21:30:33	838014	0:14:44	1060.9
2025-11-18 21:30:34	839323	0:14:17	1093.1
2025-11-18 21:30:35	840389	0:14:14	1095.5
2025-11-18 21:30:36	841569	0:14:18	1088.9
2025-11-18 21:30:37	842977	0:14:15	1091.2
2025-11-18 21:30:38	845008	0:13:47	1125.9
2025-11-18 21:30:39	846332	0:13:59	1107.9
2025-11-18 21:30:40	847848	0:13:51	1117.4
2025-11-18 21:30:41	848943	0:13:54	1112.1
2025-11-18 21:30:42	849739	0:14:10	1090.3
2025-11-18 21:30:43	850090	0:14:34	1060.4
2025-11-18 21:30:44	850716	0:14:48	1042.0
2025-11-18 21:30:45	851301	0:14:59	1028.5
2025-11-18 21:30:46	851868	0:15:19	1006.4
2025-11-18 21:30:47	852629	0:15:23	1001.1
2025-11-18 21:30:48	854149	0:14:42	1045.3
2025-11-18 21:30:49	854987	0:14:31	1057.4
2025-11-18 21:30:50	855900	0:14:17	1074.6
2025-11-18 21:30:51	856313	0:14:36	1050.7
2025-11-18 21:30:52	857892	0:14:26	1060.9
2025-11-18 21:30:53	858956	0:14:18	1069.1
2025-11-18 21:30:54	860260	0:14:25	1059.2
2025-11-18 21:30:55	861501	0:14:23	1060.0
2025-11-18 21:30:56	863164	0:13:56	1092.2
2025-11-18 21:30:57	864637	0:14:00	1085.2
2025-11-18 21:30:58	866188	0:13:48	1098.6
2025-11-18 21:30:59	867693	0:13:42	1105.5
2025-11-18 21:31:01	869002	0:13:33	1115.5
2025-11-18 21:31:02	870372	0:13:15	1139.6
2025-11-18 21:31:03	871629	0:13:09	1146.5
2025-11-18 21:31:04	872883	0:13:11	1142.1
2025-11-18 21:31:05	874387	0:13:00	1157.0
2025-11-18 21:31:06	876001	0:12:50	1169.5
2025-11-18 21:31:07	877911	0:12:38	1185.6
2025-11-18 21:31:08	879488	0:12:47	1168.9
2025-11-18 21:31:09	880744	0:12:47	1166.9
2025-11-18 21:31:10	882354	0:12:44	1169.4
2025-11-18 21:31:11	883544	0:12:42	1172.2
2025-11-18 21:31:12	885010	0:12:26	1194.8
2025-11-18 21:31:13	886582	0:12:00	1236.1
2025-11-18 21:31:14	887941	0:11:45	1260.8
2025-11-18 21:31:15	889333	0:11:28	1289.5
2025-11-18 21:31:16	890469	0:11:17	1309.2
2025-11-18 21:31:17	890822	0:11:24	1294.9
2025-11-18 21:31:18	891260	0:11:40	1265.0
2025-11-18 21:31:19	891679	0:11:49	1247.1
2025-11-18 21:31:20	891867	0:12:03	1223.0
2025-11-18 21:31:21	892191	0:12:04	1220.3
2025-11-18 21:31:22	892384	0:12:26	1185.0
2025-11-18 21:31:23	892632	0:12:46	1153.1
2025-11-18 21:31:24	892984	0:13:11	1116.3
2025-11-18 21:31:25	893396	0:13:31	1088.7
2025-11-18 21:31:26	893746	0:14:06	1043.2
2025-11-18 21:31:27	894283	0:14:29	1014.5
2025-11-18 21:31:28	895175	0:14:48	992.0
2025-11-18 21:31:29	896034	0:15:08	969.4
2025-11-18 21:31:30	896959	0:15:20	955.8
2025-11-18 21:31:31	898097	0:15:27	947.9
2025-11-18 21:31:32	899609	0:15:16	956.9
2025-11-18 21:31:33	901127	0:15:09	963.0
2025-11-18 21:31:34	902461	0:15:13	957.2
2025-11-18 21:31:35	904008	0:15:10	958.5
2025-11-18 21:31:36	904573	0:15:55	912.9
2025-11-18 21:31:37	906225	0:15:51	915.0
2025-11-18 21:31:38	907317	0:15:56	908.9
2025-11-18 21:31:39	909181	0:15:45	917.5
2025-11-18 21:31:40	910363	0:15:44	917.6
2025-11-18 21:31:41	911705	0:15:47	912.7
2025-11-18 21:31:42	912894	0:15:59	900.2
2025-11-18 21:31:43	914109	0:16:03	895.4
2025-11-18 21:31:44	915425	0:16:05	892.0
2025-11-18 21:31:45	916079	0:16:23	875.1
2025-11-18 21:31:46	917001	0:16:01	894.5
2025-11-18 21:31:47	918227	0:15:32	921.0
2025-11-18 21:31:48	919462	0:15:03	948.9
2025-11-18 21:31:49	920659	0:14:30	983.3
2025-11-18 21:31:50	922137	0:13:55	1022.8
2025-11-18 21:31:51	923597	0:13:20	1066.1
2025-11-18 21:31:52	924816	0:12:55	1099.3
2025-11-18 21:31:53	926030	0:12:34	1128.1
2025-11-18 21:31:54	926864	0:12:24	1142.5
2025-11-18 21:31:55	927542	0:12:16	1153.6
2025-11-18 21:31:56	928569	0:12:04	1170.2
2025-11-18 21:31:57	929733	0:11:58	1178.9
2025-11-18 21:31:58	931245	0:11:43	1202.3
2025-11-18 21:31:59	932262	0:11:40	1205.3
2025-11-18 21:32:00	933810	0:11:31	1219.4
2025-11-18 21:32:01	934925	0:11:38	1205.9
2025-11-18 21:32:02	936366	0:11:37	1205.5
2025-11-18 21:32:03	937890	0:11:32	1211.5
2025-11-18 21:32:04	939166	0:11:36	1202.3
2025-11-18 21:32:05	940478	0:11:21	1227.8
2025-11-18 21:32:06	942026	0:11:21	1224.2
2025-11-18 21:32:07	943105	0:11:20	1225.0
2025-11-18 21:32:08	943697	0:11:45	1180.9
2025-11-18 21:32:09	944597	0:11:51	1170.4
2025-11-18 21:32:10	945986	0:11:48	1172.2
2025-11-18 21:32:11	947337	0:11:45	1175.4
2025-11-18 21:32:12	948730	0:11:40	1181.5
2025-11-18 21:32:13	950279	0:11:34	1191.0
2025-11-18 21:32:14	951024	0:11:33	1191.6
2025-11-18 21:32:15	952308	0:11:24	1204.1
2025-11-18 21:32:16	953544	0:11:23	1204.6
2025-11-18 21:32:17	954565	0:11:26	1197.0
2025-11-18 21:32:18	955788	0:11:25	1197.7
2025-11-18 21:32:19	957143	0:11:26	1193.6
2025-11-18 21:32:20	958457	0:11:28	1188.3
2025-11-18 21:32:21	959773	0:11:25	1192.7
2025-11-18 21:32:22	960835	0:11:27	1186.2
2025-11-18 21:32:23	962163	0:11:17	1203.2
2025-11-18 21:32:24	963499	0:11:03	1225.7
2025-11-18 21:32:25	964824	0:10:57	1235.8
2025-11-18 21:32:26	966502	0:10:46	1254.2
2025-11-18 21:32:27	967760	0:10:49	1245.5
2025-11-18 21:32:28	969578	0:10:36	1268.5
2025-11-18 21:32:29	970998	0:10:37	1264.3
2025-11-18 21:32:30	972443	0:10:30	1276.9
2025-11-18 21:32:31	973666	0:10:32	1269.9
2025-11-18 21:32:32	975050	0:10:33	1265.4
2025-11-18 21:32:33	976004	0:10:38	1254.6
2025-11-18 21:32:34	977466	0:10:34	1259.5
2025-11-18 21:32:35	978962	0:10:34	1257.5
2025-11-18 21:32:36	980809	0:10:20	1283.6
2025-11-18 21:32:37	982171	0:10:06	1309.6
2025-11-18 21:32:38	983945	0:09:51	1340.3
2025-11-18 21:32:39	985511	0:09:47	1346.8
2025-11-18 21:32:41	986778	0:09:46	1346.1
2025-11-18 21:32:42	988458	0:09:41	1355.8
2025-11-18 21:32:43	989526	0:09:47	1339.4
2025-11-18 21:32:44	990882	0:09:36	1363.1
2025-11-18 21:32:45	992492	0:09:30	1374.2
2025-11-18 21:32:46	993662	0:09:30	1372.2
2025-11-18 21:32:47	995173	0:09:22	1389.5
2025-11-18 21:32:48	996355	0:09:22	1388.0
2025-11-18 21:32:49	997791	0:09:20	1391.1
2025-11-18 21:32:50	999372	0:09:15	1400.4
2025-11-18 21:32:51	1001075	0:09:08	1413.2
2025-11-18 21:32:52	1002743	0:08:59	1435.5
2025-11-18 21:32:53	1004396	0:08:53	1446.8
2025-11-18 21:32:54	1005840	0:08:51	1450.3
2025-11-18 21:32:55	1007435	0:08:47	1459.7
2025-11-18 21:32:56	1008872	0:08:49	1451.5
2025-11-18 21:32:57	1010538	0:08:42	1465.5
2025-11-18 21:32:58	1011347	0:08:53	1435.8
2025-11-18 21:32:59	1012808	0:08:53	1432.6
2025-11-18 21:33:00	1013938	0:08:58	1416.4
2025-11-18 21:33:01	1014443	0:09:08	1391.2
2025-11-18 21:33:02	1014748	0:09:22	1354.3
2025-11-18 21:33:03	1015473	0:09:26	1345.0
2025-11-18 21:33:04	1016672	0:09:28	1336.3
2025-11-18 21:33:05	1017797	0:09:33	1322.6
2025-11-18 21:33:06	1018884	0:09:48	1288.9
2025-11-18 21:33:07	1019952	0:09:51	1279.5
2025-11-18 21:33:08	1021923	0:09:47	1286.1
2025-11-18 21:33:09	1022997	0:09:56	1263.9
2025-11-18 21:33:10	1025082	0:09:44	1285.2
2025-11-18 21:33:11	1026451	0:09:48	1274.8
2025-11-18 21:33:12	1027751	0:09:44	1282.7
2025-11-18 21:33:13	1029098	0:09:43	1281.9
2025-11-18 21:33:14	1030215	0:09:50	1265.5
2025-11-18 21:33:15	1031613	0:09:45	1273.3
2025-11-18 21:33:16	1032578	0:09:53	1254.6
2025-11-18 21:33:17	1033878	0:09:49	1259.9
2025-11-18 21:33:18	1035187	0:09:51	1254.2
2025-11-18 21:33:19	1036292	0:09:58	1237.2
2025-11-18 21:33:21	1038306	0:09:54	1241.6
2025-11-18 21:33:22	1039390	0:10:03	1222.2
2025-11-18 21:33:23	1040125	0:10:19	1190.1
2025-11-18 21:33:24	1040853	0:10:31	1166.4
2025-11-18 21:33:25	1041714	0:10:43	1141.7
2025-11-18 21:33:26	1042878	0:10:58	1114.3
2025-11-18 21:33:27	1044118	0:10:50	1126.5
2025-11-18 21:33:28	1045630	0:10:48	1127.8
2025-11-18 21:33:29	1046712	0:10:47	1127.4
2025-11-18 21:33:30	1047615	0:10:38	1141.6
2025-11-18 21:33:31	1048767	0:10:21	1170.9
2025-11-18 21:33:32	1049729	0:10:16	1179.0
2025-11-18 21:33:33	1050858	0:10:16	1177.0
2025-11-18 21:33:34	1051965	0:10:15	1178.0
2025-11-18 21:33:35	1053521	0:10:02	1200.8
2025-11-18 21:33:36	1054130	0:10:13	1177.7
2025-11-18 21:33:37	1054335	0:10:28	1149.2
2025-11-18 21:33:38	1054771	0:10:57	1098.0
2025-11-18 21:33:39	1055169	0:11:08	1079.7
2025-11-18 21:33:40	1055644	0:11:40	1029.9
2025-11-18 21:33:41	1055893	0:12:07	990.6
2025-11-18 21:33:42	1056207	0:12:32	957.3
2025-11-18 21:33:43	1057418	0:12:34	953.1
2025-11-18 21:33:44	1058551	0:12:34	951.8
2025-11-18 21:33:45	1059731	0:12:39	944.4
2025-11-18 21:33:46	1060897	0:12:34	949.5
2025-11-18 21:33:47	1062219	0:12:32	950.3
2025-11-18 21:33:48	1063689	0:12:26	955.4
2025-11-18 21:33:49	1065007	0:12:20	961.9
2025-11-18 21:33:50	1066949	0:12:16	964.1
2025-11-18 21:33:51	1068239	0:12:09	970.9
2025-11-18 21:33:52	1069872	0:11:46	1001.0
2025-11-18 21:33:53	1071076	0:11:32	1019.3
2025-11-18 21:33:54	1071635	0:11:42	1004.2
2025-11-18 21:33:55	1072752	0:11:42	1002.4
2025-11-18 21:33:57	1074245	0:11:36	1008.6
2025-11-18 21:33:58	1075651	0:11:35	1008.7
2025-11-18 21:33:59	1077022	0:11:25	1021.2
2025-11-18 21:34:00	1078298	0:11:15	1033.7
2025-11-18 21:34:01	1079321	0:11:17	1029.3
2025-11-18 21:34:02	1080200	0:11:18	1026.5
2025-11-18 21:34:03	1081077	0:11:23	1017.5
2025-11-18 21:34:04	1081830	0:11:31	1005.3
2025-11-18 21:34:05	1082970	0:11:39	992.0
2025-11-18 21:34:06	1084370	0:11:18	1020.2
2025-11-18 21:34:07	1085652	0:10:56	1052.5
2025-11-18 21:34:08	1087107	0:10:34	1086.6
2025-11-18 21:34:09	1088664	0:10:11	1126.0
2025-11-18 21:34:10	1089782	0:09:58	1148.7
2025-11-18 21:34:11	1091240	0:09:35	1191.2
2025-11-18 21:34:12	1092552	0:09:18	1224.3
2025-11-18 21:34:13	1093727	0:09:18	1222.8
2025-11-18 21:34:14	1095180	0:09:11	1236.0
2025-11-18 21:34:15	1096311	0:09:11	1233.8
2025-11-18 21:34:16	1097517	0:09:09	1237.4
2025-11-18 21:34:17	1098957	0:09:06	1241.3
2025-11-18 21:34:18	1100208	0:09:08	1234.0
2025-11-18 21:34:19	1101766	0:09:02	1244.8
2025-11-18 21:34:20	1103229	0:09:08	1228.7
2025-11-18 21:34:21	1104380	0:09:10	1222.7
2025-11-18 21:34:22	1105981	0:09:09	1221.6
2025-11-18 21:34:23	1107870	0:09:00	1238.1
2025-11-18 21:34:24	1109613	0:08:40	1283.1
2025-11-18 21:34:25	1111167	0:08:32	1298.1
2025-11-18 21:34:26	1112731	0:08:28	1306.1
2025-11-18 21:34:27	1114030	0:08:28	1302.5
2025-11-18 21:34:28	1115378	0:08:28	1301.7
2025-11-18 21:34:29	1117061	0:08:21	1315.1
2025-11-18 21:34:30	1118265	0:08:18	1320.0
2025-11-18 21:34:31	1120100	0:08:05	1352.6
2025-11-18 21:34:32	1121651	0:07:56	1376.1
2025-11-18 21:34:33	1122799	0:07:50	1390.0
2025-11-18 21:34:34	1124185	0:07:46	1398.4
2025-11-18 21:34:35	1125241	0:07:49	1388.3
2025-11-18 21:34:36	1126401	0:07:49	1384.7
2025-11-18 21:34:37	1127297	0:07:55	1365.8
2025-11-18 21:34:38	1128637	0:07:57	1358.4
2025-11-18 21:34:39	1130026	0:07:53	1367.6
2025-11-18 21:34:40	1130919	0:07:59	1348.2
2025-11-18 21:34:41	1132429	0:07:55	1354.7
2025-11-18 21:34:42	1133833	0:07:51	1363.6
2025-11-18 21:34:43	1135542	0:07:48	1367.8
2025-11-18 21:34:44	1137103	0:07:42	1382.6
2025-11-18 21:34:45	1138567	0:07:38	1391.3
2025-11-18 21:34:46	1139748	0:07:40	1382.7
2025-11-18 21:34:47	1141310	0:07:36	1393.3
2025-11-18 21:34:48	1142673	0:07:37	1386.8
2025-11-18 21:34:49	1143860	0:07:39	1376.9
2025-11-18 21:34:50	1145331	0:07:34	1389.3
2025-11-18 21:34:51	1146666	0:07:37	1376.1
2025-11-18 21:34:52	1147733	0:07:44	1353.5
2025-11-18 21:34:54	1148958	0:07:52	1329.7
2025-11-18 21:34:55	1150619	0:07:49	1334.0
2025-11-18 21:34:56	1151972	0:07:52	1322.0
2025-11-18 21:34:57	1153150	0:07:53	1317.8
2025-11-18 21:34:58	1155056	0:07:45	1336.6
2025-11-18 21:34:59	1156153	0:07:51	1316.4
2025-11-18 21:35:00	1158124	0:07:40	1344.0
2025-11-18 21:35:01	1159286	0:07:47	1320.2
2025-11-18 21:35:02	1160412	0:07:52	1306.1
2025-11-18 21:35:03	1161619	0:07:50	1307.9
2025-11-18 21:35:04	1162772	0:07:52	1300.1
2025-11-18 21:35:05	1163950	0:07:49	1304.3
2025-11-18 21:35:06	1165269	0:07:45	1314.3
2025-11-18 21:35:07	1165969	0:07:47	1307.7
2025-11-18 21:35:08	1166341	0:07:58	1275.2
2025-11-18 21:35:09	1167445	0:08:01	1265.5
2025-11-18 21:35:10	1168810	0:07:54	1281.6
2025-11-18 21:35:11	1170039	0:07:57	1271.0
2025-11-18 21:35:12	1171412	0:07:56	1269.9
2025-11-18 21:35:13	1172558	0:08:01	1254.8
2025-11-18 21:35:14	1173699	0:08:06	1241.0
2025-11-18 21:35:15	1174702	0:08:11	1224.6
2025-11-18 21:35:16	1175654	0:08:14	1216.8
2025-11-18 21:35:17	1176795	0:08:18	1202.9
2025-11-18 21:35:18	1178085	0:08:19	1200.0
2025-11-18 21:35:19	1179487	0:08:14	1207.6
2025-11-18 21:35:20	1180685	0:08:17	1198.6
2025-11-18 21:35:21	1181212	0:08:27	1174.7
2025-11-18 21:35:22	1181757	0:08:33	1158.4
2025-11-18 21:35:23	1182656	0:08:35	1152.2
2025-11-18 21:35:24	1183470	0:08:48	1123.2
2025-11-18 21:35:25	1184645	0:08:48	1120.5
2025-11-18 21:35:26	1185800	0:08:47	1119.6
2025-11-18 21:35:27	1186929	0:08:59	1092.8
2025-11-18 21:35:28	1188880	0:08:43	1122.6
2025-11-18 21:35:29	1189999	0:08:57	1091.1
2025-11-18 21:35:30	1190746	0:09:03	1077.8
2025-11-18 21:35:31	1191574	0:09:08	1067.1
2025-11-18 21:35:32	1192800	0:09:07	1067.7
2025-11-18 21:35:33	1194032	0:09:04	1070.6
2025-11-18 21:35:34	1195287	0:09:02	1071.9
2025-11-18 21:35:35	1196921	0:08:55	1082.2
2025-11-18 21:35:36	1198120	0:08:46	1099.1
2025-11-18 21:35:37	1199829	0:08:26	1140.0
2025-11-18 21:35:38	1201238	0:08:20	1150.4
2025-11-18 21:35:39	1203073	0:08:12	1166.1
2025-11-18 21:35:40	1204462	0:08:08	1171.4
2025-11-18 21:35:41	1205777	0:08:08	1169.2
2025-11-18 21:35:42	1207270	0:08:01	1183.7
2025-11-18 21:35:43	1208732	0:07:55	1194.5
2025-11-18 21:35:44	1210372	0:07:49	1207.8
2025-11-18 21:35:45	1211695	0:07:42	1222.1
2025-11-18 21:35:46	1212615	0:07:44	1214.9
2025-11-18 21:35:47	1213658	0:07:46	1207.8
2025-11-18 21:35:48	1215252	0:07:43	1210.6
2025-11-18 21:35:49	1216489	0:07:43	1209.3
2025-11-18 21:35:50	1217635	0:07:34	1230.0
2025-11-18 21:35:51	1218718	0:07:27	1245.9
2025-11-18 21:35:52	1219575	0:07:27	1245.0
2025-11-18 21:35:53	1220876	0:07:20	1261.2
2025-11-18 21:35:54	1222006	0:07:20	1259.9
2025-11-18 21:35:55	1223590	0:07:14	1274.7
2025-11-18 21:35:56	1224923	0:07:10	1281.1
2025-11-18 21:35:57	1226449	0:07:14	1266.8
2025-11-18 21:35:59	1227751	0:07:11	1273.2
2025-11-18 21:36:00	1229350	0:07:00	1302.0
2025-11-18 21:36:01	1230955	0:06:50	1328.9
2025-11-18 21:36:02	1232102	0:06:50	1326.2
2025-11-18 21:36:03	1233387	0:06:49	1328.0
2025-11-18 21:36:04	1234443	0:06:50	1321.4
2025-11-18 21:36:05	1234865	0:07:02	1281.5
2025-11-18 21:36:06	1235475	0:07:08	1262.1
2025-11-18 21:36:07	1236863	0:07:09	1256.1
2025-11-18 21:36:08	1238219	0:07:09	1254.3
2025-11-18 21:36:09	1239070	0:07:20	1221.5
2025-11-18 21:36:10	1240973	0:07:12	1238.5
2025-11-18 21:36:11	1242290	0:07:11	1238.3
2025-11-18 21:36:12	1243911	0:07:08	1243.0
2025-11-18 21:36:13	1245324	0:07:08	1241.3
2025-11-18 21:36:14	1246816	0:07:06	1241.4
2025-11-18 21:36:15	1248731	0:06:58	1261.5
2025-11-18 21:36:16	1250110	0:06:52	1277.0
2025-11-18 21:36:17	1251101	0:06:52	1275.2
2025-11-18 21:36:18	1252611	0:06:51	1275.0
2025-11-18 21:36:19	1254052	0:06:47	1283.6
2025-11-18 21:36:20	1255519	0:06:42	1295.1
2025-11-18 21:36:21	1257006	0:06:36	1311.3
2025-11-18 21:36:22	1258759	0:06:26	1342.0
2025-11-18 21:36:23	1259670	0:06:29	1328.8
2025-11-18 21:36:24	1261275	0:06:23	1345.1
2025-11-18 21:36:25	1262518	0:06:25	1333.4
2025-11-18 21:36:26	1263782	0:06:25	1331.6
2025-11-18 21:36:27	1264711	0:06:30	1310.8
2025-11-18 21:36:28	1265696	0:06:32	1302.2
2025-11-18 21:36:29	1266956	0:06:35	1290.7
2025-11-18 21:36:30	1268159	0:06:38	1276.4
2025-11-18 21:36:31	1269566	0:06:34	1284.9
2025-11-18 21:36:32	1270809	0:06:34	1281.8
2025-11-18 21:36:33	1272174	0:06:30	1292.1
2025-11-18 21:36:34	1273573	0:06:19	1325.5
2025-11-18 21:36:35	1274806	0:06:12	1347.4
2025-11-18 21:36:36	1276050	0:06:13	1342.5
2025-11-18 21:36:37	1277461	0:06:11	1344.4
2025-11-18 21:36:38	1279001	0:06:03	1368.3
2025-11-18 21:36:39	1280653	0:06:04	1359.9
2025-11-18 21:36:40	1282236	0:06:01	1369.1
2025-11-18 21:36:41	1283569	0:06:02	1359.8
2025-11-18 21:36:42	1285087	0:06:00	1362.5
2025-11-18 21:36:43	1286303	0:06:02	1354.3
2025-11-18 21:36:44	1288040	0:06:02	1348.3
2025-11-18 21:36:45	1289150	0:06:04	1339.2
2025-11-18 21:36:46	1290579	0:05:59	1354.2
2025-11-18 21:36:47	1291370	0:06:05	1329.4
2025-11-18 21:36:48	1292825	0:06:05	1325.8
2025-11-18 21:36:49	1294361	0:06:03	1328.3
2025-11-18 21:36:50	1295876	0:06:01	1329.1
2025-11-18 21:36:51	1297355	0:06:03	1320.0
2025-11-18 21:36:52	1298906	0:05:56	1341.3
2025-11-18 21:36:53	1300451	0:05:55	1341.2
2025-11-18 21:36:54	1301625	0:05:55	1337.1
2025-11-18 21:36:55	1302806	0:05:55	1334.0
2025-11-18 21:36:56	1304099	0:05:51	1346.0
2025-11-18 21:36:57	1305601	0:05:46	1361.7
2025-11-18 21:36:58	1306163	0:05:51	1338.0
2025-11-18 21:36:59	1307000	0:05:54	1325.3
2025-11-18 21:37:00	1307375	0:06:03	1290.3
2025-11-18 21:37:01	1307746	0:06:11	1263.0
2025-11-18 21:37:02	1308227	0:06:20	1232.7
2025-11-18 21:37:03	1309097	0:06:25	1214.5
2025-11-18 21:37:04	1309879	0:06:29	1198.7
2025-11-18 21:37:05	1311115	0:06:28	1197.5
2025-11-18 21:37:06	1312502	0:06:27	1197.5
2025-11-18 21:37:07	1313748	0:06:30	1187.0
2025-11-18 21:37:08	1314846	0:06:35	1167.6
2025-11-18 21:37:09	1316048	0:06:39	1154.5
2025-11-18 21:37:10	1317153	0:06:40	1147.5
2025-11-18 21:37:11	1318610	0:06:39	1146.9
2025-11-18 21:37:12	1319895	0:06:38	1147.3
2025-11-18 21:37:13	1321014	0:06:45	1124.3
2025-11-18 21:37:14	1322302	0:06:42	1130.1
2025-11-18 21:37:15	1322684	0:06:55	1094.3
2025-11-18 21:37:16	1323003	0:07:01	1078.1
2025-11-18 21:37:17	1323532	0:07:11	1049.6
2025-11-18 21:37:18	1324000	0:07:27	1012.4
2025-11-18 21:37:19	1324759	0:07:39	985.0
2025-11-18 21:37:20	1325948	0:07:42	974.7
2025-11-18 21:37:21	1326403	0:08:00	936.7
2025-11-18 21:37:22	1326995	0:08:17	903.6
2025-11-18 21:37:23	1327258	0:08:35	872.6
2025-11-18 21:37:24	1327573	0:08:52	843.7
2025-11-18 21:37:25	1328158	0:09:07	819.5
2025-11-18 21:37:26	1329164	0:09:17	802.5
2025-11-18 21:37:27	1329934	0:09:12	808.9
2025-11-18 21:37:28	1331249	0:09:02	822.0
2025-11-18 21:37:30	1333236	0:08:27	874.7
2025-11-18 21:37:31	1334586	0:08:07	907.8
2025-11-18 21:37:32	1336187	0:07:45	945.8
2025-11-18 21:37:33	1337455	0:07:38	959.2
2025-11-18 21:37:34	1339224	0:07:20	992.5
2025-11-18 21:37:35	1341088	0:07:09	1014.9
2025-11-18 21:37:36	1342302	0:07:10	1008.9
2025-11-18 21:37:37	1343436	0:07:12	1003.3
2025-11-18 21:37:38	1344712	0:07:07	1009.8
2025-11-18 21:37:39	1345876	0:07:07	1007.9
2025-11-18 21:37:40	1347542	0:06:58	1026.8
2025-11-18 21:37:41	1349227	0:06:53	1034.8
2025-11-18 21:37:42	1350726	0:06:49	1041.8
2025-11-18 21:37:43	1352173	0:06:43	1053.8
2025-11-18 21:37:44	1353919	0:06:35	1069.3
2025-11-18 21:37:45	1355102	0:06:24	1097.1
2025-11-18 21:37:46	1355963	0:06:17	1115.4
2025-11-18 21:37:47	1357623	0:06:03	1153.6
2025-11-18 21:37:48	1358813	0:05:54	1179.0
2025-11-18 21:37:49	1360420	0:05:45	1204.9
2025-11-18 21:37:50	1361942	0:05:41	1216.3
2025-11-18 21:37:51	1363262	0:05:31	1246.9
2025-11-18 21:37:52	1364870	0:05:21	1281.7
2025-11-18 21:37:53	1365655	0:05:16	1299.3
2025-11-18 21:37:54	1367271	0:05:04	1344.0
2025-11-18 21:37:55	1368383	0:04:59	1361.8
2025-11-18 21:37:56	1369521	0:04:57	1367.8
2025-11-18 21:37:57	1370599	0:04:54	1379.6
2025-11-18 21:37:58	1371703	0:04:54	1377.7
2025-11-18 21:37:59	1372782	0:04:59	1349.7
2025-11-18 21:38:00	1374243	0:04:57	1353.6
2025-11-18 21:38:01	1375964	0:04:56	1351.9
2025-11-18 21:38:02	1377598	0:04:52	1364.4
2025-11-18 21:38:03	1378984	0:04:54	1350.6
2025-11-18 21:38:04	1379769	0:05:02	1314.1
2025-11-18 21:38:05	1381054	0:05:00	1316.4
2025-11-18 21:38:06	1382063	0:05:00	1314.0
2025-11-18 21:38:07	1383632	0:04:57	1320.8
2025-11-18 21:38:08	1384854	0:04:57	1319.6
2025-11-18 21:38:09	1386674	0:04:54	1324.9
2025-11-18 21:38:10	1388162	0:04:55	1317.7
2025-11-18 21:38:11	1389687	0:04:53	1319.1
2025-11-18 21:38:12	1391000	0:04:53	1315.7
2025-11-18 21:38:13	1392628	0:04:52	1311.7
2025-11-18 21:38:14	1394137	0:04:49	1320.1
2025-11-18 21:38:15	1395267	0:04:47	1328.5
2025-11-18 21:38:16	1395937	0:04:54	1294.2
2025-11-18 21:38:17	1396448	0:04:59	1270.8
2025-11-18 21:38:18	1396942	0:05:06	1238.2
2025-11-18 21:38:19	1397688	0:05:12	1211.9
2025-11-18 21:38:20	1398832	0:05:13	1206.0
2025-11-18 21:38:21	1399746	0:05:18	1182.4
2025-11-18 21:38:22	1400819	0:05:15	1192.1
2025-11-18 21:38:23	1401565	0:05:22	1162.4
2025-11-18 21:38:24	1402732	0:05:21	1164.3
2025-11-18 21:38:25	1404199	0:05:16	1176.0
2025-11-18 21:38:26	1405323	0:05:15	1177.4
2025-11-18 21:38:27	1406670	0:05:13	1180.8
2025-11-18 21:38:29	1407973	0:05:10	1187.2
2025-11-18 21:38:30	1409160	0:05:12	1177.8
2025-11-18 21:38:31	1410421	0:05:13	1167.3
2025-11-18 21:38:32	1411732	0:05:16	1155.4
2025-11-18 21:38:33	1413045	0:05:15	1153.4
2025-11-18 21:38:34	1414327	0:05:09	1170.2
2025-11-18 21:38:35	1415697	0:05:07	1173.1
2025-11-18 21:38:36	1416979	0:05:04	1182.5
2025-11-18 21:38:37	1418357	0:05:04	1177.8
2025-11-18 21:38:38	1419965	0:04:59	1193.6
2025-11-18 21:38:39	1421388	0:05:01	1180.1
2025-11-18 21:38:40	1422441	0:05:04	1165.8
2025-11-18 21:38:41	1423447	0:05:07	1148.0
2025-11-18 21:38:42	1424660	0:05:07	1144.9
2025-11-18 21:38:43	1425696	0:05:12	1123.6
2025-11-18 21:38:44	1427241	0:05:10	1126.8
2025-11-18 21:38:45	1428678	0:05:05	1138.0
2025-11-18 21:38:46	1430341	0:04:55	1171.0
2025-11-18 21:38:47	1431854	0:04:46	1205.5
2025-11-18 21:38:48	1432919	0:04:40	1225.0
2025-11-18 21:38:49	1434598	0:04:32	1256.1
2025-11-18 21:38:50	1435527	0:04:33	1248.8
2025-11-18 21:38:51	1436476	0:04:32	1249.7
2025-11-18 21:38:52	1437179	0:04:34	1237.2
2025-11-18 21:38:53	1438306	0:04:30	1249.9
2025-11-18 21:38:54	1439639	0:04:29	1251.4
2025-11-18 21:38:55	1440897	0:04:30	1239.9
2025-11-18 21:38:56	1441789	0:04:32	1228.1
2025-11-18 21:38:57	1443732	0:04:26	1249.2
2025-11-18 21:38:58	1445040	0:04:25	1250.6
2025-11-18 21:38:59	1446881	0:04:19	1272.8
2025-11-18 21:39:00	1447968	0:04:19	1266.5
2025-11-18 21:39:01	1449815	0:04:14	1285.5
2025-11-18 21:39:02	1451036	0:04:14	1282.7
2025-11-18 21:39:03	1452694	0:04:10	1295.5
2025-11-18 21:39:04	1454078	0:04:09	1296.1
2025-11-18 21:39:05	1455125	0:04:09	1287.5
2025-11-18 21:39:06	1456271	0:04:11	1277.2
2025-11-18 21:39:07	1457922	0:04:09	1278.7
2025-11-18 21:39:08	1458910	0:04:11	1264.8
2025-11-18 21:39:09	1459723	0:04:12	1256.3
2025-11-18 21:39:10	1460571	0:04:12	1250.5
2025-11-18 21:39:11	1461265	0:04:15	1233.5
2025-11-18 21:39:12	1462354	0:04:14	1235.8
2025-11-18 21:39:13	1463768	0:04:14	1228.1
2025-11-18 21:39:14	1464543	0:04:19	1205.9
2025-11-18 21:39:15	1465703	0:04:21	1190.5
2025-11-18 21:39:16	1467141	0:04:20	1188.0
2025-11-18 21:39:17	1468178	0:04:20	1187.0
2025-11-18 21:39:18	1469608	0:04:20	1178.4
2025-11-18 21:39:19	1470780	0:04:18	1183.6
2025-11-18 21:39:21	1472519	0:04:12	1206.1
2025-11-18 21:39:22	1473530	0:04:09	1214.1
2025-11-18 21:39:23	1474782	0:04:08	1215.4
2025-11-18 21:39:24	1476556	0:04:05	1222.6
2025-11-18 21:39:25	1477601	0:04:04	1225.3
2025-11-18 21:39:26	1477881	0:04:09	1197.3
2025-11-18 21:39:27	1478519	0:04:18	1153.0
2025-11-18 21:39:28	1479456	0:04:19	1144.3
2025-11-18 21:39:29	1480408	0:04:25	1114.7
2025-11-18 21:39:30	1481436	0:04:24	1116.1
2025-11-18 21:39:31	1482148	0:04:35	1071.2
2025-11-18 21:39:32	1482610	0:04:40	1047.7
2025-11-18 21:39:33	1483467	0:04:45	1026.0
2025-11-18 21:39:34	1484956	0:04:44	1024.4
2025-11-18 21:39:35	1485830	0:04:45	1017.7
2025-11-18 21:39:36	1487238	0:04:41	1029.1
2025-11-18 21:39:37	1488874	0:04:35	1046.4
2025-11-18 21:39:38	1489989	0:04:33	1049.8
2025-11-18 21:39:39	1491824	0:04:24	1079.4
2025-11-18 21:39:40	1493464	0:04:15	1109.7
2025-11-18 21:39:41	1494929	0:04:09	1132.2
2025-11-18 21:39:42	1496134	0:04:07	1132.3
2025-11-18 21:39:43	1497540	0:04:05	1138.7
2025-11-18 21:39:44	1498988	0:04:01	1150.7
2025-11-18 21:39:45	1500502	0:03:57	1162.2
2025-11-18 21:39:46	1502260	0:03:53	1176.6
2025-11-18 21:39:47	1503950	0:03:51	1177.1
2025-11-18 21:39:48	1505334	0:03:48	1188.5
2025-11-18 21:39:49	1507307	0:03:42	1211.1
2025-11-18 21:39:50	1508446	0:03:41	1214.1
2025-11-18 21:39:51	1509857	0:03:38	1222.6
2025-11-18 21:39:52	1511420	0:03:36	1227.3
2025-11-18 21:39:53	1513052	0:03:32	1241.1
2025-11-18 21:39:54	1514242	0:03:30	1248.5
2025-11-18 21:39:55	1514990	0:03:27	1264.5
2025-11-18 21:39:56	1516598	0:03:20	1296.1
2025-11-18 21:39:57	1517796	0:03:18	1305.1
2025-11-18 21:39:59	1519538	0:03:13	1327.2
2025-11-18 21:40:00	1521186	0:03:09	1348.0
2025-11-18 21:40:01	1522612	0:03:05	1372.1
2025-11-18 21:40:02	1523648	0:03:01	1392.1
2025-11-18 21:40:03	1525187	0:02:57	1415.2
2025-11-18 21:40:04	1526550	0:02:57	1408.9
2025-11-18 21:40:05	1528023	0:02:54	1429.4
2025-11-18 21:40:06	1529739	0:02:52	1435.6
2025-11-18 21:40:07	1530920	0:02:53	1420.2
2025-11-18 21:40:08	1532216	0:02:51	1424.0
2025-11-18 21:40:09	1533893	0:02:50	1423.7
2025-11-18 21:40:10	1535163	0:02:51	1411.2
2025-11-18 21:40:11	1536631	0:02:50	1410.9
2025-11-18 21:40:12	1538117	0:02:47	1421.6
2025-11-18 21:40:13	1539603	0:02:46	1424.4
2025-11-18 21:40:14	1541267	0:02:44	1429.8
2025-11-18 21:40:15	1542995	0:02:42	1441.6
2025-11-18 21:40:16	1544523	0:02:42	1433.2
2025-11-18 21:40:17	1545993	0:02:41	1425.7
2025-11-18 21:40:18	1547506	0:02:40	1431.3
2025-11-18 21:40:19	1548741	0:02:42	1406.2
2025-11-18 21:40:20	1549477	0:02:43	1393.7
2025-11-18 21:40:21	1550079	0:02:46	1365.3
2025-11-18 21:40:22	1551015	0:02:47	1344.6
2025-11-18 21:40:23	1551949	0:02:50	1320.3
2025-11-18 21:40:24	1552983	0:02:50	1313.2
2025-11-18 21:40:25	1553717	0:02:50	1312.5
2025-11-18 21:40:26	1554291	0:02:54	1276.8
2025-11-18 21:40:27	1555366	0:02:53	1273.5
2025-11-18 21:40:28	1556229	0:02:57	1244.3
2025-11-18 21:40:29	1557421	0:02:58	1230.2
2025-11-18 21:40:30	1558481	0:02:59	1215.6
2025-11-18 21:40:31	1559857	0:02:57	1221.7
2025-11-18 21:40:32	1561273	0:02:56	1222.7
2025-11-18 21:40:33	1562370	0:02:58	1201.1
2025-11-18 21:40:34	1563026	0:03:01	1180.8
2025-11-18 21:40:35	1564022	0:03:04	1156.1
2025-11-18 21:40:36	1565193	0:03:02	1160.0
2025-11-18 21:40:37	1566123	0:03:04	1143.8
2025-11-18 21:40:38	1567204	0:03:04	1136.6
2025-11-18 21:40:39	1568264	0:03:06	1116.0
2025-11-18 21:40:40	1569251	0:03:07	1105.0
2025-11-18 21:40:41	1570596	0:03:06	1107.6
2025-11-18 21:40:42	1571564	0:03:10	1079.7
2025-11-18 21:40:44	1572865	0:03:12	1058.6
2025-11-18 21:40:45	1574124	0:03:12	1053.5
2025-11-18 21:40:46	1575471	0:03:13	1042.6
2025-11-18 21:40:47	1576595	0:03:14	1030.5
2025-11-18 21:40:48	1577650	0:03:15	1017.4
2025-11-18 21:40:49	1578621	0:03:19	995.8
2025-11-18 21:40:50	1579996	0:03:13	1014.9
2025-11-18 21:40:51	1581391	0:03:07	1045.1
2025-11-18 21:40:52	1582799	0:03:03	1057.1
2025-11-18 21:40:53	1583288	0:03:05	1045.2
2025-11-18 21:40:54	1583930	0:03:07	1029.1
2025-11-18 21:40:55	1584907	0:03:03	1043.6
2025-11-18 21:40:56	1586072	0:03:00	1057.2
2025-11-18 21:40:57	1586931	0:03:01	1048.3
2025-11-18 21:40:58	1587853	0:02:58	1060.0
2025-11-18 21:40:59	1588872	0:02:58	1055.3
2025-11-18 21:41:00	1589855	0:02:58	1046.4
2025-11-18 21:41:01	1591167	0:02:56	1051.1
2025-11-18 21:41:02	1591984	0:02:58	1038.1
2025-11-18 21:41:03	1593409	0:02:55	1047.2
2025-11-18 21:41:04	1595071	0:02:49	1071.3
2025-11-18 21:41:05	1596227	0:02:46	1086.1
2025-11-18 21:41:06	1598210	0:02:41	1107.4
2025-11-18 21:41:07	1599303	0:02:40	1107.9
2025-11-18 21:41:08	1600576	0:02:38	1113.6
2025-11-18 21:41:09	1602283	0:02:33	1140.5
2025-11-18 21:41:10	1603291	0:02:31	1146.9
2025-11-18 21:41:11	1604962	0:02:27	1168.3
2025-11-18 21:41:12	1606280	0:02:25	1175.5
2025-11-18 21:41:13	1607434	0:02:24	1169.8
2025-11-18 21:41:14	1608762	0:02:23	1169.5
2025-11-18 21:41:15	1609838	0:02:22	1174.5
2025-11-18 21:41:16	1611069	0:02:21	1170.2
2025-11-18 21:41:17	1612222	0:02:20	1173.9
2025-11-18 21:41:18	1613628	0:02:17	1190.5
2025-11-18 21:41:19	1615164	0:02:14	1202.1
2025-11-18 21:41:20	1616641	0:02:13	1200.2
2025-11-18 21:41:21	1618051	0:02:12	1197.8
2025-11-18 21:41:22	1619696	0:02:09	1212.4
2025-11-18 21:41:23	1620792	0:02:06	1235.1
2025-11-18 21:41:24	1622422	0:02:01	1266.2
2025-11-18 21:41:25	1623727	0:01:59	1276.6
2025-11-18 21:41:26	1624904	0:01:58	1283.1
2025-11-18 21:41:27	1626052	0:01:57	1286.0
2025-11-18 21:41:28	1627778	0:01:53	1314.6
2025-11-18 21:41:29	1628931	0:01:52	1320.7
2025-11-18 21:41:30	1630662	0:01:49	1336.1
2025-11-18 21:41:32	1632008	0:01:47	1350.9
2025-11-18 21:41:33	1633422	0:01:47	1329.8
2025-11-18 21:41:34	1635130	0:01:45	1345.7
2025-11-18 21:41:35	1636148	0:01:47	1311.8
2025-11-18 21:41:36	1636385	0:01:49	1283.9
2025-11-18 21:41:37	1636544	0:01:52	1243.5
2025-11-18 21:41:38	1636815	0:01:56	1204.8
2025-11-18 21:41:39	1637215	0:01:59	1171.1
2025-11-18 21:41:40	1637731	0:02:01	1147.0
2025-11-18 21:41:41	1638194	0:02:04	1112.5
2025-11-18 21:41:42	1638996	0:02:05	1097.6
2025-11-18 21:41:43	1640161	0:02:05	1087.8
2025-11-18 21:41:44	1641397	0:02:04	1091.4
2025-11-18 21:41:45	1642413	0:02:04	1082.1
2025-11-18 21:41:46	1643892	0:02:01	1091.3
2025-11-18 21:41:47	1645328	0:01:59	1101.3
2025-11-18 21:41:48	1646436	0:02:00	1083.0
2025-11-18 21:41:49	1648447	0:01:56	1101.4
2025-11-18 21:41:50	1650178	0:01:53	1112.3
2025-11-18 21:41:51	1651502	0:01:51	1120.8
2025-11-18 21:41:52	1652875	0:01:51	1112.0
2025-11-18 21:41:53	1654208	0:01:49	1120.7
2025-11-18 21:41:54	1655520	0:01:49	1107.8
2025-11-18 21:41:55	1657284	0:01:46	1122.1
2025-11-18 21:41:56	1658740	0:01:44	1131.9
2025-11-18 21:41:57	1660362	0:01:42	1142.0
2025-11-18 21:41:58	1661817	0:01:41	1137.1
2025-11-18 21:41:59	1663737	0:01:37	1165.4
2025-11-18 21:42:00	1664917	0:01:37	1150.9
2025-11-18 21:42:01	1666788	0:01:33	1175.4
2025-11-18 21:42:02	1668503	0:01:31	1190.3
2025-11-18 21:42:03	1669889	0:01:30	1179.5
2025-11-18 21:42:04	1671199	0:01:28	1189.9
2025-11-18 21:42:05	1673022	0:01:23	1243.4
2025-11-18 21:42:06	1674575	0:01:19	1290.8
2025-11-18 21:42:07	1675950	0:01:15	1329.1
2025-11-18 21:42:08	1677398	0:01:13	1361.6
2025-11-18 21:42:09	1679112	0:01:09	1402.1
2025-11-18 21:42:10	1680597	0:01:06	1437.3
2025-11-18 21:42:11	1682114	0:01:04	1461.8
2025-11-18 21:42:12	1683504	0:01:03	1470.4
2025-11-18 21:42:13	1684274	0:01:03	1455.9
2025-11-18 21:42:14	1685178	0:01:03	1454.3
2025-11-18 21:42:15	1686348	0:01:02	1443.7
2025-11-18 21:42:16	1687653	0:01:02	1439.2
2025-11-18 21:42:17	1689001	0:01:00	1447.2
2025-11-18 21:42:18	1690264	0:01:00	1424.6
2025-11-18 21:42:19	1691506	0:01:00	1408.3
2025-11-18 21:42:21	1693152	0:00:59	1413.5
2025-11-18 21:42:22	1694707	0:00:57	1418.6
2025-11-18 21:42:23	1696419	0:00:56	1431.2
2025-11-18 21:42:24	1697986	0:00:54	1440.9
2025-11-18 21:42:25	1699294	0:00:54	1430.0
2025-11-18 21:42:26	1700361	0:00:54	1416.7
2025-11-18 21:42:27	1701616	0:00:53	1404.6
2025-11-18 21:42:28	1702622	0:00:53	1388.0
2025-11-18 21:42:29	1703817	0:00:53	1356.8
2025-11-18 21:42:30	1704913	0:00:53	1353.8
2025-11-18 21:42:31	1706212	0:00:52	1334.5
2025-11-18 21:42:32	1707367	0:00:52	1315.6
2025-11-18 21:42:33	1708274	0:00:52	1299.4
2025-11-18 21:42:34	1710011	0:00:50	1313.9
2025-11-18 21:42:35	1711414	0:00:50	1300.4
2025-11-18 21:42:36	1712743	0:00:49	1292.9
2025-11-18 21:42:37	1713955	0:00:48	1285.6
2025-11-18 21:42:38	1715130	0:00:48	1274.5
2025-11-18 21:42:39	1716651	0:00:47	1263.5
2025-11-18 21:42:40	1718086	0:00:46	1254.1
2025-11-18 21:42:41	1719821	0:00:45	1256.1
2025-11-18 21:42:42	1721375	0:00:44	1261.5
2025-11-18 21:42:43	1722521	0:00:42	1272.9
2025-11-18 21:42:44	1723984	0:00:40	1290.5
2025-11-18 21:42:46	1725563	0:00:39	1302.4
2025-11-18 21:42:47	1727232	0:00:37	1314.4
2025-11-18 21:42:48	1728387	0:00:37	1308.0
2025-11-18 21:42:49	1729754	0:00:36	1308.4
2025-11-18 21:42:50	1731399	0:00:34	1322.4
2025-11-18 21:42:51	1733051	0:00:33	1309.7
2025-11-18 21:42:52	1734300	0:00:32	1303.4
2025-11-18 21:42:53	1735573	0:00:31	1294.9
2025-11-18 21:42:54	1736710	0:00:31	1278.4
2025-11-18 21:42:55	1738085	0:00:30	1276.9
2025-11-18 21:42:56	1739377	0:00:29	1286.1
2025-11-18 21:42:57	1740509	0:00:28	1284.9
2025-11-18 21:42:58	1742200	0:00:26	1298.7
2025-11-18 21:42:59	1743541	0:00:25	1299.1
2025-11-18 21:43:00	1744381	0:00:25	1297.3
2025-11-18 21:43:01	1745629	0:00:24	1297.0
2025-11-18 21:43:02	1746481	0:00:23	1285.8
2025-11-18 21:43:03	1747762	0:00:22	1296.3
2025-11-18 21:43:04	1748803	0:00:21	1281.9
2025-11-18 21:43:05	1749833	0:00:21	1256.9
2025-11-18 21:43:06	1751056	0:00:20	1249.2
2025-11-18 21:43:07	1751895	0:00:20	1245.0
2025-11-18 21:43:08	1753283	0:00:18	1244.7
2025-11-18 21:43:09	1754605	0:00:17	1252.7
2025-11-18 21:43:10	1756081	0:00:16	1252.4
2025-11-18 21:43:11	1757642	0:00:15	1267.8
2025-11-18 21:43:12	1758779	0:00:14	1253.0
2025-11-18 21:43:13	1759973	0:00:13	1246.8
2025-11-18 21:43:14	1761359	0:00:12	1247.3
2025-11-18 21:43:15	1763045	0:00:11	1254.3
2025-11-18 21:43:17	1764581	0:00:09	1253.5
2025-11-18 21:43:18	1765615	0:00:09	1231.9
2025-11-18 21:43:19	1767023	0:00:07	1240.0
2025-11-18 21:43:20	1768468	0:00:06	1243.1
2025-11-18 21:43:21	1769927	0:00:05	1240.1
2025-11-18 21:43:22	1771485	0:00:04	1253.8
2025-11-18 21:43:23	1772609	0:00:03	1252.2
2025-11-18 21:43:24	1773990	0:00:02	1263.4
2025-11-18 21:43:25	1775480	0:00:01	1264.8
