2025-11-19 12:00:48	5	10:10:03	48.5
2025-11-19 12:00:49	1420	0:23:42	1247.8
2025-11-19 12:00:50	2029	0:31:11	948.6
2025-11-19 12:00:51	3183	0:29:09	1013.7
2025-11-19 12:00:52	4514	0:27:07	1089.0
2025-11-19 12:00:53	5457	0:27:50	1060.4
2025-11-19 12:00:54	6899	0:26:17	1122.0
2025-11-19 12:00:55	8325	0:25:19	1164.2
2025-11-19 12:00:56	9114	0:26:22	1117.2
2025-11-19 12:00:57	10247	0:26:19	1118.5
2025-11-19 12:00:58	11626	0:25:43	1144.0
2025-11-19 12:00:59	12964	0:25:19	1160.9
2025-11-19 12:01:00	14205	0:25:09	1167.4
2025-11-19 12:01:01	15436	0:25:02	1172.1
2025-11-19 12:01:02	16717	0:24:52	1179.5
2025-11-19 12:01:03	18258	0:24:26	1199.1
2025-11-19 12:01:04	19751	0:24:03	1217.1
2025-11-19 12:01:05	21429	0:23:31	1243.8
2025-11-19 12:01:06	22787	0:23:23	1250.0
2025-11-19 12:01:07	24164	0:23:14	1256.5
2025-11-19 12:01:08	25191	0:23:26	1245.1
2025-11-19 12:01:09	26815	0:23:06	1261.8
2025-11-19 12:01:10	28070	0:23:06	1261.5
2025-11-19 12:01:11	29821	0:22:42	1282.5
2025-11-19 12:01:12	31405	0:22:28	1294.8
2025-11-19 12:01:13	32780	0:22:23	1298.0
2025-11-19 12:01:14	34078	0:22:22	1297.8
2025-11-19 12:01:15	35681	0:22:10	1309.0
2025-11-19 12:01:16	36939	0:22:11	1307.1
2025-11-19 12:01:17	38487	0:22:01	1315.3
2025-11-19 12:01:18	40176	0:21:46	1329.3
2025-11-19 12:01:19	41853	0:21:11	1364.3
2025-11-19 12:01:20	43155	0:21:03	1371.8
2025-11-19 12:01:21	44698	0:20:52	1383.2
2025-11-19 12:01:22	46237	0:20:33	1402.7
2025-11-19 12:01:23	47705	0:20:33	1401.9
2025-11-19 12:01:24	48927	0:20:38	1394.7
2025-11-19 12:01:25	50309	0:20:25	1409.4
2025-11-19 12:01:26	51824	0:20:08	1427.7
2025-11-19 12:01:27	53493	0:19:56	1440.4
2025-11-19 12:01:28	55071	0:19:48	1448.1
2025-11-19 12:01:29	56558	0:19:42	1454.9
2025-11-19 12:01:30	58048	0:19:36	1461.6
2025-11-19 12:01:31	59404	0:19:33	1463.4
2025-11-19 12:01:32	60837	0:19:37	1456.9
2025-11-19 12:01:33	62436	0:19:28	1467.6
2025-11-19 12:01:34	63873	0:19:30	1463.6
2025-11-19 12:01:35	65570	0:19:24	1470.0
2025-11-19 12:01:36	67304	0:19:14	1480.7
2025-11-19 12:01:37	68739	0:19:01	1495.8
2025-11-19 12:01:38	70516	0:18:56	1501.8
2025-11-19 12:01:39	71493	0:19:03	1491.8
2025-11-19 12:01:40	71902	0:19:40	1444.0
2025-11-19 12:01:41	73496	0:19:36	1448.2
2025-11-19 12:01:42	74589	0:19:51	1429.0
2025-11-19 12:01:43	75835	0:19:48	1430.9
2025-11-19 12:01:44	77547	0:19:42	1437.4
2025-11-19 12:01:45	78907	0:19:42	1435.4
2025-11-19 12:01:46	79888	0:19:54	1420.2
2025-11-19 12:01:47	81234	0:20:03	1409.2
2025-11-19 12:01:48	82668	0:20:09	1400.4
2025-11-19 12:01:49	83984	0:20:10	1398.7
2025-11-19 12:01:50	85475	0:20:06	1401.8
2025-11-19 12:01:51	86957	0:20:11	1394.4
2025-11-19 12:01:52	88661	0:20:04	1402.1
2025-11-19 12:01:53	90126	0:19:56	1410.3
2025-11-19 12:01:54	91677	0:19:53	1412.1
2025-11-19 12:01:55	92894	0:19:55	1409.1
2025-11-19 12:01:56	94550	0:19:56	1405.8
2025-11-19 12:01:57	95691	0:20:06	1393.3
2025-11-19 12:01:58	96864	0:20:12	1385.8
2025-11-19 12:01:59	98310	0:20:09	1387.3
2025-11-19 12:02:00	99401	0:20:25	1369.3
2025-11-19 12:02:02	101389	0:20:09	1385.7
2025-11-19 12:02:03	102951	0:20:10	1383.0
2025-11-19 12:02:04	104453	0:20:05	1387.0
2025-11-19 12:02:05	106033	0:20:09	1381.1
2025-11-19 12:02:06	107485	0:20:13	1375.5
2025-11-19 12:02:07	108888	0:20:12	1375.3
2025-11-19 12:02:08	110364	0:20:19	1366.9
2025-11-19 12:02:09	111619	0:20:16	1368.6
2025-11-19 12:02:10	113330	0:19:37	1412.7
2025-11-19 12:02:11	114616	0:19:45	1402.3
2025-11-19 12:02:12	116225	0:19:29	1420.2
2025-11-19 12:02:13	117706	0:19:23	1426.3
2025-11-19 12:02:14	118815	0:19:28	1419.6
2025-11-19 12:02:15	120164	0:19:36	1408.1
2025-11-19 12:02:16	121489	0:19:26	1419.0
2025-11-19 12:02:17	122945	0:19:24	1420.9
2025-11-19 12:02:18	124399	0:19:18	1425.8
2025-11-19 12:02:19	125788	0:19:18	1424.7
2025-11-19 12:02:20	127251	0:19:11	1432.9
2025-11-19 12:02:21	128919	0:19:08	1435.3
2025-11-19 12:02:22	130518	0:19:09	1432.8
2025-11-19 12:02:23	131796	0:19:14	1424.7
2025-11-19 12:02:24	132984	0:19:25	1410.0
2025-11-19 12:02:25	133829	0:19:35	1397.5
2025-11-19 12:02:26	135126	0:19:41	1389.9
2025-11-19 12:02:27	136282	0:19:44	1385.5
2025-11-19 12:02:28	138084	0:19:22	1409.5
2025-11-19 12:02:29	139368	0:19:29	1400.4
2025-11-19 12:02:30	140665	0:19:25	1403.4
2025-11-19 12:02:31	142430	0:19:24	1403.7
2025-11-19 12:02:32	144260	0:19:10	1418.5
2025-11-19 12:02:33	145727	0:19:14	1413.4
2025-11-19 12:02:34	147477	0:19:05	1422.5
2025-11-19 12:02:35	148762	0:19:18	1404.8
2025-11-19 12:02:36	150384	0:19:03	1422.0
2025-11-19 12:02:37	151843	0:19:06	1417.4
2025-11-19 12:02:38	153611	0:18:52	1433.1
2025-11-19 12:02:39	155029	0:18:49	1435.7
2025-11-19 12:02:40	156541	0:18:47	1437.5
2025-11-19 12:02:41	157991	0:18:50	1432.6
2025-11-19 12:02:42	159705	0:18:41	1441.7
2025-11-19 12:02:43	161199	0:18:32	1452.6
2025-11-19 12:02:44	162690	0:18:28	1455.8
2025-11-19 12:02:45	164060	0:18:24	1459.8
2025-11-19 12:02:46	165392	0:18:25	1457.2
2025-11-19 12:02:47	166689	0:18:29	1451.5
2025-11-19 12:02:48	168188	0:18:29	1449.7
2025-11-19 12:02:49	169116	0:18:43	1430.5
2025-11-19 12:02:50	170122	0:18:55	1415.3
2025-11-19 12:02:51	171733	0:18:51	1418.2
2025-11-19 12:02:52	173119	0:18:55	1412.7
2025-11-19 12:02:53	174209	0:18:59	1406.2
2025-11-19 12:02:54	175809	0:18:40	1429.2
2025-11-19 12:02:55	177181	0:18:28	1443.4
2025-11-19 12:02:56	178491	0:18:21	1451.3
2025-11-19 12:02:57	179609	0:18:31	1437.1
2025-11-19 12:02:58	180520	0:18:58	1402.1
2025-11-19 12:02:59	181258	0:19:09	1388.0
2025-11-19 12:03:00	181619	0:19:50	1339.7
2025-11-19 12:03:01	181843	0:20:25	1301.2
2025-11-19 12:03:02	182230	0:21:16	1248.9
2025-11-19 12:03:03	182912	0:21:46	1219.7
2025-11-19 12:03:04	183233	0:22:29	1180.9
2025-11-19 12:03:05	184566	0:22:31	1178.2
2025-11-19 12:03:06	186047	0:22:41	1168.4
2025-11-19 12:03:07	186980	0:23:06	1146.6
2025-11-19 12:03:08	187893	0:23:29	1127.4
2025-11-19 12:03:09	189217	0:23:37	1120.1
2025-11-19 12:03:10	190515	0:23:47	1110.9
2025-11-19 12:03:11	192307	0:23:28	1124.8
2025-11-19 12:03:12	193391	0:23:47	1109.0
2025-11-19 12:03:13	194704	0:23:51	1105.2
2025-11-19 12:03:14	196453	0:23:39	1113.3
2025-11-19 12:03:15	197876	0:23:37	1113.9
2025-11-19 12:03:16	199461	0:23:21	1125.7
2025-11-19 12:03:17	200545	0:23:29	1118.1
2025-11-19 12:03:18	201645	0:23:35	1112.5
2025-11-19 12:03:19	202660	0:23:27	1118.7
2025-11-19 12:03:20	204391	0:23:10	1131.0
2025-11-19 12:03:21	205726	0:23:26	1116.9
2025-11-19 12:03:22	207323	0:22:58	1138.4
2025-11-19 12:03:23	208825	0:22:53	1141.4
2025-11-19 12:03:24	210357	0:22:49	1143.5
2025-11-19 12:03:25	211892	0:22:42	1148.9
2025-11-19 12:03:26	213093	0:22:46	1144.0
2025-11-19 12:03:27	214962	0:22:03	1179.8
2025-11-19 12:03:28	216447	0:21:37	1203.0
2025-11-19 12:03:29	217894	0:21:02	1235.0
2025-11-19 12:03:30	219361	0:20:19	1277.1
2025-11-19 12:03:31	220423	0:19:54	1303.2
2025-11-19 12:03:32	222164	0:19:18	1342.3
2025-11-19 12:03:33	223495	0:18:50	1373.8
2025-11-19 12:03:34	224787	0:18:39	1386.3
2025-11-19 12:03:35	226079	0:18:44	1378.7
2025-11-19 12:03:36	227345	0:18:32	1392.3
2025-11-19 12:03:37	228809	0:18:26	1398.8
2025-11-19 12:03:38	230034	0:18:25	1399.8
2025-11-19 12:03:39	231387	0:18:25	1397.7
2025-11-19 12:03:40	232865	0:18:17	1406.7
2025-11-19 12:03:41	234156	0:18:17	1405.7
2025-11-19 12:03:42	235422	0:18:28	1390.2
2025-11-19 12:03:43	236573	0:18:29	1388.4
2025-11-19 12:03:44	238044	0:18:38	1375.8
2025-11-19 12:03:45	239481	0:18:29	1386.0
2025-11-19 12:03:46	239868	0:19:01	1346.1
2025-11-19 12:03:47	239957	0:19:32	1310.7
2025-11-19 12:03:48	240111	0:19:55	1285.9
2025-11-19 12:03:49	240358	0:20:42	1236.3
2025-11-19 12:03:50	240553	0:21:24	1195.9
2025-11-19 12:03:51	240765	0:22:08	1156.0
2025-11-19 12:03:52	241505	0:22:42	1126.8
2025-11-19 12:03:53	243124	0:22:41	1126.2
2025-11-19 12:03:54	244436	0:22:45	1121.9
2025-11-19 12:03:55	245583	0:23:02	1107.6
2025-11-19 12:03:56	246712	0:23:18	1094.1
2025-11-19 12:03:57	247955	0:23:31	1083.0
2025-11-19 12:03:58	249209	0:23:40	1075.7
2025-11-19 12:03:59	250881	0:23:38	1075.9
2025-11-19 12:04:00	252639	0:23:10	1095.8
2025-11-19 12:04:01	254037	0:23:02	1101.2
2025-11-19 12:04:02	255321	0:23:19	1087.2
2025-11-19 12:04:03	256920	0:23:04	1098.1
2025-11-19 12:04:04	258543	0:22:48	1109.8
2025-11-19 12:04:05	260086	0:22:33	1120.3
2025-11-19 12:04:06	261000	0:22:57	1100.4
2025-11-19 12:04:07	262000	0:22:56	1100.7
2025-11-19 12:04:08	263451	0:22:56	1099.8
2025-11-19 12:04:09	265119	0:22:50	1102.7
2025-11-19 12:04:10	266340	0:22:56	1097.1
2025-11-19 12:04:11	267598	0:23:02	1091.6
2025-11-19 12:04:12	268078	0:23:32	1067.8
2025-11-19 12:04:13	268240	0:24:18	1034.6
2025-11-19 12:04:14	268455	0:25:13	996.4
2025-11-19 12:04:15	268737	0:25:41	978.7
2025-11-19 12:04:16	269273	0:25:14	995.5
2025-11-19 12:04:17	270673	0:24:10	1038.7
2025-11-19 12:04:18	271686	0:23:34	1063.8
2025-11-19 12:04:19	273145	0:22:35	1109.6
2025-11-19 12:04:20	274512	0:21:48	1148.4
2025-11-19 12:04:22	276497	0:21:02	1188.2
2025-11-19 12:04:23	278163	0:20:50	1198.1
2025-11-19 12:04:24	279408	0:20:57	1190.4
2025-11-19 12:04:25	281095	0:20:28	1217.2
2025-11-19 12:04:26	282237	0:20:27	1217.9
2025-11-19 12:04:27	283859	0:20:23	1219.9
2025-11-19 12:04:28	285140	0:20:22	1220.3
2025-11-19 12:04:29	286641	0:20:10	1231.3
2025-11-19 12:04:30	288010	0:20:17	1222.8
2025-11-19 12:04:31	289282	0:20:22	1216.8
2025-11-19 12:04:32	291006	0:20:17	1220.0
2025-11-19 12:04:33	292306	0:20:18	1217.9
2025-11-19 12:04:34	294091	0:20:15	1220.4
2025-11-19 12:04:35	294990	0:20:39	1195.8
2025-11-19 12:04:36	295781	0:20:39	1194.7
2025-11-19 12:04:37	296655	0:20:41	1192.4
2025-11-19 12:04:38	297386	0:21:06	1168.4
2025-11-19 12:04:39	298769	0:21:04	1169.3
2025-11-19 12:04:40	299900	0:21:25	1148.7
2025-11-19 12:04:41	300955	0:21:35	1139.2
2025-11-19 12:04:42	302373	0:21:04	1166.1
2025-11-19 12:04:43	303747	0:20:20	1206.8
2025-11-19 12:04:44	305284	0:19:33	1254.4
2025-11-19 12:04:45	306432	0:19:05	1283.2
2025-11-19 12:04:46	307764	0:18:38	1313.4
2025-11-19 12:04:47	309104	0:18:36	1314.2
2025-11-19 12:04:48	310691	0:18:21	1331.2
2025-11-19 12:04:49	312201	0:18:12	1340.7
2025-11-19 12:04:50	313590	0:18:15	1335.4
2025-11-19 12:04:51	315215	0:18:05	1347.1
2025-11-19 12:04:52	316434	0:18:28	1317.6
2025-11-19 12:04:53	317790	0:18:25	1319.9
2025-11-19 12:04:54	319466	0:18:27	1316.5
2025-11-19 12:04:55	320641	0:18:33	1308.2
2025-11-19 12:04:56	322389	0:18:22	1318.9
2025-11-19 12:04:57	323735	0:18:21	1319.0
2025-11-19 12:04:58	325230	0:18:16	1323.8
2025-11-19 12:04:59	326803	0:18:17	1321.4
2025-11-19 12:05:00	328264	0:18:03	1336.6
2025-11-19 12:05:01	329423	0:18:19	1316.4
2025-11-19 12:05:02	330786	0:18:21	1312.4
2025-11-19 12:05:03	332098	0:18:25	1307.0
2025-11-19 12:05:04	333633	0:18:17	1315.1
2025-11-19 12:05:05	335076	0:17:58	1337.3
2025-11-19 12:05:06	336866	0:17:31	1369.7
2025-11-19 12:05:07	338174	0:17:15	1389.9
2025-11-19 12:05:08	338602	0:17:31	1368.3
2025-11-19 12:05:09	338707	0:18:07	1322.5
2025-11-19 12:05:10	338874	0:18:31	1293.6
2025-11-19 12:05:11	339166	0:19:01	1259.1
2025-11-19 12:05:12	339643	0:19:28	1230.4
2025-11-19 12:05:13	340544	0:19:47	1209.3
2025-11-19 12:05:14	341925	0:19:42	1213.6
2025-11-19 12:05:15	342823	0:19:53	1201.6
2025-11-19 12:05:16	343651	0:20:20	1174.4
2025-11-19 12:05:17	344225	0:20:42	1153.1
2025-11-19 12:05:18	344482	0:21:34	1106.9
2025-11-19 12:05:19	345988	0:21:28	1110.6
2025-11-19 12:05:20	347545	0:21:21	1115.0
2025-11-19 12:05:21	348497	0:21:43	1095.4
2025-11-19 12:05:22	350189	0:21:20	1114.1
2025-11-19 12:05:23	350363	0:22:08	1074.0
2025-11-19 12:05:24	350489	0:23:21	1017.4
2025-11-19 12:05:25	350606	0:24:20	976.8
2025-11-19 12:05:26	351115	0:25:07	946.0
2025-11-19 12:05:27	352693	0:25:06	945.6
2025-11-19 12:05:28	354266	0:24:59	949.0
2025-11-19 12:05:29	355662	0:25:06	943.1
2025-11-19 12:05:30	357284	0:24:39	959.7
2025-11-19 12:05:31	358772	0:24:31	964.0
2025-11-19 12:05:32	360444	0:24:24	967.0
2025-11-19 12:05:33	361997	0:24:02	980.9
2025-11-19 12:05:34	363677	0:23:37	997.0
2025-11-19 12:05:35	365404	0:23:41	992.8
2025-11-19 12:05:36	366757	0:23:56	982.0
2025-11-19 12:05:37	367724	0:23:49	985.6
2025-11-19 12:05:38	367990	0:23:37	994.1
2025-11-19 12:05:39	368231	0:23:31	997.9
2025-11-19 12:05:40	368506	0:23:28	999.7
2025-11-19 12:05:41	369105	0:23:23	1003.4
2025-11-19 12:05:42	370590	0:22:43	1031.7
2025-11-19 12:05:43	371613	0:22:59	1018.5
2025-11-19 12:05:44	372681	0:22:46	1027.3
2025-11-19 12:05:45	373893	0:22:33	1036.2
2025-11-19 12:05:46	375353	0:22:00	1061.6
2025-11-19 12:05:47	376629	0:21:20	1093.1
2025-11-19 12:05:48	378097	0:21:07	1103.3
2025-11-19 12:05:49	379411	0:21:10	1100.2
2025-11-19 12:05:50	380697	0:21:10	1098.9
2025-11-19 12:05:51	382370	0:20:51	1114.7
2025-11-19 12:05:52	383762	0:20:27	1134.8
2025-11-19 12:05:53	385336	0:19:33	1185.4
2025-11-19 12:05:54	387100	0:18:40	1240.3
2025-11-19 12:05:55	388811	0:17:57	1288.4
2025-11-19 12:05:56	390158	0:17:58	1285.5
2025-11-19 12:05:57	391252	0:18:02	1280.3
2025-11-19 12:05:58	392600	0:18:12	1267.0
2025-11-19 12:05:59	394196	0:18:05	1273.7
2025-11-19 12:06:00	395389	0:18:11	1265.4
2025-11-19 12:06:01	396779	0:18:18	1256.7
2025-11-19 12:06:02	398391	0:18:19	1254.0
2025-11-19 12:06:03	399612	0:18:32	1237.8
2025-11-19 12:06:04	400668	0:18:50	1217.6
2025-11-19 12:06:05	402355	0:18:40	1227.2
2025-11-19 12:06:06	403459	0:18:45	1220.3
2025-11-19 12:06:07	404928	0:18:16	1251.8
2025-11-19 12:06:08	406529	0:17:32	1301.4
2025-11-19 12:06:09	407888	0:17:01	1340.4
2025-11-19 12:06:10	409530	0:16:32	1378.0
2025-11-19 12:06:11	410709	0:16:32	1376.4
2025-11-19 12:06:12	411861	0:16:32	1376.0
2025-11-19 12:06:13	413525	0:16:19	1392.6
2025-11-19 12:06:14	414927	0:16:11	1401.9
2025-11-19 12:06:15	416513	0:16:02	1413.2
2025-11-19 12:06:16	417749	0:16:04	1409.8
2025-11-19 12:06:17	418628	0:16:16	1390.8
2025-11-19 12:06:18	419137	0:16:34	1365.4
2025-11-19 12:06:19	419814	0:16:55	1335.9
2025-11-19 12:06:20	420984	0:17:04	1323.5
2025-11-19 12:06:21	421605	0:17:28	1292.8
2025-11-19 12:06:22	422253	0:17:51	1264.6
2025-11-19 12:06:23	422651	0:18:27	1223.0
2025-11-19 12:06:24	423066	0:19:08	1178.6
2025-11-19 12:06:25	423395	0:19:43	1144.1
2025-11-19 12:06:26	423566	0:20:14	1114.3
2025-11-19 12:06:27	423810	0:21:13	1062.7
2025-11-19 12:06:28	423972	0:21:55	1028.5
2025-11-19 12:06:29	424130	0:23:13	971.0
2025-11-19 12:06:30	424665	0:23:55	942.2
2025-11-19 12:06:31	426225	0:23:39	951.3
2025-11-19 12:06:33	427271	0:23:57	938.8
2025-11-19 12:06:34	428969	0:23:17	964.4
2025-11-19 12:06:35	430292	0:23:22	960.5
2025-11-19 12:06:36	431625	0:23:16	963.2
2025-11-19 12:06:37	433146	0:23:13	964.2
2025-11-19 12:06:38	434696	0:23:05	969.0
2025-11-19 12:06:39	436489	0:22:54	974.9
2025-11-19 12:06:40	438083	0:22:43	982.2
2025-11-19 12:06:41	439374	0:22:44	980.0
2025-11-19 12:06:42	440895	0:22:26	992.0
2025-11-19 12:06:43	442505	0:22:14	1000.0
2025-11-19 12:06:44	444410	0:22:07	1003.6
2025-11-19 12:06:45	445634	0:22:10	1000.3
2025-11-19 12:06:46	446792	0:22:20	992.1
2025-11-19 12:06:47	448158	0:22:06	1002.0
2025-11-19 12:06:48	448969	0:21:49	1014.4
2025-11-19 12:06:49	449868	0:21:42	1019.0
2025-11-19 12:06:50	451502	0:21:08	1044.7
2025-11-19 12:06:51	452261	0:21:14	1039.2
2025-11-19 12:06:52	453643	0:20:43	1064.2
2025-11-19 12:06:53	454634	0:20:22	1081.6
2025-11-19 12:06:54	456012	0:19:44	1115.0
2025-11-19 12:06:55	457333	0:19:12	1144.7
2025-11-19 12:06:56	458748	0:18:29	1187.7
2025-11-19 12:06:57	460119	0:17:52	1227.9
2025-11-19 12:06:58	461712	0:17:12	1273.7
2025-11-19 12:06:59	463169	0:16:35	1320.0
2025-11-19 12:07:00	464938	0:15:56	1371.7
2025-11-19 12:07:01	466588	0:15:46	1384.9
2025-11-19 12:07:02	468297	0:15:37	1395.8
2025-11-19 12:07:03	469731	0:15:33	1400.6
2025-11-19 12:07:04	471123	0:15:33	1399.2
2025-11-19 12:07:05	472619	0:15:30	1401.8
2025-11-19 12:07:06	474000	0:15:34	1394.5
2025-11-19 12:07:07	475323	0:15:33	1393.8
2025-11-19 12:07:08	476404	0:15:46	1373.7
2025-11-19 12:07:09	477732	0:15:53	1362.4
2025-11-19 12:07:10	479266	0:15:51	1363.3
2025-11-19 12:07:11	480677	0:15:51	1362.3
2025-11-19 12:07:12	481988	0:15:57	1352.7
2025-11-19 12:07:13	483361	0:16:05	1339.4
2025-11-19 12:07:14	484601	0:16:16	1323.2
2025-11-19 12:07:15	486252	0:15:58	1347.0
2025-11-19 12:07:16	487619	0:15:54	1350.1
2025-11-19 12:07:17	489463	0:15:37	1373.2
2025-11-19 12:07:18	490711	0:15:23	1393.3
2025-11-19 12:07:19	491853	0:15:28	1383.8
2025-11-19 12:07:20	493174	0:15:24	1388.6
2025-11-19 12:07:21	494239	0:15:27	1382.8
2025-11-19 12:07:22	495679	0:15:13	1402.2
2025-11-19 12:07:23	497050	0:15:06	1411.6
2025-11-19 12:07:24	498602	0:15:06	1410.4
2025-11-19 12:07:25	499852	0:15:05	1410.0
2025-11-19 12:07:26	501694	0:14:55	1424.3
2025-11-19 12:07:27	503232	0:14:54	1423.9
2025-11-19 12:07:28	504830	0:14:50	1428.1
2025-11-19 12:07:29	505873	0:14:59	1412.5
2025-11-19 12:07:30	507187	0:15:07	1399.8
2025-11-19 12:07:31	508427	0:15:19	1379.1
2025-11-19 12:07:32	509369	0:15:33	1357.5
2025-11-19 12:07:33	509853	0:15:59	1320.4
2025-11-19 12:07:34	510469	0:16:19	1293.6
2025-11-19 12:07:35	511050	0:16:35	1271.8
2025-11-19 12:07:36	512086	0:16:40	1263.6
2025-11-19 12:07:37	513788	0:16:30	1274.7
2025-11-19 12:07:38	514609	0:16:44	1257.1
2025-11-19 12:07:39	516150	0:16:33	1269.2
2025-11-19 12:07:40	518022	0:16:16	1289.7
2025-11-19 12:07:41	519329	0:16:20	1282.8
2025-11-19 12:07:42	521112	0:16:07	1297.6
2025-11-19 12:07:43	522782	0:15:58	1308.8
2025-11-19 12:07:44	524438	0:15:54	1311.9
2025-11-19 12:07:45	526075	0:15:41	1328.5
2025-11-19 12:07:46	527665	0:15:50	1314.8
2025-11-19 12:07:47	529076	0:15:53	1308.7
2025-11-19 12:07:48	530516	0:15:42	1321.8
2025-11-19 12:07:49	531775	0:15:46	1315.6
2025-11-19 12:07:50	533132	0:15:35	1329.3
2025-11-19 12:07:51	534958	0:15:30	1334.9
2025-11-19 12:07:52	536575	0:15:21	1346.4
2025-11-19 12:07:53	537734	0:15:22	1343.4
2025-11-19 12:07:54	538474	0:15:37	1320.5
2025-11-19 12:07:55	539609	0:15:41	1313.5
2025-11-19 12:07:56	541008	0:15:57	1290.6
2025-11-19 12:07:57	542478	0:15:49	1299.5
2025-11-19 12:07:58	543640	0:15:54	1292.5
2025-11-19 12:07:59	544777	0:15:57	1287.5
2025-11-19 12:08:00	546409	0:15:49	1295.6
2025-11-19 12:08:01	547899	0:15:34	1315.3
2025-11-19 12:08:02	549383	0:15:16	1338.7
2025-11-19 12:08:03	550728	0:14:53	1371.6
2025-11-19 12:08:04	552379	0:14:33	1401.4
2025-11-19 12:08:05	554008	0:14:11	1435.5
2025-11-19 12:08:06	555934	0:13:56	1459.0
2025-11-19 12:08:07	557322	0:13:57	1456.8
2025-11-19 12:08:08	559124	0:13:41	1481.5
2025-11-19 12:08:09	560528	0:13:48	1468.2
2025-11-19 12:08:10	562061	0:13:44	1472.8
2025-11-19 12:08:11	563366	0:13:54	1454.6
2025-11-19 12:08:12	564819	0:13:55	1450.8
2025-11-19 12:08:13	566255	0:14:02	1436.6
2025-11-19 12:08:14	567602	0:14:08	1426.0
2025-11-19 12:08:15	569361	0:14:01	1434.8
2025-11-19 12:08:16	570532	0:14:04	1428.0
2025-11-19 12:08:17	571810	0:14:07	1421.1
2025-11-19 12:08:18	573476	0:14:03	1426.3
2025-11-19 12:08:19	574826	0:14:05	1422.1
2025-11-19 12:08:20	576400	0:14:02	1424.5
2025-11-19 12:08:21	577595	0:14:10	1410.3
2025-11-19 12:08:22	579527	0:13:59	1425.7
2025-11-19 12:08:23	581167	0:13:49	1441.0
2025-11-19 12:08:24	582805	0:13:31	1471.9
2025-11-19 12:08:25	584130	0:13:32	1468.6
2025-11-19 12:08:26	585923	0:13:22	1484.9
2025-11-19 12:08:27	587130	0:13:21	1484.7
2025-11-19 12:08:28	588892	0:13:08	1506.8
2025-11-19 12:08:29	590164	0:13:14	1493.0
2025-11-19 12:08:30	591713	0:13:09	1502.1
2025-11-19 12:08:31	593184	0:13:07	1503.1
2025-11-19 12:08:32	594881	0:13:04	1506.7
2025-11-19 12:08:33	596611	0:12:59	1513.8
2025-11-19 12:08:34	598116	0:13:00	1510.8
2025-11-19 12:08:35	599765	0:13:01	1505.7
2025-11-19 12:08:36	600613	0:13:19	1471.1
2025-11-19 12:08:37	601777	0:13:23	1462.7
2025-11-19 12:08:38	603195	0:13:29	1450.5
2025-11-19 12:08:39	604342	0:13:31	1444.9
2025-11-19 12:08:40	605525	0:13:32	1440.8
2025-11-19 12:08:41	607006	0:13:32	1440.1
2025-11-19 12:08:42	607774	0:13:42	1421.4
2025-11-19 12:08:43	609226	0:13:37	1427.9
2025-11-19 12:08:44	610598	0:13:42	1418.5
2025-11-19 12:08:45	612343	0:13:34	1430.2
2025-11-19 12:08:46	613596	0:13:39	1419.8
2025-11-19 12:08:47	615296	0:13:29	1434.6
2025-11-19 12:08:48	616942	0:13:32	1427.4
2025-11-19 12:08:49	618643	0:13:19	1448.1
2025-11-19 12:08:50	619951	0:13:15	1454.3
2025-11-19 12:08:51	621622	0:13:12	1457.0
2025-11-19 12:08:52	623245	0:13:13	1453.3
2025-11-19 12:08:53	624751	0:13:17	1443.8
2025-11-19 12:08:54	626080	0:13:28	1423.3
2025-11-19 12:08:55	627862	0:13:15	1444.7
2025-11-19 12:08:56	629093	0:13:19	1436.0
2025-11-19 12:08:57	630521	0:13:18	1435.4
2025-11-19 12:08:58	632040	0:13:17	1435.4
2025-11-19 12:08:59	633272	0:13:22	1425.8
2025-11-19 12:09:00	634721	0:13:19	1429.5
2025-11-19 12:09:01	636264	0:13:20	1424.8
2025-11-19 12:09:02	637526	0:13:23	1417.3
2025-11-19 12:09:03	639251	0:13:19	1423.1
2025-11-19 12:09:04	640711	0:13:27	1407.1
2025-11-19 12:09:05	642208	0:13:21	1415.9
2025-11-19 12:09:06	643696	0:13:10	1433.3
2025-11-19 12:09:07	645134	0:13:06	1439.6
2025-11-19 12:09:08	646761	0:12:56	1456.0
2025-11-19 12:09:09	648233	0:12:51	1462.1
2025-11-19 12:09:10	650049	0:12:41	1479.1
2025-11-19 12:09:11	651395	0:12:39	1482.2
2025-11-19 12:09:12	653248	0:12:22	1512.3
2025-11-19 12:09:13	654876	0:12:22	1512.0
2025-11-19 12:09:14	656843	0:12:11	1531.3
2025-11-19 12:09:15	658339	0:12:09	1532.8
2025-11-19 12:09:16	658959	0:12:26	1496.7
2025-11-19 12:09:17	660320	0:12:27	1494.7
2025-11-19 12:09:18	661525	0:12:34	1477.8
2025-11-19 12:09:20	663185	0:12:32	1479.9
2025-11-19 12:09:21	664771	0:12:29	1484.8
2025-11-19 12:09:22	666212	0:12:28	1483.4
2025-11-19 12:09:23	667649	0:12:35	1468.6
2025-11-19 12:09:24	669202	0:12:32	1471.3
2025-11-19 12:09:25	670820	0:12:32	1470.3
2025-11-19 12:09:26	672461	0:12:25	1482.3
2025-11-19 12:09:27	673902	0:12:27	1476.5
2025-11-19 12:09:28	675669	0:12:17	1492.5
2025-11-19 12:09:29	677263	0:12:13	1499.4
2025-11-19 12:09:30	678871	0:12:11	1501.8
2025-11-19 12:09:31	680414	0:12:05	1511.5
2025-11-19 12:09:32	681988	0:12:02	1516.2
2025-11-19 12:09:33	683918	0:11:54	1530.4
2025-11-19 12:09:34	685661	0:11:51	1534.1
2025-11-19 12:09:35	687161	0:11:52	1529.6
2025-11-19 12:09:36	689154	0:11:42	1547.4
2025-11-19 12:09:37	690269	0:11:44	1542.8
2025-11-19 12:09:38	691609	0:11:46	1535.4
2025-11-19 12:09:39	693082	0:11:47	1532.5
2025-11-19 12:09:40	694267	0:11:55	1513.4
2025-11-19 12:09:41	694852	0:12:10	1481.9
2025-11-19 12:09:42	695174	0:12:34	1433.7
2025-11-19 12:09:43	695555	0:12:58	1388.1
2025-11-19 12:09:44	695847	0:13:23	1345.8
2025-11-19 12:09:45	697184	0:13:30	1332.0
2025-11-19 12:09:46	698527	0:13:27	1335.6
2025-11-19 12:09:47	699580	0:13:22	1342.0
2025-11-19 12:09:48	701294	0:13:15	1351.4
2025-11-19 12:09:49	702661	0:13:15	1350.4
2025-11-19 12:09:50	703792	0:13:22	1336.8
2025-11-19 12:09:51	704928	0:13:32	1319.4
2025-11-19 12:09:52	706344	0:13:28	1323.7
2025-11-19 12:09:53	707710	0:13:27	1324.4
2025-11-19 12:09:54	708993	0:13:36	1308.4
2025-11-19 12:09:55	710414	0:13:35	1307.9
2025-11-19 12:09:56	711573	0:13:45	1290.8
2025-11-19 12:09:57	712056	0:14:09	1252.8
2025-11-19 12:09:58	713454	0:14:12	1246.9
2025-11-19 12:09:59	714811	0:14:22	1230.8
2025-11-19 12:10:00	716135	0:14:20	1233.1
2025-11-19 12:10:01	717729	0:14:24	1225.1
2025-11-19 12:10:02	718741	0:14:32	1212.2
2025-11-19 12:10:03	720510	0:14:30	1213.7
2025-11-19 12:10:04	722009	0:14:40	1197.8
2025-11-19 12:10:05	722958	0:14:57	1173.9
2025-11-19 12:10:06	724100	0:15:04	1164.1
2025-11-19 12:10:07	725387	0:15:04	1162.2
2025-11-19 12:10:08	726598	0:15:09	1154.2
2025-11-19 12:10:09	728246	0:14:59	1166.4
2025-11-19 12:10:10	729820	0:14:53	1171.5
2025-11-19 12:10:11	731409	0:14:18	1218.1
2025-11-19 12:10:12	733140	0:13:46	1263.1
2025-11-19 12:10:13	734525	0:13:21	1299.7
2025-11-19 12:10:14	735856	0:13:05	1325.6
2025-11-19 12:10:15	736602	0:13:17	1304.3
2025-11-19 12:10:16	737651	0:13:23	1294.0
2025-11-19 12:10:17	739092	0:13:15	1303.8
2025-11-19 12:10:18	740185	0:13:21	1293.6
2025-11-19 12:10:19	741590	0:13:18	1297.1
2025-11-19 12:10:20	743156	0:13:11	1306.0
2025-11-19 12:10:21	744753	0:12:59	1324.9
2025-11-19 12:10:22	746329	0:12:57	1326.0
2025-11-19 12:10:23	747806	0:12:49	1337.5
2025-11-19 12:10:24	749264	0:12:50	1334.5
2025-11-19 12:10:25	750639	0:12:51	1330.6
2025-11-19 12:10:26	751921	0:12:40	1347.0
2025-11-19 12:10:27	753584	0:12:21	1380.2
2025-11-19 12:10:28	755049	0:12:18	1383.6
2025-11-19 12:10:29	756458	0:12:13	1391.2
2025-11-19 12:10:30	757911	0:12:15	1386.3
2025-11-19 12:10:31	759369	0:12:10	1392.0
2025-11-19 12:10:32	760916	0:12:07	1395.9
2025-11-19 12:10:33	762469	0:12:07	1395.0
2025-11-19 12:10:34	764250	0:11:58	1408.6
2025-11-19 12:10:35	765760	0:11:47	1428.6
2025-11-19 12:10:36	767011	0:11:48	1424.8
2025-11-19 12:10:37	768686	0:11:40	1439.3
2025-11-19 12:10:38	770242	0:11:36	1445.4
2025-11-19 12:10:39	771672	0:11:36	1443.2
2025-11-19 12:10:40	773011	0:11:39	1435.3
2025-11-19 12:10:41	774009	0:11:51	1408.8
2025-11-19 12:10:42	774417	0:12:11	1369.5
2025-11-19 12:10:43	774700	0:12:35	1325.9
2025-11-19 12:10:44	775023	0:12:48	1303.8
2025-11-19 12:10:45	775373	0:13:00	1283.9
2025-11-19 12:10:46	775878	0:13:12	1263.2
2025-11-19 12:10:47	776538	0:13:26	1239.6
2025-11-19 12:10:48	777063	0:13:39	1220.2
2025-11-19 12:10:49	777780	0:13:56	1194.9
2025-11-19 12:10:50	779023	0:14:06	1179.0
2025-11-19 12:10:51	780179	0:14:11	1170.9
2025-11-19 12:10:52	781262	0:14:21	1155.4
2025-11-19 12:10:53	782535	0:14:24	1149.8
2025-11-19 12:10:54	784133	0:14:20	1154.0
2025-11-19 12:10:55	785811	0:14:13	1160.6
2025-11-19 12:10:56	787526	0:14:07	1167.3
2025-11-19 12:10:57	788961	0:14:02	1173.0
2025-11-19 12:10:58	790545	0:14:01	1171.7
2025-11-19 12:10:59	792456	0:13:46	1190.6
2025-11-19 12:11:00	793775	0:13:49	1185.4
2025-11-19 12:11:01	795208	0:13:52	1178.9
2025-11-19 12:11:02	796741	0:13:52	1177.2
2025-11-19 12:11:03	798580	0:13:43	1187.3
2025-11-19 12:11:04	799789	0:13:54	1171.3
2025-11-19 12:11:05	801075	0:13:55	1168.1
2025-11-19 12:11:06	802176	0:13:58	1163.0
2025-11-19 12:11:07	803523	0:14:04	1152.2
2025-11-19 12:11:08	804531	0:14:15	1136.7
2025-11-19 12:11:09	805995	0:14:22	1126.1
2025-11-19 12:11:10	806630	0:14:38	1104.1
2025-11-19 12:11:11	806909	0:14:49	1090.1
2025-11-19 12:11:12	807263	0:14:51	1087.4
2025-11-19 12:11:13	808248	0:14:31	1110.9
2025-11-19 12:11:14	809707	0:14:00	1150.3
2025-11-19 12:11:15	811023	0:13:38	1180.5
2025-11-19 12:11:16	812243	0:13:19	1206.7
2025-11-19 12:11:17	813769	0:12:59	1234.8
2025-11-19 12:11:18	815164	0:12:41	1263.6
2025-11-19 12:11:19	816341	0:12:33	1275.1
2025-11-19 12:11:20	817914	0:12:24	1288.2
2025-11-19 12:11:21	819334	0:12:17	1298.9
2025-11-19 12:11:22	820606	0:12:13	1303.7
2025-11-19 12:11:23	821983	0:12:15	1298.8
2025-11-19 12:11:24	823012	0:12:26	1277.1
2025-11-19 12:11:25	823290	0:12:50	1238.4
2025-11-19 12:11:27	823625	0:13:15	1197.7
2025-11-19 12:11:28	824000	0:13:49	1149.2
2025-11-19 12:11:29	824453	0:14:10	1119.6
2025-11-19 12:11:30	825921	0:14:19	1106.0
2025-11-19 12:11:31	827255	0:14:21	1102.0
2025-11-19 12:11:32	828279	0:14:33	1085.7
2025-11-19 12:11:33	829674	0:14:33	1083.9
2025-11-19 12:11:34	830746	0:14:48	1064.6
2025-11-19 12:11:35	831917	0:14:51	1060.4
2025-11-19 12:11:36	833565	0:14:36	1076.4
2025-11-19 12:11:37	834959	0:14:38	1071.7
2025-11-19 12:11:38	835922	0:14:39	1070.0
2025-11-19 12:11:39	836574	0:14:47	1059.0
2025-11-19 12:11:40	837480	0:14:59	1044.4
2025-11-19 12:11:41	838894	0:14:34	1072.5
2025-11-19 12:11:42	840220	0:14:06	1106.9
2025-11-19 12:11:43	841277	0:13:48	1129.7
2025-11-19 12:11:44	843014	0:13:29	1153.6
2025-11-19 12:11:45	844390	0:13:31	1148.5
2025-11-19 12:11:46	846116	0:13:17	1166.7
2025-11-19 12:11:47	847781	0:13:07	1180.6
2025-11-19 12:11:48	849036	0:13:17	1163.6
2025-11-19 12:11:49	849819	0:13:28	1146.7
2025-11-19 12:11:50	850141	0:14:04	1097.8
2025-11-19 12:11:51	850840	0:14:18	1079.0
2025-11-19 12:11:52	851457	0:14:37	1055.1
2025-11-19 12:11:53	852003	0:15:00	1027.3
2025-11-19 12:11:54	853144	0:14:56	1030.9
2025-11-19 12:11:55	854383	0:14:24	1066.7
2025-11-19 12:11:56	855039	0:14:14	1078.2
2025-11-19 12:11:57	855974	0:13:59	1096.7
2025-11-19 12:11:58	856574	0:13:56	1100.1
2025-11-19 12:11:59	858218	0:13:51	1105.3
2025-11-19 12:12:00	859376	0:13:53	1100.5
2025-11-19 12:12:01	861086	0:13:34	1124.7
2025-11-19 12:12:02	862356	0:13:36	1120.1
2025-11-19 12:12:03	864028	0:13:20	1140.9
2025-11-19 12:12:04	865469	0:13:13	1148.7
2025-11-19 12:12:05	866935	0:13:15	1143.5
2025-11-19 12:12:06	868226	0:13:18	1138.6
2025-11-19 12:12:07	869669	0:13:04	1156.0
2025-11-19 12:12:08	871108	0:12:45	1183.9
2025-11-19 12:12:09	872459	0:12:34	1198.8
2025-11-19 12:12:10	874081	0:12:28	1206.0
2025-11-19 12:12:11	875544	0:12:24	1211.2
2025-11-19 12:12:12	877209	0:12:11	1229.9
2025-11-19 12:12:13	878777	0:12:12	1225.8
2025-11-19 12:12:14	880419	0:12:07	1232.8
2025-11-19 12:12:15	881794	0:12:13	1220.8
2025-11-19 12:12:16	883252	0:12:16	1213.4
2025-11-19 12:12:17	884817	0:12:07	1226.9
2025-11-19 12:12:18	886321	0:11:51	1252.4
2025-11-19 12:12:19	887726	0:11:29	1289.6
2025-11-19 12:12:20	889103	0:11:15	1313.9
2025-11-19 12:12:21	890282	0:11:04	1334.1
2025-11-19 12:12:22	891073	0:10:59	1342.6
2025-11-19 12:12:23	891391	0:11:13	1314.3
2025-11-19 12:12:24	891584	0:11:32	1278.3
2025-11-19 12:12:25	891802	0:11:40	1263.4
2025-11-19 12:12:26	892201	0:11:50	1244.4
2025-11-19 12:12:27	892348	0:11:59	1228.6
2025-11-19 12:12:28	892544	0:12:30	1178.7
2025-11-19 12:12:29	892804	0:12:51	1145.9
2025-11-19 12:12:30	892996	0:13:28	1093.7
2025-11-19 12:12:31	893424	0:13:49	1065.0
2025-11-19 12:12:32	893682	0:14:29	1016.3
2025-11-19 12:12:33	894113	0:14:59	980.9
2025-11-19 12:12:34	894908	0:15:21	957.4
2025-11-19 12:12:35	895739	0:15:35	941.9
2025-11-19 12:12:36	896786	0:15:48	928.3
2025-11-19 12:12:37	897926	0:15:57	917.9
2025-11-19 12:12:38	899225	0:15:58	915.8
2025-11-19 12:12:39	901066	0:15:49	922.7
2025-11-19 12:12:40	902095	0:16:03	908.0
2025-11-19 12:12:41	903584	0:16:08	901.9
2025-11-19 12:12:42	904845	0:16:18	891.4
2025-11-19 12:12:43	906343	0:16:22	886.2
2025-11-19 12:12:44	908152	0:16:03	901.6
2025-11-19 12:12:45	909457	0:16:07	896.3
2025-11-19 12:12:46	911310	0:15:55	906.3
2025-11-19 12:12:47	912512	0:16:05	894.8
2025-11-19 12:12:48	913765	0:16:09	890.0
2025-11-19 12:12:49	914933	0:16:16	882.6
2025-11-19 12:12:50	915866	0:16:24	874.5
2025-11-19 12:12:51	916510	0:16:29	869.4
2025-11-19 12:12:52	917878	0:15:48	905.3
2025-11-19 12:12:53	919255	0:15:06	945.8
2025-11-19 12:12:54	920618	0:14:29	984.8
2025-11-19 12:12:55	921743	0:14:06	1010.0
2025-11-19 12:12:56	922949	0:13:36	1046.3
2025-11-19 12:12:57	924431	0:13:01	1090.4
2025-11-19 12:12:58	925680	0:12:37	1124.2
2025-11-19 12:12:59	926734	0:12:16	1154.4
2025-11-19 12:13:00	927204	0:12:14	1156.9
2025-11-19 12:13:01	928263	0:11:56	1185.0
2025-11-19 12:13:02	929551	0:11:36	1216.3
2025-11-19 12:13:03	930922	0:11:24	1236.6
2025-11-19 12:13:04	932538	0:11:08	1263.6
2025-11-19 12:13:05	933790	0:11:03	1270.6
2025-11-19 12:13:06	934991	0:11:01	1273.3
2025-11-19 12:13:07	936056	0:11:04	1265.1
2025-11-19 12:13:08	937978	0:11:01	1268.3
2025-11-19 12:13:09	939376	0:10:53	1281.0
2025-11-19 12:13:10	940980	0:10:50	1284.8
2025-11-19 12:13:11	942158	0:10:51	1282.0
2025-11-19 12:13:12	943448	0:10:53	1275.0
2025-11-19 12:13:13	944048	0:11:15	1233.4
2025-11-19 12:13:14	945152	0:11:18	1226.1
2025-11-19 12:13:15	946989	0:11:17	1224.9
2025-11-19 12:13:16	947903	0:11:21	1216.3
2025-11-19 12:13:17	949084	0:11:21	1213.9
2025-11-19 12:13:18	950573	0:11:14	1224.9
2025-11-19 12:13:19	951605	0:11:11	1228.3
2025-11-19 12:13:20	952865	0:10:59	1249.7
2025-11-19 12:13:21	954044	0:11:01	1243.0
2025-11-19 12:13:22	955341	0:11:02	1240.1
2025-11-19 12:13:23	956758	0:11:02	1238.5
2025-11-19 12:13:24	958313	0:10:53	1253.3
2025-11-19 12:13:25	959665	0:10:49	1258.3
2025-11-19 12:13:26	960914	0:10:52	1250.3
2025-11-19 12:13:27	962071	0:10:53	1247.1
2025-11-19 12:13:28	963666	0:10:42	1265.6
2025-11-19 12:13:29	965205	0:10:23	1302.1
2025-11-19 12:13:30	966710	0:10:15	1316.4
2025-11-19 12:13:31	968459	0:10:06	1332.1
2025-11-19 12:13:32	969885	0:10:04	1335.4
2025-11-19 12:13:33	971295	0:10:06	1327.8
2025-11-19 12:13:34	972847	0:10:00	1338.5
2025-11-19 12:13:35	973917	0:10:02	1333.2
2025-11-19 12:13:36	975340	0:09:56	1344.0
2025-11-19 12:13:37	976897	0:10:00	1331.5
2025-11-19 12:13:38	978185	0:10:01	1327.9
2025-11-19 12:13:39	979853	0:09:59	1330.0
2025-11-19 12:13:40	981533	0:09:50	1347.0
2025-11-19 12:13:41	983110	0:09:45	1356.9
2025-11-19 12:13:42	984617	0:09:30	1388.0
2025-11-19 12:13:43	986277	0:09:21	1407.0
2025-11-19 12:13:44	987912	0:09:23	1401.3
2025-11-19 12:13:45	989399	0:09:14	1420.9
2025-11-19 12:13:46	990865	0:09:09	1430.7
2025-11-19 12:13:47	992442	0:09:07	1433.1
2025-11-19 12:13:48	993852	0:09:01	1446.0
2025-11-19 12:13:49	995261	0:08:58	1451.5
2025-11-19 12:13:50	996531	0:08:56	1454.1
2025-11-19 12:13:51	998434	0:08:47	1475.6
2025-11-19 12:13:52	999998	0:08:44	1480.1
2025-11-19 12:13:53	1001602	0:08:40	1488.9
2025-11-19 12:13:54	1003156	0:08:38	1493.2
2025-11-19 12:13:55	1004867	0:08:31	1509.7
2025-11-19 12:13:56	1006309	0:08:28	1516.2
2025-11-19 12:13:57	1007822	0:08:27	1516.5
2025-11-19 12:13:58	1009306	0:08:27	1512.7
2025-11-19 12:13:59	1010748	0:08:28	1508.0
2025-11-19 12:14:00	1011753	0:08:35	1484.3
2025-11-19 12:14:02	1013251	0:08:35	1482.6
2025-11-19 12:14:03	1014348	0:08:36	1475.7
2025-11-19 12:14:04	1014646	0:08:52	1430.2
2025-11-19 12:14:05	1014876	0:09:04	1399.4
2025-11-19 12:14:06	1016189	0:09:02	1401.9
2025-11-19 12:14:07	1017588	0:09:05	1392.2
2025-11-19 12:14:08	1018684	0:09:09	1380.0
2025-11-19 12:14:09	1019777	0:09:13	1367.7
2025-11-19 12:14:10	1021024	0:09:20	1347.9
2025-11-19 12:14:11	1022687	0:09:16	1354.4
2025-11-19 12:14:12	1024204	0:09:16	1352.0
2025-11-19 12:14:13	1025623	0:09:18	1345.5
2025-11-19 12:14:14	1027155	0:09:19	1339.4
2025-11-19 12:14:15	1028215	0:09:24	1327.3
2025-11-19 12:14:16	1029821	0:09:20	1333.9
2025-11-19 12:14:17	1031196	0:09:21	1327.3
2025-11-19 12:14:18	1032208	0:09:28	1311.0
2025-11-19 12:14:19	1033482	0:09:30	1304.2
2025-11-19 12:14:20	1034909	0:09:26	1309.3
2025-11-19 12:14:21	1036217	0:09:34	1290.1
2025-11-19 12:14:22	1037396	0:09:38	1279.2
2025-11-19 12:14:23	1038754	0:09:42	1267.4
2025-11-19 12:14:24	1039735	0:09:52	1243.3
2025-11-19 12:14:25	1040740	0:10:03	1220.1
2025-11-19 12:14:26	1041695	0:10:12	1200.1
2025-11-19 12:14:27	1042886	0:10:16	1191.1
2025-11-19 12:14:28	1044166	0:10:19	1182.7
2025-11-19 12:14:29	1045654	0:10:14	1189.5
2025-11-19 12:14:30	1046610	0:10:18	1180.8
2025-11-19 12:14:31	1047419	0:10:25	1165.3
2025-11-19 12:14:32	1048514	0:10:28	1159.7
2025-11-19 12:14:33	1049369	0:10:17	1177.8
2025-11-19 12:14:34	1050751	0:09:56	1217.1
2025-11-19 12:14:35	1052074	0:09:51	1225.9
2025-11-19 12:14:36	1053604	0:09:46	1233.1
2025-11-19 12:14:37	1054111	0:09:57	1209.8
2025-11-19 12:14:38	1054251	0:10:10	1184.4
2025-11-19 12:14:39	1054503	0:10:35	1137.5
2025-11-19 12:14:40	1054807	0:10:58	1096.7
2025-11-19 12:14:41	1055090	0:11:24	1054.9
2025-11-19 12:14:42	1055346	0:11:51	1014.5
2025-11-19 12:14:43	1055757	0:12:19	974.6
2025-11-19 12:14:44	1055927	0:12:44	943.5
2025-11-19 12:14:45	1056209	0:13:06	916.0
2025-11-19 12:14:46	1057311	0:13:28	889.6
2025-11-19 12:14:47	1058530	0:13:24	893.1
2025-11-19 12:14:48	1059990	0:13:15	900.8
2025-11-19 12:14:49	1061205	0:13:22	891.6
2025-11-19 12:14:50	1062578	0:13:15	897.9
2025-11-19 12:14:51	1063849	0:13:14	897.6
2025-11-19 12:14:52	1065296	0:13:09	901.1
2025-11-19 12:14:53	1066951	0:12:50	921.4
2025-11-19 12:14:54	1068386	0:12:33	940.0
2025-11-19 12:14:55	1070132	0:12:12	965.5
2025-11-19 12:14:56	1071194	0:12:10	965.7
2025-11-19 12:14:57	1072223	0:12:18	954.0
2025-11-19 12:14:58	1073565	0:12:15	956.7
2025-11-19 12:14:59	1074870	0:12:10	961.4
2025-11-19 12:15:00	1076321	0:11:49	987.2
2025-11-19 12:15:01	1077681	0:11:41	997.3
2025-11-19 12:15:02	1079092	0:11:27	1014.4
2025-11-19 12:15:03	1080105	0:11:39	996.7
2025-11-19 12:15:04	1080930	0:11:43	989.3
2025-11-19 12:15:05	1081960	0:11:58	967.2
2025-11-19 12:15:06	1083434	0:11:37	994.0
2025-11-19 12:15:07	1084646	0:11:11	1030.7
2025-11-19 12:15:08	1085932	0:10:47	1066.4
2025-11-19 12:15:09	1087362	0:10:24	1103.9
2025-11-19 12:15:10	1088784	0:10:02	1142.4
2025-11-19 12:15:11	1090297	0:09:38	1186.4
2025-11-19 12:15:12	1091819	0:09:20	1222.5
2025-11-19 12:15:13	1093081	0:09:02	1260.9
2025-11-19 12:15:14	1094545	0:08:43	1302.4
2025-11-19 12:15:15	1095859	0:08:39	1310.5
2025-11-19 12:15:16	1097027	0:08:38	1311.6
2025-11-19 12:15:17	1098792	0:08:31	1325.3
2025-11-19 12:15:18	1100040	0:08:27	1332.6
2025-11-19 12:15:19	1101467	0:08:25	1336.3
2025-11-19 12:15:20	1103083	0:08:22	1341.0
2025-11-19 12:15:21	1104439	0:08:18	1349.1
2025-11-19 12:15:22	1106065	0:08:19	1344.2
2025-11-19 12:15:23	1107371	0:08:18	1342.9
2025-11-19 12:15:24	1109056	0:08:18	1339.3
2025-11-19 12:15:25	1110665	0:08:11	1354.4
2025-11-19 12:15:26	1112202	0:08:03	1375.9
2025-11-19 12:15:27	1113607	0:08:00	1380.2
2025-11-19 12:15:28	1115146	0:07:57	1385.9
2025-11-19 12:15:29	1116666	0:07:56	1386.8
2025-11-19 12:15:30	1118092	0:07:54	1388.8
2025-11-19 12:15:31	1119672	0:07:51	1394.4
2025-11-19 12:15:32	1121108	0:07:46	1407.2
2025-11-19 12:15:33	1122685	0:07:36	1433.5
2025-11-19 12:15:34	1124143	0:07:29	1452.0
2025-11-19 12:15:35	1125356	0:07:31	1442.6
2025-11-19 12:15:36	1126450	0:07:32	1436.3
2025-11-19 12:15:37	1127389	0:07:35	1426.5
2025-11-19 12:15:38	1128996	0:07:31	1435.2
2025-11-19 12:15:39	1130328	0:07:32	1427.8
2025-11-19 12:15:40	1131584	0:07:34	1419.9
2025-11-19 12:15:41	1132950	0:07:35	1413.3
2025-11-19 12:15:42	1134481	0:07:31	1421.8
2025-11-19 12:15:43	1135845	0:07:31	1420.9
2025-11-19 12:15:44	1137546	0:07:27	1428.3
2025-11-19 12:15:45	1138833	0:07:23	1439.1
2025-11-19 12:15:46	1140410	0:07:25	1428.2
2025-11-19 12:15:47	1141764	0:07:23	1431.0
2025-11-19 12:15:48	1143055	0:07:24	1427.5
2025-11-19 12:15:49	1144622	0:07:23	1426.4
2025-11-19 12:15:50	1145606	0:07:26	1412.9
2025-11-19 12:15:51	1147056	0:07:25	1414.2
2025-11-19 12:15:52	1148202	0:07:28	1400.4
2025-11-19 12:15:53	1149525	0:07:31	1390.1
2025-11-19 12:15:54	1150912	0:07:32	1383.3
2025-11-19 12:15:55	1152271	0:07:34	1373.7
2025-11-19 12:15:56	1153975	0:07:29	1386.9
2025-11-19 12:15:57	1155421	0:07:28	1387.1
2025-11-19 12:15:58	1157196	0:07:25	1390.9
2025-11-19 12:15:59	1158817	0:07:22	1397.5
2025-11-19 12:16:00	1159804	0:07:27	1377.9
2025-11-19 12:16:01	1161144	0:07:26	1377.9
2025-11-19 12:16:02	1162389	0:07:29	1367.0
2025-11-19 12:16:03	1163493	0:07:34	1348.3
2025-11-19 12:16:04	1165298	0:07:26	1370.5
2025-11-19 12:16:05	1165993	0:07:32	1351.0
2025-11-19 12:16:06	1166227	0:07:38	1331.7
2025-11-19 12:16:07	1166873	0:07:48	1302.7
2025-11-19 12:16:09	1168454	0:07:44	1309.9
2025-11-19 12:16:10	1169661	0:07:42	1314.3
2025-11-19 12:16:11	1171223	0:07:40	1316.4
2025-11-19 12:16:12	1172500	0:07:42	1305.5
2025-11-19 12:16:13	1173612	0:07:45	1295.6
2025-11-19 12:16:14	1174807	0:07:48	1284.6
2025-11-19 12:16:15	1175810	0:07:52	1271.0
2025-11-19 12:16:16	1177435	0:07:50	1274.4
2025-11-19 12:16:17	1178610	0:07:53	1264.1
2025-11-19 12:16:18	1180108	0:07:49	1271.2
2025-11-19 12:16:19	1181045	0:07:54	1256.4
2025-11-19 12:16:20	1181666	0:08:01	1236.4
2025-11-19 12:16:21	1182050	0:08:16	1197.6
2025-11-19 12:16:22	1183352	0:08:12	1205.3
2025-11-19 12:16:23	1184581	0:08:12	1202.0
2025-11-19 12:16:24	1185704	0:08:14	1195.9
2025-11-19 12:16:25	1186888	0:08:17	1185.8
2025-11-19 12:16:26	1188729	0:08:14	1190.0
2025-11-19 12:16:27	1189985	0:08:17	1179.7
2025-11-19 12:16:28	1190656	0:08:27	1155.9
2025-11-19 12:16:29	1191574	0:08:36	1134.2
2025-11-19 12:16:30	1192913	0:08:34	1134.2
2025-11-19 12:16:31	1194272	0:08:33	1135.1
2025-11-19 12:16:32	1195294	0:08:38	1121.8
2025-11-19 12:16:33	1196992	0:08:26	1144.9
2025-11-19 12:16:34	1198471	0:08:21	1152.5
2025-11-19 12:16:35	1200160	0:08:12	1169.9
2025-11-19 12:16:36	1201407	0:07:59	1199.1
2025-11-19 12:16:37	1203200	0:07:40	1247.0
2025-11-19 12:16:38	1204528	0:07:42	1237.3
2025-11-19 12:16:39	1206278	0:07:34	1254.7
2025-11-19 12:16:40	1207696	0:07:32	1258.1
2025-11-19 12:16:41	1209224	0:07:30	1261.5
2025-11-19 12:16:42	1210383	0:07:27	1265.3
2025-11-19 12:16:43	1211683	0:07:27	1261.7
2025-11-19 12:16:44	1212976	0:07:23	1271.7
2025-11-19 12:16:45	1214104	0:07:28	1256.0
2025-11-19 12:16:46	1215471	0:07:27	1255.6
2025-11-19 12:16:47	1216634	0:07:26	1254.3
2025-11-19 12:16:48	1218266	0:07:19	1271.8
2025-11-19 12:16:49	1218962	0:07:18	1273.0
2025-11-19 12:16:50	1220128	0:07:07	1302.0
2025-11-19 12:16:51	1221789	0:07:03	1312.0
2025-11-19 12:16:52	1222975	0:06:58	1324.7
2025-11-19 12:16:53	1224570	0:06:51	1340.8
2025-11-19 12:16:54	1226056	0:06:50	1341.5
2025-11-19 12:16:55	1227308	0:06:52	1333.5
2025-11-19 12:16:56	1228845	0:06:52	1327.3
2025-11-19 12:16:57	1230438	0:06:41	1359.6
2025-11-19 12:16:58	1231854	0:06:35	1378.5
2025-11-19 12:16:59	1233252	0:06:32	1385.6
2025-11-19 12:17:00	1234490	0:06:32	1381.3
2025-11-19 12:17:01	1234785	0:06:42	1347.7
2025-11-19 12:17:02	1235338	0:06:48	1325.6
2025-11-19 12:17:03	1236177	0:06:57	1295.0
2025-11-19 12:17:04	1237759	0:06:55	1297.7
2025-11-19 12:17:05	1239116	0:06:55	1293.0
2025-11-19 12:17:06	1240187	0:07:01	1274.3
2025-11-19 12:17:07	1241686	0:07:01	1270.0
2025-11-19 12:17:08	1243223	0:06:59	1272.5
2025-11-19 12:17:09	1244601	0:06:58	1271.1
2025-11-19 12:17:10	1246099	0:06:57	1270.0
2025-11-19 12:17:11	1247566	0:06:56	1269.4
2025-11-19 12:17:12	1249399	0:06:48	1291.9
2025-11-19 12:17:13	1250655	0:06:46	1294.5
2025-11-19 12:17:14	1251965	0:06:43	1301.8
2025-11-19 12:17:15	1253348	0:06:43	1297.1
2025-11-19 12:17:16	1254940	0:06:39	1306.5
2025-11-19 12:17:17	1256622	0:06:32	1326.0
2025-11-19 12:17:18	1258284	0:06:25	1345.8
2025-11-19 12:17:19	1259506	0:06:23	1349.7
2025-11-19 12:17:20	1260741	0:06:22	1348.4
2025-11-19 12:17:21	1262310	0:06:21	1349.1
2025-11-19 12:17:22	1263707	0:06:21	1343.7
2025-11-19 12:17:23	1264778	0:06:24	1333.2
2025-11-19 12:17:24	1265778	0:06:26	1320.7
2025-11-19 12:17:25	1267411	0:06:25	1322.7
2025-11-19 12:17:26	1268772	0:06:24	1320.3
2025-11-19 12:17:27	1270160	0:06:24	1316.3
2025-11-19 12:17:28	1271223	0:06:27	1304.1
2025-11-19 12:17:29	1272827	0:06:23	1314.6
2025-11-19 12:17:30	1274072	0:06:14	1342.3
2025-11-19 12:17:31	1275216	0:06:07	1365.9
2025-11-19 12:17:32	1276849	0:05:57	1398.0
2025-11-19 12:17:33	1278245	0:05:58	1390.9
2025-11-19 12:17:34	1280004	0:05:54	1402.8
2025-11-19 12:17:35	1281503	0:05:50	1415.0
2025-11-19 12:17:36	1283070	0:05:47	1419.3
2025-11-19 12:17:37	1284608	0:05:46	1419.3
2025-11-19 12:17:38	1286060	0:05:44	1422.8
2025-11-19 12:17:39	1287301	0:05:45	1418.2
2025-11-19 12:17:40	1288754	0:05:46	1409.0
2025-11-19 12:17:41	1290161	0:05:46	1403.0
2025-11-19 12:17:42	1291416	0:05:47	1397.5
2025-11-19 12:17:43	1292815	0:05:43	1410.8
2025-11-19 12:17:44	1294278	0:05:45	1397.6
2025-11-19 12:17:45	1295985	0:05:41	1406.7
2025-11-19 12:17:46	1297417	0:05:43	1397.4
2025-11-19 12:17:47	1299415	0:05:39	1407.8
2025-11-19 12:17:48	1300735	0:05:38	1408.2
2025-11-19 12:17:49	1302087	0:05:36	1411.7
2025-11-19 12:17:50	1303177	0:05:37	1404.7
2025-11-19 12:17:51	1304536	0:05:37	1398.2
2025-11-19 12:17:52	1305634	0:05:38	1393.8
2025-11-19 12:17:53	1306591	0:05:38	1389.6
2025-11-19 12:17:54	1307179	0:05:43	1368.5
2025-11-19 12:17:55	1307390	0:05:55	1319.3
2025-11-19 12:17:56	1307656	0:06:05	1284.1
2025-11-19 12:17:57	1307893	0:06:13	1254.1
2025-11-19 12:17:58	1308685	0:06:23	1219.3
2025-11-19 12:17:59	1309461	0:06:27	1207.6
2025-11-19 12:18:00	1310174	0:06:29	1198.3
2025-11-19 12:18:01	1311608	0:06:32	1185.1
2025-11-19 12:18:02	1313015	0:06:31	1183.7
2025-11-19 12:18:03	1313872	0:06:41	1154.5
2025-11-19 12:18:04	1315741	0:06:34	1167.7
2025-11-19 12:18:05	1316329	0:06:44	1138.1
2025-11-19 12:18:06	1317930	0:06:41	1143.5
2025-11-19 12:18:07	1319112	0:06:42	1136.5
2025-11-19 12:18:08	1320890	0:06:37	1146.3
2025-11-19 12:18:09	1322028	0:06:41	1131.6
2025-11-19 12:18:10	1322499	0:06:52	1102.0
2025-11-19 12:18:11	1322766	0:07:04	1070.3
2025-11-19 12:18:12	1323045	0:07:18	1035.5
2025-11-19 12:18:13	1323360	0:07:37	992.4
2025-11-19 12:18:14	1323959	0:07:47	969.5
2025-11-19 12:18:15	1324600	0:08:08	926.2
2025-11-19 12:18:16	1325754	0:08:16	908.5
2025-11-19 12:18:17	1326275	0:08:34	875.8
2025-11-19 12:18:18	1327004	0:08:46	854.4
2025-11-19 12:18:19	1327232	0:09:07	821.7
2025-11-19 12:18:20	1327731	0:09:23	796.4
2025-11-19 12:18:21	1328736	0:09:29	786.4
2025-11-19 12:18:22	1329840	0:09:23	792.8
2025-11-19 12:18:23	1330975	0:09:10	810.1
2025-11-19 12:18:24	1332189	0:08:47	843.4
2025-11-19 12:18:25	1334020	0:08:12	899.0
2025-11-19 12:18:26	1335255	0:07:54	930.6
2025-11-19 12:18:27	1336512	0:07:42	952.1
2025-11-19 12:18:28	1338402	0:07:22	990.7
2025-11-19 12:18:29	1339949	0:07:09	1016.8
2025-11-19 12:18:30	1341623	0:07:01	1031.7
2025-11-19 12:18:31	1343078	0:07:01	1030.1
2025-11-19 12:18:32	1344317	0:06:55	1039.9
2025-11-19 12:18:33	1345702	0:06:57	1033.6
2025-11-19 12:18:34	1347501	0:06:43	1064.6
2025-11-19 12:18:35	1348979	0:06:40	1068.8
2025-11-19 12:18:36	1350730	0:06:34	1080.6
2025-11-19 12:18:37	1352151	0:06:31	1083.9
2025-11-19 12:18:38	1353871	0:06:30	1084.3
2025-11-19 12:18:39	1355227	0:06:17	1115.7
2025-11-19 12:18:40	1356307	0:06:07	1143.9
2025-11-19 12:18:41	1357691	0:05:54	1182.4
2025-11-19 12:18:42	1359557	0:05:37	1234.9
2025-11-19 12:18:43	1360980	0:05:29	1264.0
2025-11-19 12:18:44	1362405	0:05:20	1293.0
2025-11-19 12:18:45	1363944	0:05:17	1302.1
2025-11-19 12:18:46	1365254	0:05:09	1331.0
2025-11-19 12:18:47	1366342	0:05:05	1344.2
2025-11-19 12:18:48	1368040	0:04:53	1393.7
2025-11-19 12:18:49	1369270	0:04:47	1420.0
2025-11-19 12:18:50	1370154	0:04:46	1417.9
2025-11-19 12:18:52	1371267	0:04:45	1421.2
2025-11-19 12:18:53	1372726	0:04:42	1432.3
2025-11-19 12:18:54	1374094	0:04:40	1437.6
2025-11-19 12:18:55	1375506	0:04:42	1423.2
2025-11-19 12:18:56	1377124	0:04:38	1437.0
2025-11-19 12:18:57	1378566	0:04:35	1443.3
2025-11-19 12:18:58	1379723	0:04:40	1418.1
2025-11-19 12:18:59	1380986	0:04:41	1408.6
2025-11-19 12:19:00	1382223	0:04:43	1393.8
2025-11-19 12:19:01	1383634	0:04:42	1393.2
2025-11-19 12:19:02	1384948	0:04:40	1395.8
2025-11-19 12:19:03	1386539	0:04:38	1403.1
2025-11-19 12:19:04	1388103	0:04:38	1395.6
2025-11-19 12:19:05	1389626	0:04:37	1397.2
2025-11-19 12:19:06	1391072	0:04:38	1386.8
2025-11-19 12:19:07	1392676	0:04:35	1393.1
2025-11-19 12:19:08	1394307	0:04:35	1390.2
2025-11-19 12:19:09	1395298	0:04:37	1376.8
2025-11-19 12:19:10	1395974	0:04:39	1361.8
2025-11-19 12:19:11	1396548	0:04:45	1333.1
2025-11-19 12:19:12	1397193	0:04:52	1296.1
2025-11-19 12:19:13	1398006	0:04:57	1272.0
2025-11-19 12:19:14	1399238	0:04:57	1267.8
2025-11-19 12:19:15	1400206	0:05:02	1244.6
2025-11-19 12:19:16	1401375	0:05:02	1239.5
2025-11-19 12:19:17	1402495	0:05:01	1243.0
2025-11-19 12:19:18	1403851	0:05:03	1228.4
2025-11-19 12:19:19	1405312	0:05:00	1236.1
2025-11-19 12:19:20	1406574	0:04:56	1249.8
2025-11-19 12:19:21	1407675	0:04:55	1249.3
2025-11-19 12:19:22	1408960	0:04:56	1240.6
2025-11-19 12:19:23	1410423	0:04:54	1244.1
2025-11-19 12:19:24	1411710	0:04:54	1241.2
2025-11-19 12:19:25	1413004	0:04:56	1228.7
2025-11-19 12:19:26	1414195	0:04:57	1218.1
2025-11-19 12:19:27	1415446	0:04:56	1218.5
2025-11-19 12:19:28	1417169	0:04:51	1235.4
2025-11-19 12:19:29	1418422	0:04:50	1234.9
2025-11-19 12:19:30	1419934	0:04:48	1239.2
2025-11-19 12:19:31	1421366	0:04:46	1242.5
2025-11-19 12:19:32	1422393	0:04:49	1224.4
2025-11-19 12:19:33	1423416	0:04:53	1205.4
2025-11-19 12:19:34	1424816	0:04:53	1199.9
2025-11-19 12:19:35	1425749	0:04:56	1183.6
2025-11-19 12:19:36	1427456	0:04:54	1186.4
2025-11-19 12:19:37	1429047	0:04:53	1186.5
2025-11-19 12:19:38	1430715	0:04:46	1207.3
2025-11-19 12:19:39	1432244	0:04:38	1237.0
2025-11-19 12:19:40	1433320	0:04:33	1254.5
2025-11-19 12:19:41	1434689	0:04:27	1277.9
2025-11-19 12:19:42	1435834	0:04:24	1289.3
2025-11-19 12:19:43	1436706	0:04:25	1281.8
2025-11-19 12:19:44	1437821	0:04:24	1280.2
2025-11-19 12:19:45	1439208	0:04:21	1289.9
2025-11-19 12:19:46	1440208	0:04:21	1288.2
2025-11-19 12:19:47	1441533	0:04:20	1288.3
2025-11-19 12:19:48	1442812	0:04:21	1277.3
2025-11-19 12:19:49	1444119	0:04:19	1281.1
2025-11-19 12:19:50	1445891	0:04:14	1302.2
2025-11-19 12:19:51	1447756	0:04:08	1322.4
2025-11-19 12:19:52	1448914	0:04:08	1317.6
2025-11-19 12:19:53	1450842	0:04:03	1338.2
2025-11-19 12:19:54	1452242	0:04:02	1337.6
2025-11-19 12:19:55	1453803	0:03:57	1360.3
2025-11-19 12:19:56	1455174	0:03:56	1357.7
2025-11-19 12:19:57	1456294	0:03:56	1356.1
2025-11-19 12:19:58	1457664	0:03:57	1343.9
2025-11-19 12:19:59	1459175	0:03:56	1343.9
2025-11-19 12:20:00	1459772	0:04:00	1316.9
2025-11-19 12:20:01	1460688	0:04:01	1308.3
2025-11-19 12:20:02	1461429	0:04:02	1299.0
2025-11-19 12:20:03	1462823	0:04:01	1302.0
2025-11-19 12:20:04	1464128	0:03:58	1311.2
2025-11-19 12:20:05	1465231	0:03:59	1299.4
2025-11-19 12:20:06	1466474	0:04:00	1288.7
2025-11-19 12:20:07	1467736	0:04:04	1266.1
2025-11-19 12:20:08	1469399	0:04:00	1277.9
2025-11-19 12:20:09	1470525	0:04:00	1272.8
2025-11-19 12:20:10	1471803	0:04:01	1263.7
2025-11-19 12:20:11	1473209	0:03:57	1278.6
2025-11-19 12:20:12	1474540	0:03:53	1292.3
2025-11-19 12:20:13	1475809	0:03:50	1304.8
2025-11-19 12:20:14	1476995	0:03:50	1299.9
2025-11-19 12:20:15	1477835	0:03:51	1289.8
2025-11-19 12:20:16	1478366	0:03:55	1270.0
2025-11-19 12:20:17	1479327	0:03:54	1268.4
2025-11-19 12:20:18	1480419	0:03:57	1246.1
2025-11-19 12:20:19	1481472	0:04:01	1225.1
2025-11-19 12:20:20	1482090	0:04:07	1192.5
2025-11-19 12:20:21	1482535	0:04:14	1157.4
2025-11-19 12:20:22	1483272	0:04:19	1131.0
2025-11-19 12:20:23	1484946	0:04:19	1124.3
2025-11-19 12:20:24	1486169	0:04:19	1118.7
2025-11-19 12:20:25	1487307	0:04:23	1099.5
2025-11-19 12:20:26	1488822	0:04:18	1114.8
2025-11-19 12:20:27	1490194	0:04:16	1119.4
2025-11-19 12:20:28	1491881	0:04:11	1131.7
2025-11-19 12:20:29	1493393	0:04:05	1154.2
2025-11-19 12:20:30	1495045	0:03:59	1176.0
2025-11-19 12:20:31	1496488	0:03:52	1203.4
2025-11-19 12:20:32	1497928	0:03:51	1205.4
2025-11-19 12:20:33	1499248	0:03:50	1203.8
2025-11-19 12:20:34	1501102	0:03:44	1227.2
2025-11-19 12:20:35	1502590	0:03:40	1243.2
2025-11-19 12:20:36	1504326	0:03:37	1252.9
2025-11-19 12:20:37	1506196	0:03:32	1274.5
2025-11-19 12:20:38	1507474	0:03:33	1263.1
2025-11-19 12:20:39	1509217	0:03:29	1280.2
2025-11-19 12:20:40	1510430	0:03:28	1276.5
2025-11-19 12:20:41	1512172	0:03:24	1291.7
2025-11-19 12:20:42	1513612	0:03:23	1296.0
2025-11-19 12:20:43	1514687	0:03:23	1290.2
2025-11-19 12:20:44	1516266	0:03:18	1313.7
2025-11-19 12:20:45	1517589	0:03:13	1342.9
2025-11-19 12:20:46	1518886	0:03:10	1355.7
2025-11-19 12:20:47	1520459	0:03:06	1371.3
2025-11-19 12:20:48	1521973	0:03:03	1388.3
2025-11-19 12:20:49	1523156	0:03:00	1405.0
2025-11-19 12:20:50	1524410	0:02:56	1434.0
2025-11-19 12:20:51	1525928	0:02:51	1460.2
2025-11-19 12:20:52	1527277	0:02:51	1456.7
2025-11-19 12:20:53	1529061	0:02:48	1469.3
2025-11-19 12:20:54	1530416	0:02:46	1481.7
2025-11-19 12:20:55	1531940	0:02:45	1476.2
2025-11-19 12:20:56	1533345	0:02:44	1481.4
2025-11-19 12:20:57	1534762	0:02:44	1471.9
2025-11-19 12:20:58	1536155	0:02:43	1471.9
2025-11-19 12:20:59	1537480	0:02:45	1450.3
2025-11-19 12:21:00	1538927	0:02:43	1452.9
2025-11-19 12:21:01	1540451	0:02:42	1453.8
2025-11-19 12:21:02	1542230	0:02:39	1470.8
2025-11-19 12:21:03	1543672	0:02:38	1470.8
2025-11-19 12:21:04	1545294	0:02:37	1469.9
2025-11-19 12:21:05	1546800	0:02:38	1453.9
2025-11-19 12:21:06	1548442	0:02:36	1459.5
2025-11-19 12:21:07	1549385	0:02:38	1432.8
2025-11-19 12:21:08	1549877	0:02:42	1399.2
2025-11-19 12:21:09	1550771	0:02:43	1380.0
2025-11-19 12:21:10	1551926	0:02:45	1359.4
2025-11-19 12:21:11	1552815	0:02:46	1343.1
2025-11-19 12:21:12	1553574	0:02:47	1330.4
2025-11-19 12:21:13	1554277	0:02:49	1310.5
2025-11-19 12:21:14	1555336	0:02:51	1289.9
2025-11-19 12:21:15	1556245	0:02:52	1279.1
2025-11-19 12:21:16	1557468	0:02:52	1273.6
2025-11-19 12:21:17	1558591	0:02:54	1254.5
2025-11-19 12:21:18	1559959	0:02:51	1262.2
2025-11-19 12:21:19	1561025	0:02:51	1255.7
2025-11-19 12:21:20	1561999	0:02:54	1232.8
2025-11-19 12:21:21	1563069	0:02:54	1224.9
2025-11-19 12:21:22	1563917	0:02:58	1192.9
2025-11-19 12:21:23	1565204	0:02:57	1191.7
2025-11-19 12:21:24	1566318	0:02:57	1187.2
2025-11-19 12:21:25	1567473	0:02:59	1169.3
2025-11-19 12:21:26	1568480	0:02:59	1157.9
2025-11-19 12:21:27	1569453	0:03:01	1142.0
2025-11-19 12:21:28	1570817	0:03:00	1142.9
2025-11-19 12:21:29	1572094	0:02:59	1140.1
2025-11-19 12:21:30	1573582	0:02:58	1136.7
2025-11-19 12:21:31	1574649	0:03:00	1119.3
2025-11-19 12:21:32	1576061	0:03:00	1111.2
2025-11-19 12:21:33	1577239	0:03:01	1098.2
2025-11-19 12:21:34	1578246	0:03:03	1080.7
2025-11-19 12:21:35	1579580	0:03:04	1070.0
2025-11-19 12:21:36	1581064	0:03:00	1083.5
2025-11-19 12:21:37	1582407	0:02:54	1111.8
2025-11-19 12:21:38	1583203	0:02:54	1111.0
2025-11-19 12:21:39	1583765	0:02:55	1098.9
2025-11-19 12:21:40	1584773	0:02:55	1095.0
2025-11-19 12:21:41	1586055	0:02:51	1112.6
2025-11-19 12:21:42	1586914	0:02:50	1115.4
2025-11-19 12:21:43	1587842	0:02:50	1112.0
2025-11-19 12:21:44	1588775	0:02:48	1117.1
2025-11-19 12:21:45	1589791	0:02:48	1109.3
2025-11-19 12:21:46	1591338	0:02:44	1125.7
2025-11-19 12:21:48	1592277	0:02:45	1117.3
2025-11-19 12:21:49	1593287	0:02:46	1101.1
2025-11-19 12:21:50	1595216	0:02:40	1134.0
2025-11-19 12:21:51	1596939	0:02:35	1158.8
2025-11-19 12:21:52	1598303	0:02:31	1177.8
2025-11-19 12:21:53	1600235	0:02:27	1199.7
2025-11-19 12:21:54	1601303	0:02:26	1197.1
2025-11-19 12:21:55	1602733	0:02:23	1209.4
2025-11-19 12:21:56	1604272	0:02:21	1224.1
2025-11-19 12:21:57	1605508	0:02:18	1236.4
2025-11-19 12:21:58	1607020	0:02:17	1238.2
2025-11-19 12:21:59	1608521	0:02:14	1249.2
2025-11-19 12:22:00	1609679	0:02:15	1233.6
2025-11-19 12:22:01	1611178	0:02:12	1252.3
2025-11-19 12:22:02	1612545	0:02:11	1246.2
2025-11-19 12:22:03	1613958	0:02:10	1253.2
2025-11-19 12:22:04	1615713	0:02:06	1275.7
2025-11-19 12:22:05	1617156	0:02:04	1281.1
2025-11-19 12:22:06	1618701	0:02:03	1284.5
2025-11-19 12:22:07	1619893	0:02:02	1276.7
2025-11-19 12:22:08	1621589	0:01:58	1306.3
2025-11-19 12:22:09	1622774	0:01:56	1327.1
2025-11-19 12:22:10	1623885	0:01:55	1329.1
2025-11-19 12:22:11	1625415	0:01:53	1334.9
2025-11-19 12:22:12	1627084	0:01:49	1365.9
2025-11-19 12:22:13	1628821	0:01:46	1389.7
2025-11-19 12:22:14	1630001	0:01:44	1400.9
2025-11-19 12:22:15	1631422	0:01:42	1417.2
2025-11-19 12:22:16	1632989	0:01:41	1418.3
2025-11-19 12:22:17	1634113	0:01:40	1422.8
2025-11-19 12:22:18	1635460	0:01:38	1432.7
2025-11-19 12:22:19	1636292	0:01:40	1403.7
2025-11-19 12:22:20	1636523	0:01:43	1355.8
2025-11-19 12:22:21	1636725	0:01:47	1302.7
2025-11-19 12:22:22	1637060	0:01:50	1267.5
2025-11-19 12:22:23	1637427	0:01:53	1232.5
2025-11-19 12:22:24	1637893	0:01:55	1201.5
2025-11-19 12:22:25	1638405	0:01:59	1163.2
2025-11-19 12:22:26	1639494	0:01:59	1154.2
2025-11-19 12:22:27	1640553	0:01:58	1146.4
2025-11-19 12:22:28	1641522	0:02:01	1118.6
2025-11-19 12:22:29	1642943	0:01:58	1131.4
2025-11-19 12:22:30	1644247	0:01:57	1128.0
2025-11-19 12:22:31	1645366	0:01:56	1126.0
2025-11-19 12:22:32	1647168	0:01:54	1135.4
2025-11-19 12:22:33	1648489	0:01:54	1119.0
2025-11-19 12:22:34	1650321	0:01:51	1135.6
2025-11-19 12:22:35	1651491	0:01:51	1121.5
2025-11-19 12:22:36	1653123	0:01:49	1128.8
2025-11-19 12:22:37	1654433	0:01:49	1122.1
2025-11-19 12:22:38	1656191	0:01:45	1140.0
2025-11-19 12:22:39	1657713	0:01:43	1148.7
2025-11-19 12:22:40	1659431	0:01:41	1161.6
2025-11-19 12:22:41	1661158	0:01:39	1167.3
2025-11-19 12:22:42	1662775	0:01:37	1175.5
2025-11-19 12:22:43	1664494	0:01:35	1181.5
2025-11-19 12:22:44	1665835	0:01:34	1180.0
2025-11-19 12:22:45	1667334	0:01:32	1180.5
2025-11-19 12:22:46	1668831	0:01:30	1187.5
2025-11-19 12:22:47	1670136	0:01:29	1186.8
2025-11-19 12:22:48	1671852	0:01:26	1207.5
2025-11-19 12:22:49	1673474	0:01:22	1254.8
2025-11-19 12:22:50	1674881	0:01:18	1298.2
2025-11-19 12:22:51	1676531	0:01:14	1342.2
2025-11-19 12:22:52	1677839	0:01:12	1374.6
2025-11-19 12:22:53	1679456	0:01:08	1416.5
2025-11-19 12:22:54	1681098	0:01:05	1454.0
2025-11-19 12:22:55	1682648	0:01:03	1484.2
2025-11-19 12:22:56	1684007	0:01:02	1487.6
2025-11-19 12:22:57	1684890	0:01:02	1478.5
2025-11-19 12:22:58	1685565	0:01:02	1466.6
2025-11-19 12:22:59	1687244	0:01:00	1481.3
2025-11-19 12:23:00	1688527	0:00:59	1473.3
2025-11-19 12:23:01	1689858	0:00:58	1475.5
2025-11-19 12:23:02	1691118	0:00:58	1457.5
2025-11-19 12:23:03	1692897	0:00:57	1472.5
2025-11-19 12:23:04	1694359	0:00:56	1461.8
2025-11-19 12:23:05	1695998	0:00:54	1474.0
2025-11-19 12:23:06	1697814	0:00:53	1489.5
2025-11-19 12:23:07	1699126	0:00:52	1478.4
2025-11-19 12:23:08	1700343	0:00:52	1457.9
2025-11-19 12:23:09	1701661	0:00:51	1457.6
2025-11-19 12:23:10	1702735	0:00:51	1429.9
2025-11-19 12:23:11	1703928	0:00:51	1411.5
2025-11-19 12:23:12	1705134	0:00:50	1408.6
2025-11-19 12:23:13	1706502	0:00:50	1399.3
2025-11-19 12:23:14	1707836	0:00:49	1395.4
2025-11-19 12:23:15	1709228	0:00:48	1390.8
2025-11-19 12:23:16	1710677	0:00:47	1389.9
2025-11-19 12:23:17	1712272	0:00:46	1401.9
2025-11-19 12:23:18	1713612	0:00:45	1383.8
2025-11-19 12:23:19	1714892	0:00:45	1376.7
2025-11-19 12:23:20	1716338	0:00:44	1369.4
2025-11-19 12:23:21	1717870	0:00:43	1371.4
2025-11-19 12:23:22	1719018	0:00:42	1362.3
2025-11-19 12:23:23	1720624	0:00:41	1357.2
2025-11-19 12:23:24	1722314	0:00:40	1363.4
2025-11-19 12:23:25	1723814	0:00:39	1358.9
2025-11-19 12:23:26	1725413	0:00:37	1382.7
2025-11-19 12:23:27	1726515	0:00:36	1399.2
2025-11-19 12:23:28	1728173	0:00:34	1405.3
2025-11-19 12:23:29	1729814	0:00:33	1413.4
2025-11-19 12:23:30	1731405	0:00:31	1421.6
2025-11-19 12:23:31	1732937	0:00:30	1429.3
2025-11-19 12:23:32	1734012	0:00:30	1412.7
2025-11-19 12:23:33	1735523	0:00:29	1415.6
2025-11-19 12:23:34	1736514	0:00:29	1391.1
2025-11-19 12:23:35	1738103	0:00:27	1391.3
2025-11-19 12:23:36	1739465	0:00:27	1378.8
2025-11-19 12:23:37	1741095	0:00:25	1391.4
2025-11-19 12:23:38	1742490	0:00:24	1394.8
2025-11-19 12:23:39	1743782	0:00:23	1396.8
2025-11-19 12:23:40	1744652	0:00:23	1394.4
2025-11-19 12:23:41	1745958	0:00:22	1390.2
2025-11-19 12:23:42	1746733	0:00:21	1378.5
2025-11-19 12:23:43	1748281	0:00:20	1385.4
2025-11-19 12:23:44	1749156	0:00:20	1365.0
2025-11-19 12:23:45	1750468	0:00:19	1369.0
2025-11-19 12:23:46	1751322	0:00:19	1335.6
2025-11-19 12:23:47	1752866	0:00:17	1340.3
2025-11-19 12:23:48	1753966	0:00:17	1329.1
2025-11-19 12:23:49	1755310	0:00:16	1333.9
2025-11-19 12:23:50	1756866	0:00:14	1336.9
2025-11-19 12:23:51	1758324	0:00:13	1340.9
2025-11-19 12:23:52	1759532	0:00:13	1331.4
2025-11-19 12:23:53	1760844	0:00:12	1326.4
2025-11-19 12:23:54	1762265	0:00:11	1322.0
2025-11-19 12:23:55	1763631	0:00:10	1319.9
2025-11-19 12:23:56	1764894	0:00:09	1309.8
2025-11-19 12:23:57	1766185	0:00:08	1308.0
2025-11-19 12:23:59	1767677	0:00:07	1306.1
2025-11-19 12:24:00	1768957	0:00:06	1292.5
2025-11-19 12:24:01	1770399	0:00:05	1287.5
2025-11-19 12:24:02	1771748	0:00:03	1303.6
2025-11-19 12:24:03	1773001	0:00:03	1293.7
2025-11-19 12:24:04	1774479	0:00:01	1293.1
2025-11-19 12:24:05	1776138	0:00:00	1310.1
