2025-11-19 06:31:03	2	439:31:57	1.1
2025-11-19 06:31:04	193	7:06:50	69.4
2025-11-19 06:31:05	472	3:57:17	124.8
2025-11-19 06:31:06	1056	2:14:06	220.7
2025-11-19 06:31:07	2038	1:28:28	334.3
2025-11-19 06:31:08	2729	1:16:55	384.4
2025-11-19 06:31:09	3678	1:05:06	454.0
2025-11-19 06:31:10	4968	0:54:07	545.7
2025-11-19 06:31:11	5719	0:52:09	566.0
2025-11-19 06:31:12	7128	0:45:57	641.8
2025-11-19 06:31:13	8300	0:42:59	685.6
2025-11-19 06:31:14	8828	0:43:46	673.3
2025-11-19 06:31:15	9442	0:44:02	668.8
2025-11-19 06:31:16	10379	0:42:53	686.5
2025-11-19 06:31:17	11585	0:41:08	715.0
2025-11-19 06:31:18	12890	0:39:14	749.2
2025-11-19 06:31:19	13710	0:39:01	753.1
2025-11-19 06:31:20	14660	0:38:28	763.3
2025-11-19 06:31:21	15789	0:37:33	781.3
2025-11-19 06:31:22	17130	0:36:19	807.4
2025-11-19 06:31:23	18239	0:35:42	821.0
2025-11-19 06:31:24	19538	0:34:50	840.7
2025-11-19 06:31:25	20500	0:34:47	841.2
2025-11-19 06:31:26	21989	0:33:45	866.6
2025-11-19 06:31:27	23065	0:33:25	874.4
2025-11-19 06:31:28	24086	0:33:12	879.8
2025-11-19 06:31:30	25054	0:33:06	881.7
2025-11-19 06:31:31	26619	0:32:15	904.5
2025-11-19 06:31:32	27791	0:30:03	969.9
2025-11-19 06:31:33	29339	0:29:26	989.3
2025-11-19 06:31:34	30686	0:28:18	1028.3
2025-11-19 06:31:35	32106	0:27:22	1062.6
2025-11-19 06:31:36	33586	0:26:35	1092.7
2025-11-19 06:31:37	34502	0:26:21	1101.9
2025-11-19 06:31:38	36023	0:25:41	1129.6
2025-11-19 06:31:39	37598	0:25:11	1150.8
2025-11-19 06:31:40	38913	0:25:09	1151.6
2025-11-19 06:31:41	40902	0:24:14	1193.5
2025-11-19 06:31:42	42039	0:24:26	1182.8
2025-11-19 06:31:43	43739	0:24:03	1200.8
2025-11-19 06:31:44	45372	0:23:18	1238.2
2025-11-19 06:31:45	47476	0:22:22	1288.7
2025-11-19 06:31:46	49000	0:22:00	1308.7
2025-11-19 06:31:47	50930	0:21:30	1337.1
2025-11-19 06:31:48	52023	0:21:36	1329.9
2025-11-19 06:31:49	54422	0:20:44	1383.6
2025-11-19 06:31:50	55969	0:20:26	1403.6
2025-11-19 06:31:51	56926	0:20:30	1397.7
2025-11-19 06:31:52	58897	0:20:10	1419.4
2025-11-19 06:31:53	60763	0:19:47	1445.1
2025-11-19 06:31:54	62448	0:19:35	1458.7
2025-11-19 06:31:55	64399	0:19:02	1499.0
2025-11-19 06:31:56	66124	0:18:55	1506.6
2025-11-19 06:31:57	68379	0:18:24	1546.5
2025-11-19 06:31:58	70388	0:17:59	1580.3
2025-11-19 06:31:59	71342	0:17:59	1579.7
2025-11-19 06:32:00	71787	0:18:25	1541.7
2025-11-19 06:32:01	73377	0:18:12	1559.0
2025-11-19 06:32:02	74800	0:18:16	1552.6
2025-11-19 06:32:03	76219	0:18:29	1533.4
2025-11-19 06:32:04	77887	0:18:21	1542.0
2025-11-19 06:32:05	79283	0:18:20	1542.3
2025-11-19 06:32:06	80741	0:18:04	1563.5
2025-11-19 06:32:07	82215	0:18:02	1565.1
2025-11-19 06:32:08	83688	0:17:54	1575.2
2025-11-19 06:32:09	85524	0:17:54	1574.8
2025-11-19 06:32:10	87612	0:17:45	1585.0
2025-11-19 06:32:11	89419	0:17:37	1595.0
2025-11-19 06:32:12	91771	0:17:13	1629.7
2025-11-19 06:32:13	93174	0:17:20	1618.8
2025-11-19 06:32:14	95286	0:17:23	1611.6
2025-11-19 06:32:15	96426	0:17:28	1603.0
2025-11-19 06:32:16	98237	0:17:18	1615.9
2025-11-19 06:32:17	99484	0:17:24	1605.2
2025-11-19 06:32:18	102075	0:17:18	1613.5
2025-11-19 06:32:19	103504	0:17:17	1613.4
2025-11-19 06:32:20	105513	0:16:49	1656.0
2025-11-19 06:32:21	107493	0:16:53	1647.4
2025-11-19 06:32:22	109472	0:16:50	1650.5
2025-11-19 06:32:23	111158	0:16:49	1650.7
2025-11-19 06:32:24	112787	0:16:50	1646.8
2025-11-19 06:32:25	114740	0:16:48	1648.6
2025-11-19 06:32:26	116331	0:17:00	1627.1
2025-11-19 06:32:27	117727	0:17:05	1617.3
2025-11-19 06:32:28	118947	0:17:12	1605.9
2025-11-19 06:32:29	120841	0:16:40	1655.5
2025-11-19 06:32:30	122226	0:16:38	1656.4
2025-11-19 06:32:31	124036	0:16:30	1669.4
2025-11-19 06:32:32	125682	0:16:29	1669.4
2025-11-19 06:32:33	127965	0:15:51	1732.7
2025-11-19 06:32:34	129629	0:15:55	1724.7
2025-11-19 06:32:35	131453	0:15:50	1731.1
2025-11-19 06:32:36	132887	0:15:44	1740.0
2025-11-19 06:32:37	133917	0:15:57	1715.0
2025-11-19 06:32:38	135127	0:16:07	1696.1
2025-11-19 06:32:40	137155	0:15:59	1708.2
2025-11-19 06:32:41	139054	0:16:05	1696.3
2025-11-19 06:32:42	140660	0:16:12	1683.3
2025-11-19 06:32:43	142706	0:16:13	1678.5
2025-11-19 06:32:44	145118	0:15:58	1702.1
2025-11-19 06:32:45	147028	0:15:46	1721.1
2025-11-19 06:32:46	148523	0:15:47	1719.3
2025-11-19 06:32:47	150594	0:15:34	1740.0
2025-11-19 06:32:48	152460	0:15:36	1733.7
2025-11-19 06:32:49	154674	0:15:29	1745.9
2025-11-19 06:32:50	156320	0:15:34	1733.8
2025-11-19 06:32:51	158282	0:15:32	1735.3
2025-11-19 06:32:52	159902	0:15:38	1722.2
2025-11-19 06:32:53	162243	0:15:18	1758.4
2025-11-19 06:32:54	163953	0:15:23	1747.2
2025-11-19 06:32:55	165809	0:15:23	1745.2
2025-11-19 06:32:56	167277	0:15:27	1735.6
2025-11-19 06:32:57	168812	0:15:28	1731.2
2025-11-19 06:32:58	169911	0:15:27	1732.2
2025-11-19 06:32:59	171954	0:15:21	1741.2
2025-11-19 06:33:00	173350	0:15:19	1743.6
2025-11-19 06:33:01	175014	0:15:15	1749.3
2025-11-19 06:33:02	176691	0:15:21	1736.9
2025-11-19 06:33:03	178229	0:15:23	1730.5
2025-11-19 06:33:04	179457	0:15:40	1697.9
2025-11-19 06:33:05	180501	0:15:55	1670.6
2025-11-19 06:33:06	181356	0:16:09	1645.0
2025-11-19 06:33:07	181787	0:16:25	1619.0
2025-11-19 06:33:08	182175	0:16:35	1601.2
2025-11-19 06:33:09	182697	0:16:51	1576.7
2025-11-19 06:33:10	183241	0:17:21	1530.1
2025-11-19 06:33:11	184945	0:17:25	1522.3
2025-11-19 06:33:12	186207	0:17:41	1499.0
2025-11-19 06:33:13	187498	0:17:58	1473.8
2025-11-19 06:33:14	188868	0:18:13	1452.8
2025-11-19 06:33:15	190656	0:18:19	1442.4
2025-11-19 06:33:16	192449	0:18:13	1448.8
2025-11-19 06:33:17	193811	0:18:33	1421.3
2025-11-19 06:33:18	195428	0:18:27	1428.4
2025-11-19 06:33:19	197581	0:18:25	1428.7
2025-11-19 06:33:20	198990	0:18:35	1415.0
2025-11-19 06:33:21	200383	0:18:51	1393.5
2025-11-19 06:33:22	201860	0:18:59	1381.7
2025-11-19 06:33:23	203434	0:19:18	1358.2
2025-11-19 06:33:24	204966	0:19:18	1357.2
2025-11-19 06:33:25	206995	0:19:08	1367.3
2025-11-19 06:33:26	209101	0:18:48	1389.3
2025-11-19 06:33:27	211041	0:18:37	1400.7
2025-11-19 06:33:28	213697	0:18:06	1439.1
2025-11-19 06:33:29	215684	0:17:59	1446.8
2025-11-19 06:33:30	217949	0:17:39	1471.5
2025-11-19 06:33:31	219505	0:17:40	1468.9
2025-11-19 06:33:32	221043	0:17:44	1461.8
2025-11-19 06:33:33	222568	0:17:39	1467.4
2025-11-19 06:33:34	223964	0:17:36	1470.4
2025-11-19 06:33:35	225325	0:17:24	1486.0
2025-11-19 06:33:36	226925	0:17:05	1511.7
2025-11-19 06:33:37	228542	0:16:35	1554.7
2025-11-19 06:33:38	229971	0:16:12	1590.6
2025-11-19 06:33:39	231703	0:15:48	1628.3
2025-11-19 06:33:40	233597	0:15:26	1664.9
2025-11-19 06:33:41	235269	0:15:22	1671.7
2025-11-19 06:33:42	236727	0:15:15	1683.0
2025-11-19 06:33:43	238437	0:15:09	1690.7
2025-11-19 06:33:44	239614	0:15:13	1683.7
2025-11-19 06:33:45	239798	0:15:46	1623.6
2025-11-19 06:33:46	240006	0:16:13	1578.9
2025-11-19 06:33:47	240304	0:16:40	1535.9
2025-11-19 06:33:48	240565	0:17:11	1489.4
2025-11-19 06:33:49	241110	0:17:41	1447.1
2025-11-19 06:33:50	242194	0:17:53	1429.8
2025-11-19 06:33:51	244242	0:17:36	1450.7
2025-11-19 06:33:52	245642	0:17:37	1447.5
2025-11-19 06:33:53	247575	0:17:27	1459.9
2025-11-19 06:33:54	248824	0:17:45	1434.2
2025-11-19 06:33:55	250621	0:17:48	1428.1
2025-11-19 06:33:56	252175	0:18:05	1404.7
2025-11-19 06:33:57	254014	0:17:47	1426.4
2025-11-19 06:33:58	255683	0:18:14	1389.4
2025-11-19 06:33:59	257461	0:18:20	1380.6
2025-11-19 06:34:00	259374	0:18:27	1369.9
2025-11-19 06:34:01	260580	0:18:34	1360.8
2025-11-19 06:34:02	262055	0:18:34	1359.1
2025-11-19 06:34:03	263835	0:18:23	1371.0
2025-11-19 06:34:04	265612	0:18:14	1380.8
2025-11-19 06:34:05	267381	0:18:01	1395.7
2025-11-19 06:34:06	267887	0:18:31	1357.8
2025-11-19 06:34:07	268113	0:19:12	1309.6
2025-11-19 06:34:08	268227	0:19:58	1258.8
2025-11-19 06:34:09	268443	0:20:40	1216.0
2025-11-19 06:34:10	268841	0:21:29	1169.2
2025-11-19 06:34:11	269707	0:22:04	1138.3
2025-11-19 06:34:12	271515	0:21:49	1149.4
2025-11-19 06:34:13	273330	0:21:44	1152.4
2025-11-19 06:34:14	275521	0:20:59	1192.0
2025-11-19 06:34:15	277642	0:19:52	1256.7
2025-11-19 06:34:16	279161	0:19:13	1298.4
2025-11-19 06:34:17	280607	0:18:37	1338.7
2025-11-19 06:34:18	282549	0:17:51	1394.4
2025-11-19 06:34:19	284264	0:17:24	1429.4
2025-11-19 06:34:20	285570	0:17:25	1426.8
2025-11-19 06:34:21	287261	0:17:31	1416.0
2025-11-19 06:34:22	289044	0:17:20	1430.3
2025-11-19 06:34:23	291184	0:17:03	1450.9
2025-11-19 06:34:24	293210	0:16:48	1471.3
2025-11-19 06:34:25	294691	0:16:53	1462.9
2025-11-19 06:34:26	295630	0:17:19	1425.5
2025-11-19 06:34:27	296692	0:17:25	1415.9
2025-11-19 06:34:28	297713	0:17:50	1382.2
2025-11-19 06:34:29	299287	0:17:52	1377.9
2025-11-19 06:34:30	300818	0:18:08	1356.2
2025-11-19 06:34:31	302664	0:17:45	1383.5
2025-11-19 06:34:32	304306	0:17:42	1386.1
2025-11-19 06:34:33	306225	0:17:29	1401.1
2025-11-19 06:34:34	307553	0:17:47	1375.9
2025-11-19 06:34:35	310058	0:17:19	1411.3
2025-11-19 06:34:36	311190	0:16:57	1440.9
2025-11-19 06:34:37	313305	0:16:10	1508.2
2025-11-19 06:34:38	314982	0:15:37	1560.0
2025-11-19 06:34:39	316638	0:15:09	1605.1
2025-11-19 06:34:40	318117	0:14:51	1637.0
2025-11-19 06:34:41	320018	0:14:39	1655.6
2025-11-19 06:34:42	321716	0:14:41	1651.0
2025-11-19 06:34:43	323591	0:14:40	1650.8
2025-11-19 06:34:45	324997	0:14:42	1645.9
2025-11-19 06:34:46	326893	0:14:55	1619.5
2025-11-19 06:34:47	328761	0:14:41	1643.7
2025-11-19 06:34:48	330133	0:14:48	1627.9
2025-11-19 06:34:49	331935	0:14:43	1634.9
2025-11-19 06:34:50	333494	0:14:47	1626.6
2025-11-19 06:34:51	335790	0:14:30	1656.1
2025-11-19 06:34:52	337433	0:14:32	1650.0
2025-11-19 06:34:53	338417	0:14:46	1622.6
2025-11-19 06:34:54	338696	0:15:24	1555.5
2025-11-19 06:34:55	338844	0:15:55	1505.0
2025-11-19 06:34:56	339065	0:16:16	1472.3
2025-11-19 06:34:57	339541	0:16:29	1453.0
2025-11-19 06:34:58	340186	0:16:37	1439.8
2025-11-19 06:34:59	341742	0:16:26	1455.0
2025-11-19 06:35:00	343019	0:16:33	1442.6
2025-11-19 06:35:01	343778	0:16:48	1420.9
2025-11-19 06:35:02	344375	0:17:21	1375.8
2025-11-19 06:35:03	345619	0:17:33	1359.0
2025-11-19 06:35:04	347224	0:17:29	1362.2
2025-11-19 06:35:05	348755	0:17:31	1358.8
2025-11-19 06:35:06	350243	0:17:49	1334.0
2025-11-19 06:35:07	350365	0:18:23	1292.6
2025-11-19 06:35:08	350542	0:19:19	1229.8
2025-11-19 06:35:09	350852	0:20:08	1179.8
2025-11-19 06:35:10	352254	0:20:06	1180.7
2025-11-19 06:35:11	353720	0:20:15	1170.8
2025-11-19 06:35:12	356038	0:19:58	1185.6
2025-11-19 06:35:13	357796	0:19:49	1193.0
2025-11-19 06:35:14	360199	0:19:27	1213.6
2025-11-19 06:35:15	361952	0:19:23	1215.9
2025-11-19 06:35:16	364466	0:19:07	1231.1
2025-11-19 06:35:17	366065	0:19:00	1236.6
2025-11-19 06:35:18	367404	0:19:01	1235.0
2025-11-19 06:35:19	367938	0:19:43	1190.4
2025-11-19 06:35:20	368252	0:20:33	1142.4
2025-11-19 06:35:21	368811	0:21:27	1093.9
2025-11-19 06:35:22	370166	0:21:46	1076.4
2025-11-19 06:35:23	371597	0:21:15	1101.9
2025-11-19 06:35:24	373417	0:20:17	1153.0
2025-11-19 06:35:25	374816	0:19:33	1195.1
2025-11-19 06:35:26	376275	0:18:54	1234.0
2025-11-19 06:35:27	378240	0:18:07	1285.8
2025-11-19 06:35:28	379915	0:17:42	1314.9
2025-11-19 06:35:29	381768	0:17:32	1325.0
2025-11-19 06:35:30	383626	0:17:14	1347.2
2025-11-19 06:35:31	385887	0:16:35	1397.4
2025-11-19 06:35:32	387625	0:16:05	1438.4
2025-11-19 06:35:33	389358	0:15:56	1449.9
2025-11-19 06:35:34	390813	0:16:02	1439.9
2025-11-19 06:35:35	392228	0:16:06	1432.8
2025-11-19 06:35:36	393655	0:15:58	1443.8
2025-11-19 06:35:37	395355	0:15:22	1496.9
2025-11-19 06:35:38	396962	0:14:52	1545.8
2025-11-19 06:35:39	399218	0:14:15	1609.9
2025-11-19 06:35:40	400321	0:14:24	1592.7
2025-11-19 06:35:41	401755	0:14:23	1593.0
2025-11-19 06:35:42	403416	0:14:38	1563.6
2025-11-19 06:35:43	405487	0:14:31	1573.7
2025-11-19 06:35:44	407341	0:14:38	1558.7
2025-11-19 06:35:45	408658	0:14:50	1536.8
2025-11-19 06:35:46	410307	0:15:01	1516.2
2025-11-19 06:35:47	411768	0:15:06	1506.7
2025-11-19 06:35:48	413610	0:14:50	1531.6
2025-11-19 06:35:49	415502	0:14:22	1577.6
2025-11-19 06:35:50	416962	0:14:00	1617.8
2025-11-19 06:35:51	418335	0:13:46	1644.3
2025-11-19 06:35:52	418798	0:14:04	1609.0
2025-11-19 06:35:53	419736	0:14:14	1589.1
2025-11-19 06:35:54	420211	0:14:32	1554.8
2025-11-19 06:35:55	421358	0:14:42	1536.5
2025-11-19 06:35:56	422003	0:14:59	1505.5
2025-11-19 06:35:57	422535	0:15:24	1464.5
2025-11-19 06:35:58	422926	0:15:50	1423.8
2025-11-19 06:35:59	423326	0:16:24	1374.8
2025-11-19 06:36:00	423478	0:17:08	1315.3
2025-11-19 06:36:01	423672	0:18:03	1248.6
2025-11-19 06:36:02	423925	0:19:00	1185.8
2025-11-19 06:36:03	424187	0:19:38	1147.5
2025-11-19 06:36:04	425100	0:20:02	1123.9
2025-11-19 06:36:05	426978	0:19:39	1144.9
2025-11-19 06:36:06	428887	0:19:31	1150.6
2025-11-19 06:36:07	430594	0:19:19	1160.9
2025-11-19 06:36:08	431805	0:19:37	1142.0
2025-11-19 06:36:09	434265	0:19:19	1157.9
2025-11-19 06:36:10	435465	0:19:16	1160.3
2025-11-19 06:36:11	438106	0:18:39	1196.3
2025-11-19 06:36:12	439243	0:18:48	1185.2
2025-11-19 06:36:13	441306	0:18:44	1187.7
2025-11-19 06:36:14	443516	0:18:37	1193.2
2025-11-19 06:36:15	445559	0:18:11	1220.1
2025-11-19 06:36:16	446595	0:18:33	1195.1
2025-11-19 06:36:17	447922	0:18:25	1202.0
2025-11-19 06:36:18	448824	0:19:05	1159.8
2025-11-19 06:36:19	450103	0:19:19	1144.4
2025-11-19 06:36:20	451602	0:19:21	1140.9
2025-11-19 06:36:21	453255	0:19:01	1159.6
2025-11-19 06:36:22	454098	0:18:51	1169.3
2025-11-19 06:36:23	455498	0:18:30	1190.4
2025-11-19 06:36:24	457098	0:18:05	1215.5
2025-11-19 06:36:25	458797	0:17:40	1242.8
2025-11-19 06:36:26	460687	0:17:04	1284.6
2025-11-19 06:36:27	462893	0:16:20	1340.2
2025-11-19 06:36:28	464704	0:15:45	1387.1
2025-11-19 06:36:29	466983	0:15:02	1452.0
2025-11-19 06:36:30	469026	0:14:23	1515.0
2025-11-19 06:36:31	470673	0:13:55	1562.9
2025-11-19 06:36:32	472468	0:13:27	1615.1
2025-11-19 06:36:33	474270	0:13:02	1665.7
2025-11-19 06:36:34	475794	0:12:55	1678.0
2025-11-19 06:36:35	476890	0:13:09	1647.4
2025-11-19 06:36:36	478633	0:13:05	1652.1
2025-11-19 06:36:37	480222	0:13:07	1647.1
2025-11-19 06:36:38	482273	0:12:56	1666.4
2025-11-19 06:36:39	483174	0:13:15	1625.7
2025-11-19 06:36:40	484829	0:13:18	1618.5
2025-11-19 06:36:41	486540	0:13:23	1606.1
2025-11-19 06:36:42	489128	0:12:58	1654.9
2025-11-19 06:36:43	490608	0:13:09	1628.9
2025-11-19 06:36:44	491790	0:13:25	1594.8
2025-11-19 06:36:45	493023	0:13:34	1576.7
2025-11-19 06:36:46	494210	0:13:29	1584.5
2025-11-19 06:36:47	495657	0:13:31	1579.0
2025-11-19 06:36:48	497000	0:13:20	1598.7
2025-11-19 06:36:49	498680	0:13:14	1609.1
2025-11-19 06:36:50	500718	0:13:02	1630.6
2025-11-19 06:36:51	502876	0:12:50	1653.0
2025-11-19 06:36:52	505040	0:12:31	1691.9
2025-11-19 06:36:53	506146	0:12:37	1677.9
2025-11-19 06:36:54	507464	0:12:41	1666.5
2025-11-19 06:36:55	508605	0:12:54	1638.1
2025-11-19 06:36:56	509417	0:13:04	1616.5
2025-11-19 06:36:57	509776	0:13:34	1555.5
2025-11-19 06:36:58	510347	0:13:55	1516.7
2025-11-19 06:36:59	510935	0:14:30	1453.9
2025-11-19 06:37:00	511657	0:14:59	1406.4
2025-11-19 06:37:01	513769	0:14:47	1423.1
2025-11-19 06:37:02	515007	0:14:55	1409.4
2025-11-19 06:37:03	517030	0:14:45	1423.1
2025-11-19 06:37:04	519007	0:14:39	1429.6
2025-11-19 06:37:05	521401	0:14:09	1478.4
2025-11-19 06:37:06	523346	0:14:09	1476.0
2025-11-19 06:37:07	525608	0:13:52	1503.8
2025-11-19 06:37:08	527447	0:13:49	1505.8
2025-11-19 06:37:09	528637	0:13:48	1506.4
2025-11-19 06:37:10	530341	0:13:47	1506.0
2025-11-19 06:37:11	531488	0:13:58	1485.4
2025-11-19 06:37:12	533159	0:14:11	1459.8
2025-11-19 06:37:13	535518	0:13:51	1492.5
2025-11-19 06:37:14	537249	0:13:40	1510.4
2025-11-19 06:37:16	538198	0:13:48	1495.7
2025-11-19 06:37:17	538799	0:13:58	1477.1
2025-11-19 06:37:18	540463	0:13:55	1480.6
2025-11-19 06:37:19	542340	0:13:48	1490.8
2025-11-19 06:37:20	543496	0:13:51	1483.9
2025-11-19 06:37:21	544975	0:14:01	1464.4
2025-11-19 06:37:22	546739	0:14:09	1448.4
2025-11-19 06:37:23	548084	0:14:16	1434.3
2025-11-19 06:37:24	549863	0:14:05	1451.4
2025-11-19 06:37:25	551824	0:13:49	1476.8
2025-11-19 06:37:26	553678	0:13:36	1498.4
2025-11-19 06:37:27	555914	0:13:07	1551.2
2025-11-19 06:37:28	558004	0:12:37	1608.9
2025-11-19 06:37:29	559848	0:12:17	1649.5
2025-11-19 06:37:30	561428	0:12:01	1685.6
2025-11-19 06:37:31	563146	0:11:50	1707.5
2025-11-19 06:37:32	564608	0:11:54	1697.3
2025-11-19 06:37:33	566283	0:11:47	1710.7
2025-11-19 06:37:34	568341	0:11:47	1707.6
2025-11-19 06:37:35	569823	0:11:54	1688.4
2025-11-19 06:37:36	571526	0:12:04	1662.7
2025-11-19 06:37:37	573326	0:12:06	1656.1
2025-11-19 06:37:38	574858	0:12:17	1630.2
2025-11-19 06:37:39	576570	0:12:15	1631.9
2025-11-19 06:37:40	578532	0:12:04	1655.2
2025-11-19 06:37:41	580364	0:11:59	1663.9
2025-11-19 06:37:42	582644	0:11:47	1687.5
2025-11-19 06:37:43	584243	0:11:46	1687.3
2025-11-19 06:37:44	586338	0:11:45	1687.8
2025-11-19 06:37:45	587792	0:11:51	1672.0
2025-11-19 06:37:46	589825	0:11:31	1717.6
2025-11-19 06:37:47	591195	0:11:23	1734.9
2025-11-19 06:37:48	593107	0:11:18	1745.9
2025-11-19 06:37:49	594850	0:11:17	1744.5
2025-11-19 06:37:50	597022	0:11:01	1783.2
2025-11-19 06:37:51	599003	0:10:59	1785.6
2025-11-19 06:37:52	600212	0:11:04	1771.0
2025-11-19 06:37:53	601138	0:11:09	1757.3
2025-11-19 06:37:54	602605	0:11:13	1742.8
2025-11-19 06:37:55	603719	0:11:22	1718.1
2025-11-19 06:37:56	605493	0:11:28	1700.9
2025-11-19 06:37:57	607006	0:11:33	1685.7
2025-11-19 06:37:58	607812	0:11:52	1641.0
2025-11-19 06:37:59	609153	0:11:54	1635.3
2025-11-19 06:38:00	611005	0:11:52	1636.8
2025-11-19 06:38:01	613074	0:11:41	1659.7
2025-11-19 06:38:02	614842	0:11:42	1655.1
2025-11-19 06:38:03	616885	0:11:35	1667.3
2025-11-19 06:38:04	618756	0:11:38	1658.1
2025-11-19 06:38:05	620176	0:11:33	1667.2
2025-11-19 06:38:06	621678	0:11:38	1654.8
2025-11-19 06:38:07	624098	0:11:21	1690.8
2025-11-19 06:38:08	625486	0:11:27	1675.0
2025-11-19 06:38:09	627593	0:11:20	1690.1
2025-11-19 06:38:10	629156	0:11:27	1670.5
2025-11-19 06:38:11	631198	0:11:21	1681.6
2025-11-19 06:38:12	632839	0:11:32	1651.1
2025-11-19 06:38:13	634548	0:11:27	1660.9
2025-11-19 06:38:14	636396	0:11:27	1659.3
2025-11-19 06:38:15	638438	0:11:23	1665.1
2025-11-19 06:38:16	640507	0:11:11	1692.0
2025-11-19 06:38:17	642478	0:11:11	1690.4
2025-11-19 06:38:18	644191	0:11:09	1692.8
2025-11-19 06:38:19	645946	0:11:12	1680.6
2025-11-19 06:38:20	648001	0:11:10	1682.5
2025-11-19 06:38:21	649983	0:11:07	1687.3
2025-11-19 06:38:22	652152	0:10:49	1730.8
2025-11-19 06:38:23	654126	0:10:35	1765.6
2025-11-19 06:38:24	656367	0:10:26	1788.1
2025-11-19 06:38:25	658104	0:10:20	1803.7
2025-11-19 06:38:26	659350	0:10:21	1797.5
2025-11-19 06:38:27	660572	0:10:24	1788.9
2025-11-19 06:38:28	662648	0:10:10	1825.9
2025-11-19 06:38:29	664394	0:10:09	1825.3
2025-11-19 06:38:30	666352	0:10:05	1834.7
2025-11-19 06:38:31	667838	0:10:09	1820.1
2025-11-19 06:38:32	669949	0:10:08	1820.6
2025-11-19 06:38:33	671741	0:10:07	1818.0
2025-11-19 06:38:34	673760	0:10:01	1833.9
2025-11-19 06:38:35	675805	0:09:54	1851.2
2025-11-19 06:38:36	677887	0:09:50	1859.9
2025-11-19 06:38:37	679931	0:09:50	1856.1
2025-11-19 06:38:38	681722	0:09:47	1863.2
2025-11-19 06:38:39	684065	0:09:41	1878.0
2025-11-19 06:38:40	685891	0:09:42	1874.1
2025-11-19 06:38:41	688129	0:09:37	1885.2
2025-11-19 06:38:42	689488	0:09:37	1882.3
2025-11-19 06:38:43	691206	0:09:38	1876.6
2025-11-19 06:38:44	692436	0:09:47	1847.2
2025-11-19 06:38:45	694384	0:09:43	1854.5
2025-11-19 06:38:46	694918	0:10:02	1795.1
2025-11-19 06:38:47	695200	0:10:15	1757.6
2025-11-19 06:38:48	695643	0:10:35	1702.3
2025-11-19 06:38:49	696557	0:10:43	1677.9
2025-11-19 06:38:50	697962	0:10:51	1655.1
2025-11-19 06:38:51	699314	0:10:56	1641.2
2025-11-19 06:38:52	701304	0:10:58	1632.8
2025-11-19 06:38:53	702707	0:11:04	1615.5
2025-11-19 06:38:54	704171	0:11:19	1579.8
2025-11-19 06:38:55	705249	0:11:23	1567.5
2025-11-19 06:38:56	707046	0:11:09	1597.1
2025-11-19 06:38:57	708459	0:11:09	1596.0
2025-11-19 06:38:58	710319	0:11:18	1572.5
2025-11-19 06:38:59	711373	0:11:27	1549.0
2025-11-19 06:39:00	711889	0:11:47	1505.6
2025-11-19 06:39:01	713189	0:11:54	1489.4
2025-11-19 06:39:02	714829	0:11:59	1476.2
2025-11-19 06:39:03	716671	0:11:56	1479.6
2025-11-19 06:39:04	718554	0:11:51	1487.7
2025-11-19 06:39:05	720065	0:12:10	1446.9
2025-11-19 06:39:06	722178	0:11:57	1470.9
2025-11-19 06:39:07	723206	0:12:20	1422.9
2025-11-19 06:39:08	724927	0:12:19	1423.0
2025-11-19 06:39:09	726201	0:12:40	1381.7
2025-11-19 06:39:10	728494	0:12:36	1385.0
2025-11-19 06:39:11	730046	0:12:43	1371.4
2025-11-19 06:39:12	732580	0:12:18	1413.4
2025-11-19 06:39:13	734539	0:12:04	1438.0
2025-11-19 06:39:14	735938	0:12:13	1418.4
2025-11-19 06:39:15	736885	0:12:19	1407.2
2025-11-19 06:39:16	738084	0:12:00	1441.8
2025-11-19 06:39:17	739561	0:11:43	1474.7
2025-11-19 06:39:18	741444	0:11:17	1527.3
2025-11-19 06:39:19	742824	0:11:15	1531.3
2025-11-19 06:39:20	745241	0:10:59	1564.2
2025-11-19 06:39:21	746759	0:11:02	1554.2
2025-11-19 06:39:22	748618	0:10:56	1567.3
2025-11-19 06:39:23	750504	0:10:50	1577.3
2025-11-19 06:39:24	752393	0:10:41	1596.1
2025-11-19 06:39:25	753992	0:10:34	1611.7
2025-11-19 06:39:26	755956	0:10:31	1617.5
2025-11-19 06:39:27	757742	0:10:24	1630.7
2025-11-19 06:39:28	759800	0:10:23	1632.0
2025-11-19 06:39:29	762060	0:10:02	1684.2
2025-11-19 06:39:30	764267	0:09:43	1735.5
2025-11-19 06:39:31	766075	0:09:37	1751.7
2025-11-19 06:39:32	767896	0:09:39	1741.1
2025-11-19 06:39:33	769952	0:09:31	1761.7
2025-11-19 06:39:34	771834	0:09:29	1763.4
2025-11-19 06:39:36	773759	0:09:26	1769.7
2025-11-19 06:39:37	774082	0:09:43	1718.2
2025-11-19 06:39:38	774519	0:09:53	1688.8
2025-11-19 06:39:39	774897	0:10:03	1659.5
2025-11-19 06:39:40	775258	0:10:22	1609.9
2025-11-19 06:39:41	775760	0:10:41	1560.6
2025-11-19 06:39:42	776372	0:11:01	1511.6
2025-11-19 06:39:43	776819	0:11:29	1451.1
2025-11-19 06:39:44	777307	0:11:55	1396.3
2025-11-19 06:39:45	778512	0:11:46	1412.8
2025-11-19 06:39:46	779954	0:11:37	1429.6
2025-11-19 06:39:47	781315	0:11:35	1432.0
2025-11-19 06:39:48	783335	0:11:23	1452.7
2025-11-19 06:39:49	785208	0:11:24	1448.4
2025-11-19 06:39:50	787387	0:11:16	1462.9
2025-11-19 06:39:51	788905	0:11:26	1438.4
2025-11-19 06:39:52	791492	0:11:10	1468.7
2025-11-19 06:39:53	793041	0:11:14	1458.2
2025-11-19 06:39:54	795088	0:11:08	1467.8
2025-11-19 06:39:55	796944	0:11:05	1473.6
2025-11-19 06:39:56	798868	0:11:04	1471.4
2025-11-19 06:39:57	800677	0:11:04	1469.3
2025-11-19 06:39:58	802247	0:11:06	1463.1
2025-11-19 06:39:59	803665	0:11:14	1442.7
2025-11-19 06:40:00	804661	0:11:36	1395.7
2025-11-19 06:40:01	806381	0:11:39	1387.3
2025-11-19 06:40:02	806772	0:12:02	1343.4
2025-11-19 06:40:03	807032	0:12:27	1296.8
2025-11-19 06:40:04	807768	0:12:59	1243.6
2025-11-19 06:40:05	808817	0:13:10	1225.4
2025-11-19 06:40:06	810567	0:13:09	1224.5
2025-11-19 06:40:07	812335	0:12:36	1275.1
2025-11-19 06:40:08	814098	0:12:09	1319.4
2025-11-19 06:40:09	815693	0:11:46	1360.3
2025-11-19 06:40:10	817448	0:11:23	1404.6
2025-11-19 06:40:11	819354	0:11:01	1447.3
2025-11-19 06:40:12	820601	0:10:49	1471.6
2025-11-19 06:40:13	822431	0:10:29	1517.3
2025-11-19 06:40:14	823211	0:10:25	1525.4
2025-11-19 06:40:15	823461	0:10:40	1488.3
2025-11-19 06:40:16	823875	0:10:57	1450.3
2025-11-19 06:40:17	824420	0:11:05	1430.2
2025-11-19 06:40:18	825809	0:11:18	1401.4
2025-11-19 06:40:19	827507	0:11:17	1400.9
2025-11-19 06:40:20	829288	0:11:20	1392.9
2025-11-19 06:40:21	830665	0:11:29	1371.4
2025-11-19 06:40:22	831736	0:11:45	1339.8
2025-11-19 06:40:23	833630	0:11:40	1345.7
2025-11-19 06:40:24	835310	0:11:49	1326.6
2025-11-19 06:40:25	836218	0:12:11	1285.6
2025-11-19 06:40:26	837142	0:12:26	1258.6
2025-11-19 06:40:27	838585	0:12:28	1253.3
2025-11-19 06:40:28	840184	0:12:26	1254.5
2025-11-19 06:40:29	841624	0:12:25	1253.8
2025-11-19 06:40:30	843795	0:12:01	1292.4
2025-11-19 06:40:31	846038	0:11:46	1317.5
2025-11-19 06:40:32	847800	0:11:20	1364.8
2025-11-19 06:40:33	848864	0:11:07	1389.6
2025-11-19 06:40:34	849813	0:11:05	1392.2
2025-11-19 06:40:35	850160	0:11:20	1361.1
2025-11-19 06:40:36	850754	0:11:40	1322.9
2025-11-19 06:40:37	851333	0:12:03	1278.5
2025-11-19 06:40:38	851897	0:12:22	1246.4
2025-11-19 06:40:39	853062	0:12:33	1225.5
2025-11-19 06:40:40	854640	0:12:34	1223.0
2025-11-19 06:40:41	855768	0:12:47	1200.8
2025-11-19 06:40:42	856132	0:13:06	1171.2
2025-11-19 06:40:43	857860	0:12:59	1178.7
2025-11-19 06:40:44	859863	0:12:30	1222.4
2025-11-19 06:40:45	861903	0:11:54	1279.8
2025-11-19 06:40:46	863510	0:11:32	1319.2
2025-11-19 06:40:47	865937	0:11:02	1376.0
2025-11-19 06:40:48	867380	0:11:05	1366.7
2025-11-19 06:40:49	869294	0:10:51	1392.4
2025-11-19 06:40:50	870884	0:11:00	1371.9
2025-11-19 06:40:51	873024	0:10:40	1411.2
2025-11-19 06:40:52	874761	0:10:37	1414.2
2025-11-19 06:40:53	877150	0:10:24	1440.0
2025-11-19 06:40:54	879307	0:10:16	1455.7
2025-11-19 06:40:55	881364	0:09:56	1500.2
2025-11-19 06:40:56	883101	0:09:46	1523.2
2025-11-19 06:40:57	884888	0:09:39	1538.5
2025-11-19 06:40:58	887028	0:09:32	1553.8
2025-11-19 06:40:59	888578	0:09:29	1558.8
2025-11-19 06:41:00	890357	0:09:36	1537.2
2025-11-19 06:41:01	890739	0:09:57	1482.1
2025-11-19 06:41:02	891133	0:10:15	1438.4
2025-11-19 06:41:03	891412	0:10:26	1413.5
2025-11-19 06:41:04	891776	0:10:32	1399.1
2025-11-19 06:41:05	892078	0:10:34	1395.0
2025-11-19 06:41:06	892320	0:10:39	1382.7
2025-11-19 06:41:07	892546	0:10:44	1371.8
2025-11-19 06:41:08	892761	0:10:50	1359.1
2025-11-19 06:41:09	892980	0:11:10	1317.8
2025-11-19 06:41:10	893452	0:11:27	1285.7
2025-11-19 06:41:11	893814	0:11:38	1265.1
2025-11-19 06:41:12	894489	0:11:32	1273.4
2025-11-19 06:41:13	895081	0:11:55	1232.0
2025-11-19 06:41:14	896436	0:12:10	1206.1
2025-11-19 06:41:15	897859	0:12:22	1183.1
2025-11-19 06:41:16	899666	0:12:21	1182.9
2025-11-19 06:41:17	901263	0:12:27	1171.5
2025-11-19 06:41:18	902686	0:12:29	1166.7
2025-11-19 06:41:19	904191	0:12:36	1153.5
2025-11-19 06:41:20	906181	0:12:31	1158.9
2025-11-19 06:41:21	907909	0:12:35	1150.2
2025-11-19 06:41:22	909889	0:12:34	1149.5
2025-11-19 06:41:23	911702	0:12:40	1138.4
2025-11-19 06:41:24	912949	0:13:05	1099.3
2025-11-19 06:41:25	914517	0:13:08	1093.2
2025-11-19 06:41:26	915633	0:13:31	1061.3
2025-11-19 06:41:27	916736	0:13:42	1046.2
2025-11-19 06:41:28	918195	0:13:59	1022.6
2025-11-19 06:41:29	919709	0:13:55	1025.9
2025-11-19 06:41:30	921431	0:13:51	1029.4
2025-11-19 06:41:31	923164	0:13:15	1073.5
2025-11-19 06:41:32	924772	0:12:46	1112.4
2025-11-19 06:41:33	926508	0:12:12	1160.8
2025-11-19 06:41:34	927036	0:12:07	1167.7
2025-11-19 06:41:35	928068	0:11:49	1196.6
2025-11-19 06:41:36	929472	0:11:24	1237.1
2025-11-19 06:41:37	931167	0:10:56	1287.5
2025-11-19 06:41:38	932820	0:10:32	1334.5
2025-11-19 06:41:39	934407	0:10:12	1375.8
2025-11-19 06:41:40	936121	0:09:51	1422.5
2025-11-19 06:41:41	938130	0:09:29	1472.2
2025-11-19 06:41:42	939802	0:09:16	1504.1
2025-11-19 06:41:43	942056	0:08:56	1557.2
2025-11-19 06:41:44	943241	0:08:57	1551.9
2025-11-19 06:41:45	943956	0:09:04	1530.7
2025-11-19 06:41:47	944838	0:09:16	1494.0
2025-11-19 06:41:48	946560	0:09:10	1509.1
2025-11-19 06:41:49	948377	0:09:08	1509.4
2025-11-19 06:41:50	950295	0:09:00	1528.5
2025-11-19 06:41:51	951223	0:09:08	1506.4
2025-11-19 06:41:52	952485	0:09:22	1465.9
2025-11-19 06:41:53	954345	0:09:18	1474.0
2025-11-19 06:41:54	955752	0:09:24	1453.5
2025-11-19 06:41:55	957569	0:09:14	1478.5
2025-11-19 06:41:56	959081	0:09:14	1473.7
2025-11-19 06:41:57	960424	0:09:08	1487.6
2025-11-19 06:41:58	961996	0:09:04	1496.8
2025-11-19 06:41:59	963693	0:09:01	1502.5
2025-11-19 06:42:00	965112	0:09:04	1492.0
2025-11-19 06:42:01	966897	0:08:57	1507.7
2025-11-19 06:42:02	968945	0:08:51	1519.9
2025-11-19 06:42:03	970656	0:08:52	1513.6
2025-11-19 06:42:04	972896	0:08:39	1548.3
2025-11-19 06:42:05	974007	0:08:31	1568.2
2025-11-19 06:42:06	975992	0:08:22	1593.5
2025-11-19 06:42:07	977493	0:08:20	1596.3
2025-11-19 06:42:08	980016	0:08:13	1615.7
2025-11-19 06:42:09	981597	0:08:09	1623.8
2025-11-19 06:42:10	983983	0:08:01	1647.6
2025-11-19 06:42:11	985727	0:07:59	1648.6
2025-11-19 06:42:12	988033	0:07:57	1650.6
2025-11-19 06:42:13	989760	0:07:53	1662.4
2025-11-19 06:42:14	991754	0:07:54	1655.4
2025-11-19 06:42:15	993528	0:07:46	1678.4
2025-11-19 06:42:16	995188	0:07:37	1709.2
2025-11-19 06:42:17	997209	0:07:30	1731.1
2025-11-19 06:42:18	999020	0:07:29	1731.3
2025-11-19 06:42:19	1001465	0:07:21	1755.0
2025-11-19 06:42:20	1003215	0:07:19	1760.0
2025-11-19 06:42:21	1005612	0:07:07	1803.9
2025-11-19 06:42:22	1007551	0:07:04	1811.5
2025-11-19 06:42:23	1009579	0:06:57	1836.6
2025-11-19 06:42:24	1011110	0:06:57	1832.4
2025-11-19 06:42:25	1012426	0:06:58	1826.3
2025-11-19 06:42:26	1014081	0:06:56	1830.2
2025-11-19 06:42:27	1014444	0:07:05	1791.8
2025-11-19 06:42:28	1014706	0:07:15	1750.8
2025-11-19 06:42:29	1015459	0:07:21	1724.9
2025-11-19 06:42:30	1017017	0:07:24	1710.5
2025-11-19 06:42:31	1018662	0:07:24	1705.7
2025-11-19 06:42:32	1020115	0:07:30	1679.4
2025-11-19 06:42:33	1022016	0:07:26	1689.1
2025-11-19 06:42:34	1024129	0:07:22	1701.2
2025-11-19 06:42:35	1025640	0:07:23	1692.7
2025-11-19 06:42:36	1027289	0:07:24	1687.3
2025-11-19 06:42:37	1029076	0:07:22	1690.0
2025-11-19 06:42:38	1030375	0:07:28	1666.1
2025-11-19 06:42:39	1032107	0:07:30	1651.8
2025-11-19 06:42:40	1032736	0:07:41	1610.9
2025-11-19 06:42:41	1034670	0:07:43	1601.7
2025-11-19 06:42:42	1036222	0:07:45	1589.6
2025-11-19 06:42:43	1037676	0:07:51	1567.8
2025-11-19 06:42:44	1039370	0:07:49	1572.0
2025-11-19 06:42:45	1040268	0:07:57	1541.8
2025-11-19 06:42:46	1041229	0:08:04	1516.9
2025-11-19 06:42:47	1042236	0:08:16	1479.6
2025-11-19 06:42:48	1043728	0:08:22	1458.9
2025-11-19 06:42:49	1045203	0:08:28	1438.2
2025-11-19 06:42:50	1046601	0:08:38	1409.7
2025-11-19 06:42:51	1047237	0:08:53	1368.0
2025-11-19 06:42:52	1048553	0:09:05	1335.9
2025-11-19 06:42:53	1049857	0:09:07	1328.2
2025-11-19 06:42:54	1051621	0:09:01	1338.7
2025-11-19 06:42:55	1053339	0:08:56	1349.0
2025-11-19 06:42:56	1054111	0:09:01	1333.9
2025-11-19 06:42:57	1054291	0:09:03	1330.7
2025-11-19 06:42:58	1054585	0:09:03	1329.7
2025-11-19 06:42:59	1055013	0:09:16	1297.8
2025-11-19 06:43:00	1055319	0:09:32	1259.9
2025-11-19 06:43:01	1055648	0:09:48	1226.0
2025-11-19 06:43:02	1055947	0:10:14	1172.4
2025-11-19 06:43:03	1056252	0:10:48	1112.1
2025-11-19 06:43:04	1057785	0:10:45	1113.2
2025-11-19 06:43:05	1059516	0:10:48	1106.7
2025-11-19 06:43:06	1061015	0:10:45	1108.7
2025-11-19 06:43:07	1062701	0:10:43	1109.2
2025-11-19 06:43:08	1064955	0:10:33	1123.5
2025-11-19 06:43:09	1066912	0:10:13	1157.5
2025-11-19 06:43:10	1068803	0:10:01	1178.0
2025-11-19 06:43:11	1070268	0:10:03	1170.2
2025-11-19 06:43:12	1071560	0:10:04	1167.2
2025-11-19 06:43:13	1072546	0:10:19	1137.8
2025-11-19 06:43:14	1074088	0:10:12	1146.7
2025-11-19 06:43:15	1076062	0:09:52	1183.3
2025-11-19 06:43:16	1077459	0:09:44	1197.4
2025-11-19 06:43:17	1079050	0:09:37	1208.0
2025-11-19 06:43:18	1080298	0:09:38	1204.8
2025-11-19 06:43:19	1081049	0:09:59	1160.1
2025-11-19 06:43:20	1082060	0:09:53	1171.7
2025-11-19 06:43:21	1083755	0:09:44	1185.7
2025-11-19 06:43:22	1085333	0:09:30	1211.6
2025-11-19 06:43:23	1086945	0:09:31	1206.5
2025-11-19 06:43:24	1088378	0:09:32	1203.6
2025-11-19 06:43:25	1090278	0:09:28	1207.6
2025-11-19 06:43:26	1091946	0:09:04	1257.4
2025-11-19 06:43:27	1093525	0:08:44	1303.4
2025-11-19 06:43:28	1095032	0:08:27	1344.0
2025-11-19 06:43:29	1096467	0:08:14	1376.4
2025-11-19 06:43:30	1097859	0:07:59	1415.7
2025-11-19 06:43:31	1099939	0:07:40	1471.1
2025-11-19 06:43:32	1101881	0:07:21	1528.7
2025-11-19 06:43:33	1103940	0:07:05	1580.3
2025-11-19 06:43:34	1105749	0:07:05	1578.0
2025-11-19 06:43:35	1107794	0:06:58	1597.9
2025-11-19 06:43:36	1109946	0:06:52	1616.3
2025-11-19 06:43:37	1111857	0:06:48	1628.0
2025-11-19 06:43:38	1114105	0:06:44	1636.7
2025-11-19 06:43:39	1115693	0:06:47	1623.3
2025-11-19 06:43:40	1118096	0:06:42	1638.1
2025-11-19 06:43:41	1119805	0:06:43	1628.5
2025-11-19 06:43:42	1121516	0:06:34	1660.5
2025-11-19 06:43:44	1123173	0:06:27	1686.5
2025-11-19 06:43:45	1124796	0:06:27	1683.5
2025-11-19 06:43:46	1126181	0:06:31	1663.1
2025-11-19 06:43:47	1126880	0:06:37	1636.4
2025-11-19 06:43:48	1128180	0:06:37	1631.0
2025-11-19 06:43:49	1129716	0:06:33	1645.5
2025-11-19 06:43:50	1131160	0:06:27	1665.8
2025-11-19 06:43:51	1133200	0:06:17	1704.1
2025-11-19 06:43:52	1135264	0:06:13	1718.4
2025-11-19 06:43:53	1137085	0:06:11	1720.6
2025-11-19 06:43:54	1138894	0:06:08	1731.4
2025-11-19 06:43:55	1140831	0:06:04	1744.3
2025-11-19 06:43:56	1142269	0:06:09	1719.5
2025-11-19 06:43:57	1144061	0:06:06	1728.4
2025-11-19 06:43:58	1145499	0:06:05	1726.7
2025-11-19 06:43:59	1147068	0:06:05	1723.7
2025-11-19 06:44:00	1148437	0:06:02	1733.4
2025-11-19 06:44:01	1150209	0:06:01	1731.5
2025-11-19 06:44:02	1151794	0:06:03	1721.9
2025-11-19 06:44:03	1154058	0:06:00	1729.5
2025-11-19 06:44:04	1155984	0:05:59	1728.3
2025-11-19 06:44:05	1158153	0:05:57	1730.7
2025-11-19 06:44:06	1159410	0:06:00	1711.2
2025-11-19 06:44:07	1160744	0:06:08	1671.3
2025-11-19 06:44:08	1162161	0:06:08	1666.8
2025-11-19 06:44:09	1163985	0:06:10	1654.9
2025-11-19 06:44:10	1165370	0:06:13	1638.9
2025-11-19 06:44:11	1166050	0:06:25	1584.9
2025-11-19 06:44:12	1166327	0:06:37	1536.6
2025-11-19 06:44:13	1167888	0:06:39	1523.8
2025-11-19 06:44:14	1169383	0:06:36	1531.5
2025-11-19 06:44:15	1171457	0:06:31	1547.9
2025-11-19 06:44:16	1172927	0:06:29	1551.6
2025-11-19 06:44:17	1174409	0:06:22	1574.8
2025-11-19 06:44:18	1175548	0:06:24	1562.6
2025-11-19 06:44:19	1177297	0:06:24	1561.3
2025-11-19 06:44:20	1178541	0:06:24	1554.8
2025-11-19 06:44:21	1180595	0:06:24	1549.8
2025-11-19 06:44:22	1181306	0:06:31	1520.8
2025-11-19 06:44:23	1181741	0:06:45	1468.4
2025-11-19 06:44:24	1182616	0:06:53	1436.3
2025-11-19 06:44:25	1183564	0:07:01	1408.2
2025-11-19 06:44:26	1185504	0:06:55	1425.0
2025-11-19 06:44:27	1186976	0:06:59	1406.2
2025-11-19 06:44:28	1189071	0:06:47	1440.9
2025-11-19 06:44:29	1190253	0:06:52	1422.8
2025-11-19 06:44:30	1191016	0:06:57	1404.0
2025-11-19 06:44:31	1191998	0:07:06	1369.9
2025-11-19 06:44:32	1193739	0:07:05	1370.6
2025-11-19 06:44:33	1195279	0:07:10	1352.1
2025-11-19 06:44:34	1197130	0:07:13	1337.7
2025-11-19 06:44:35	1198976	0:07:07	1351.1
2025-11-19 06:44:36	1200780	0:07:00	1369.1
2025-11-19 06:44:37	1202721	0:06:53	1388.8
2025-11-19 06:44:38	1204836	0:06:47	1402.4
2025-11-19 06:44:39	1206511	0:06:45	1408.1
2025-11-19 06:44:40	1208678	0:06:36	1434.9
2025-11-19 06:44:41	1210546	0:06:23	1478.5
2025-11-19 06:44:42	1211884	0:06:13	1510.8
2025-11-19 06:44:43	1213161	0:06:19	1484.5
2025-11-19 06:44:44	1215146	0:06:11	1510.8
2025-11-19 06:44:45	1216632	0:06:13	1498.5
2025-11-19 06:44:46	1218629	0:06:11	1501.4
2025-11-19 06:44:47	1219277	0:06:15	1485.2
2025-11-19 06:44:48	1220683	0:06:12	1494.7
2025-11-19 06:44:49	1222384	0:06:11	1493.7
2025-11-19 06:44:50	1224317	0:06:07	1505.1
2025-11-19 06:44:51	1225729	0:06:09	1493.5
2025-11-19 06:44:52	1227607	0:05:57	1535.3
2025-11-19 06:44:53	1229563	0:05:44	1590.4
2025-11-19 06:44:54	1231401	0:05:36	1618.7
2025-11-19 06:44:55	1233276	0:05:31	1641.3
2025-11-19 06:44:56	1234493	0:05:33	1627.1
2025-11-19 06:44:57	1234828	0:05:45	1568.9
2025-11-19 06:44:58	1235437	0:05:53	1533.2
2025-11-19 06:44:59	1236603	0:05:50	1539.4
2025-11-19 06:45:00	1238250	0:05:42	1570.6
2025-11-19 06:45:01	1240192	0:05:35	1598.6
2025-11-19 06:45:02	1242212	0:05:32	1609.0
2025-11-19 06:45:03	1243959	0:05:28	1624.5
2025-11-19 06:45:04	1246221	0:05:26	1623.9
2025-11-19 06:45:05	1248300	0:05:21	1641.9
2025-11-19 06:45:06	1250218	0:05:21	1639.9
2025-11-19 06:45:07	1251404	0:05:26	1609.4
2025-11-19 06:45:08	1253747	0:05:21	1627.1
2025-11-19 06:45:09	1255464	0:05:23	1614.2
2025-11-19 06:45:10	1257808	0:05:18	1629.8
2025-11-19 06:45:11	1259380	0:05:19	1617.3
2025-11-19 06:45:12	1260950	0:05:15	1636.8
2025-11-19 06:45:13	1262497	0:05:14	1635.2
2025-11-19 06:45:14	1264040	0:05:13	1633.8
2025-11-19 06:45:15	1264916	0:05:19	1600.4
2025-11-19 06:45:16	1266851	0:05:15	1617.5
2025-11-19 06:45:17	1268439	0:05:10	1638.5
2025-11-19 06:45:18	1270397	0:05:06	1653.5
2025-11-19 06:45:19	1271547	0:05:10	1626.1
2025-11-19 06:45:20	1273673	0:05:07	1637.7
2025-11-19 06:45:21	1274836	0:05:09	1621.6
2025-11-19 06:45:22	1277024	0:05:03	1646.9
2025-11-19 06:45:23	1278726	0:05:07	1622.1
2025-11-19 06:45:24	1281245	0:04:58	1658.5
2025-11-19 06:45:25	1282839	0:04:58	1655.0
2025-11-19 06:45:26	1285036	0:04:50	1690.4
2025-11-19 06:45:27	1286858	0:04:41	1740.7
2025-11-19 06:45:28	1288343	0:04:36	1769.9
2025-11-19 06:45:29	1290188	0:04:33	1781.1
2025-11-19 06:45:30	1291610	0:04:35	1762.8
2025-11-19 06:45:31	1293679	0:04:32	1775.8
2025-11-19 06:45:32	1295337	0:04:35	1747.7
2025-11-19 06:45:33	1297548	0:04:30	1772.2
2025-11-19 06:45:34	1299365	0:04:32	1753.5
2025-11-19 06:45:35	1301496	0:04:28	1767.7
2025-11-19 06:45:36	1302704	0:04:31	1746.0
2025-11-19 06:45:37	1304111	0:04:32	1737.7
2025-11-19 06:45:38	1305608	0:04:36	1707.5
2025-11-19 06:45:39	1306484	0:04:40	1679.3
2025-11-19 06:45:40	1307145	0:04:49	1622.8
2025-11-19 06:45:41	1307366	0:04:55	1590.8
2025-11-19 06:45:42	1307584	0:05:06	1532.8
2025-11-19 06:45:44	1307956	0:05:13	1493.7
2025-11-19 06:45:45	1308804	0:05:17	1474.4
2025-11-19 06:45:46	1309660	0:05:17	1469.7
2025-11-19 06:45:47	1310710	0:05:22	1444.7
2025-11-19 06:45:48	1312376	0:05:20	1448.9
2025-11-19 06:45:49	1313802	0:05:23	1432.5
2025-11-19 06:45:50	1315645	0:05:20	1440.9
2025-11-19 06:45:51	1316771	0:05:24	1418.1
2025-11-19 06:45:52	1318065	0:05:21	1425.5
2025-11-19 06:45:53	1319916	0:05:22	1417.3
2025-11-19 06:45:54	1321700	0:05:25	1399.5
2025-11-19 06:45:55	1322501	0:05:33	1362.0
2025-11-19 06:45:56	1322720	0:05:49	1298.8
2025-11-19 06:45:57	1323053	0:06:01	1254.9
2025-11-19 06:45:58	1323638	0:06:15	1206.4
2025-11-19 06:45:59	1324023	0:06:26	1171.9
2025-11-19 06:46:00	1325388	0:06:31	1152.8
2025-11-19 06:46:01	1326024	0:06:41	1122.5
2025-11-19 06:46:02	1326754	0:06:57	1078.7
2025-11-19 06:46:03	1327050	0:07:08	1048.6
2025-11-19 06:46:04	1327277	0:07:42	972.2
2025-11-19 06:46:05	1327712	0:08:06	923.0
2025-11-19 06:46:06	1328668	0:08:20	895.8
2025-11-19 06:46:07	1329926	0:08:17	897.7
2025-11-19 06:46:08	1331620	0:08:10	908.1
2025-11-19 06:46:09	1333833	0:07:53	935.9
2025-11-19 06:46:10	1335362	0:07:43	952.0
2025-11-19 06:46:11	1337188	0:07:21	996.4
2025-11-19 06:46:12	1338697	0:07:01	1039.4
2025-11-19 06:46:13	1341211	0:06:30	1116.1
2025-11-19 06:46:14	1342729	0:06:16	1153.8
2025-11-19 06:46:15	1343831	0:06:12	1162.5
2025-11-19 06:46:16	1345575	0:06:02	1189.0
2025-11-19 06:46:17	1347593	0:05:52	1218.4
2025-11-19 06:46:18	1349633	0:05:46	1233.8
2025-11-19 06:46:19	1351692	0:05:38	1256.6
2025-11-19 06:46:20	1353492	0:05:38	1252.6
2025-11-19 06:46:21	1355088	0:05:33	1265.6
2025-11-19 06:46:22	1356132	0:05:34	1256.3
2025-11-19 06:46:23	1358209	0:05:30	1268.4
2025-11-19 06:46:24	1359863	0:05:31	1259.4
2025-11-19 06:46:25	1361849	0:05:17	1306.4
2025-11-19 06:46:26	1363134	0:05:08	1341.3
2025-11-19 06:46:27	1364942	0:04:55	1392.1
2025-11-19 06:46:28	1366040	0:04:50	1412.4
2025-11-19 06:46:29	1368121	0:04:37	1470.7
2025-11-19 06:46:30	1369452	0:04:37	1467.3
2025-11-19 06:46:31	1370248	0:04:35	1477.2
2025-11-19 06:46:32	1371319	0:04:32	1489.6
2025-11-19 06:46:33	1372918	0:04:23	1534.9
2025-11-19 06:46:34	1375089	0:04:10	1603.7
2025-11-19 06:46:35	1376984	0:04:02	1645.8
2025-11-19 06:46:36	1379107	0:03:56	1680.6
2025-11-19 06:46:37	1380046	0:03:58	1666.7
2025-11-19 06:46:38	1381368	0:04:01	1637.9
2025-11-19 06:46:39	1383074	0:04:00	1639.6
2025-11-19 06:46:40	1385388	0:03:55	1662.4
2025-11-19 06:46:41	1386936	0:03:55	1658.9
2025-11-19 06:46:42	1389169	0:03:54	1655.3
2025-11-19 06:46:43	1391374	0:03:51	1667.2
2025-11-19 06:46:44	1393306	0:03:48	1679.1
2025-11-19 06:46:45	1395230	0:03:44	1697.3
2025-11-19 06:46:46	1395981	0:03:50	1651.1
2025-11-19 06:46:47	1396463	0:03:57	1601.4
2025-11-19 06:46:48	1397076	0:04:03	1560.9
2025-11-19 06:46:49	1397643	0:04:11	1507.7
2025-11-19 06:46:50	1398709	0:04:16	1473.3
2025-11-19 06:46:51	1399929	0:04:13	1486.4
2025-11-19 06:46:52	1401266	0:04:14	1474.5
2025-11-19 06:46:53	1402506	0:04:16	1457.9
2025-11-19 06:46:54	1404452	0:04:13	1467.4
2025-11-19 06:46:55	1405696	0:04:15	1450.2
2025-11-19 06:46:56	1407109	0:04:16	1439.6
2025-11-19 06:46:57	1408715	0:04:13	1452.5
2025-11-19 06:46:58	1410239	0:04:13	1444.1
2025-11-19 06:46:59	1411850	0:04:14	1435.7
2025-11-19 06:47:00	1413311	0:04:09	1454.5
2025-11-19 06:47:01	1415050	0:04:04	1479.9
2025-11-19 06:47:02	1416498	0:04:02	1483.6
2025-11-19 06:47:03	1418567	0:03:59	1496.8
2025-11-19 06:47:04	1420465	0:03:58	1493.9
2025-11-19 06:47:05	1421982	0:04:01	1470.1
2025-11-19 06:47:06	1423068	0:04:03	1452.6
2025-11-19 06:47:07	1424420	0:04:00	1464.2
2025-11-19 06:47:08	1425796	0:03:59	1463.3
2025-11-19 06:47:09	1427530	0:04:01	1447.4
2025-11-19 06:47:10	1429437	0:03:57	1460.1
2025-11-19 06:47:11	1431659	0:03:56	1459.6
2025-11-19 06:47:12	1433123	0:03:57	1447.9
2025-11-19 06:47:13	1434896	0:03:59	1425.2
2025-11-19 06:47:14	1436143	0:04:03	1399.0
2025-11-19 06:47:15	1436904	0:04:05	1386.7
2025-11-19 06:47:16	1438092	0:04:01	1403.4
2025-11-19 06:47:17	1440064	0:03:51	1454.1
2025-11-19 06:47:18	1440814	0:03:50	1458.4
2025-11-19 06:47:19	1442722	0:03:42	1499.6
2025-11-19 06:47:20	1444746	0:03:37	1525.0
2025-11-19 06:47:21	1446880	0:03:30	1564.4
2025-11-19 06:47:22	1448128	0:03:30	1562.3
2025-11-19 06:47:23	1450294	0:03:26	1580.3
2025-11-19 06:47:24	1452034	0:03:26	1573.4
2025-11-19 06:47:25	1454085	0:03:21	1599.2
2025-11-19 06:47:26	1455675	0:03:20	1604.6
2025-11-19 06:47:27	1457133	0:03:19	1603.5
2025-11-19 06:47:28	1458625	0:03:19	1593.1
2025-11-19 06:47:29	1459626	0:03:20	1582.8
2025-11-19 06:47:30	1460828	0:03:21	1565.5
2025-11-19 06:47:31	1461478	0:03:25	1534.5
2025-11-19 06:47:32	1462729	0:03:27	1515.4
2025-11-19 06:47:33	1464476	0:03:26	1512.0
2025-11-19 06:47:34	1466020	0:03:26	1503.2
2025-11-19 06:47:35	1467429	0:03:25	1508.0
2025-11-19 06:47:36	1469345	0:03:20	1536.1
2025-11-19 06:47:37	1470795	0:03:18	1543.6
2025-11-19 06:47:38	1472772	0:03:14	1565.1
2025-11-19 06:47:39	1474115	0:03:17	1534.8
2025-11-19 06:47:40	1476094	0:03:16	1533.7
2025-11-19 06:47:41	1476993	0:03:20	1494.5
2025-11-19 06:47:42	1477782	0:03:22	1475.7
2025-11-19 06:47:43	1478194	0:03:27	1439.4
2025-11-19 06:47:44	1478948	0:03:29	1421.1
2025-11-19 06:47:45	1479970	0:03:28	1423.8
2025-11-19 06:47:47	1481077	0:03:28	1418.9
2025-11-19 06:47:48	1482120	0:03:31	1393.5
2025-11-19 06:47:49	1482571	0:03:35	1366.9
2025-11-19 06:47:50	1483566	0:03:39	1339.0
2025-11-19 06:47:51	1485584	0:03:35	1348.8
2025-11-19 06:47:52	1486948	0:03:37	1332.1
2025-11-19 06:47:53	1489030	0:03:33	1346.0
2025-11-19 06:47:54	1491044	0:03:31	1348.7
2025-11-19 06:47:55	1493069	0:03:30	1346.3
2025-11-19 06:47:56	1495153	0:03:25	1368.4
2025-11-19 06:47:57	1496822	0:03:25	1359.9
2025-11-19 06:47:58	1498999	0:03:20	1382.6
2025-11-19 06:47:59	1501118	0:03:15	1409.1
2025-11-19 06:48:00	1502882	0:03:10	1437.5
2025-11-19 06:48:01	1505315	0:03:03	1483.1
2025-11-19 06:48:02	1507215	0:02:56	1523.9
2025-11-19 06:48:03	1509112	0:02:53	1540.2
2025-11-19 06:48:04	1510530	0:02:55	1518.0
2025-11-19 06:48:05	1512875	0:02:50	1545.1
2025-11-19 06:48:06	1514562	0:02:47	1567.0
2025-11-19 06:48:07	1516008	0:02:49	1543.5
2025-11-19 06:48:08	1517597	0:02:48	1542.7
2025-11-19 06:48:09	1519572	0:02:45	1553.7
2025-11-19 06:48:10	1521219	0:02:44	1557.2
2025-11-19 06:48:11	1523038	0:02:43	1557.1
2025-11-19 06:48:12	1524260	0:02:41	1564.3
2025-11-19 06:48:13	1526590	0:02:33	1630.7
2025-11-19 06:48:14	1528257	0:02:28	1669.7
2025-11-19 06:48:15	1529942	0:02:25	1694.9
2025-11-19 06:48:16	1531554	0:02:23	1713.0
2025-11-19 06:48:17	1533432	0:02:20	1738.5
2025-11-19 06:48:18	1535124	0:02:16	1772.6
2025-11-19 06:48:19	1537204	0:02:11	1816.6
2025-11-19 06:48:20	1539196	0:02:09	1837.7
2025-11-19 06:48:21	1541446	0:02:06	1860.6
2025-11-19 06:48:22	1543428	0:02:05	1867.5
2025-11-19 06:48:23	1545694	0:02:03	1875.5
2025-11-19 06:48:24	1547919	0:02:01	1890.5
2025-11-19 06:48:25	1549185	0:02:03	1848.0
2025-11-19 06:48:26	1549842	0:02:05	1812.9
2025-11-19 06:48:27	1550591	0:02:07	1768.4
2025-11-19 06:48:28	1551496	0:02:08	1752.4
2025-11-19 06:48:29	1552832	0:02:10	1713.5
2025-11-19 06:48:30	1553479	0:02:12	1681.2
2025-11-19 06:48:31	1554186	0:02:17	1617.5
2025-11-19 06:48:32	1555286	0:02:18	1597.2
2025-11-19 06:48:33	1556154	0:02:21	1559.6
2025-11-19 06:48:34	1557419	0:02:22	1540.1
2025-11-19 06:48:35	1558713	0:02:24	1514.2
2025-11-19 06:48:36	1560527	0:02:21	1525.5
2025-11-19 06:48:37	1561811	0:02:22	1511.7
2025-11-19 06:48:38	1562650	0:02:22	1501.7
2025-11-19 06:48:39	1563438	0:02:27	1448.6
2025-11-19 06:48:40	1564865	0:02:27	1437.1
2025-11-19 06:48:41	1566051	0:02:27	1430.9
2025-11-19 06:48:42	1567459	0:02:26	1427.7
2025-11-19 06:48:43	1568633	0:02:29	1392.7
2025-11-19 06:48:44	1570288	0:02:29	1378.7
2025-11-19 06:48:45	1571315	0:02:29	1370.6
2025-11-19 06:48:46	1573163	0:02:28	1372.8
2025-11-19 06:48:47	1574479	0:02:29	1353.5
2025-11-19 06:48:48	1576352	0:02:27	1355.5
2025-11-19 06:48:49	1577399	0:02:30	1325.1
2025-11-19 06:48:50	1578735	0:02:32	1303.6
2025-11-19 06:48:51	1580656	0:02:31	1296.1
2025-11-19 06:48:52	1582589	0:02:31	1279.7
2025-11-19 06:48:53	1583125	0:02:36	1236.7
2025-11-19 06:48:54	1583552	0:02:44	1173.5
2025-11-19 06:48:55	1584314	0:02:45	1166.0
2025-11-19 06:48:56	1586082	0:02:38	1204.6
2025-11-19 06:48:57	1587429	0:02:34	1227.3
2025-11-19 06:48:58	1588284	0:02:35	1216.4
2025-11-19 06:48:59	1588926	0:02:36	1201.6
2025-11-19 06:49:00	1590144	0:02:33	1214.7
2025-11-19 06:49:01	1591715	0:02:28	1244.7
2025-11-19 06:49:02	1593182	0:02:25	1263.1
2025-11-19 06:49:03	1595159	0:02:21	1286.4
2025-11-19 06:49:04	1597521	0:02:15	1327.1
2025-11-19 06:49:05	1599233	0:02:13	1332.9
2025-11-19 06:49:06	1600807	0:02:12	1332.4
2025-11-19 06:49:07	1602681	0:02:08	1355.7
2025-11-19 06:49:08	1604453	0:02:03	1391.4
2025-11-19 06:49:09	1605913	0:02:01	1409.6
2025-11-19 06:49:10	1608216	0:01:57	1438.3
2025-11-19 06:49:11	1609394	0:01:56	1437.7
2025-11-19 06:49:12	1610846	0:01:55	1437.6
2025-11-19 06:49:13	1612556	0:01:52	1460.3
2025-11-19 06:49:14	1614582	0:01:50	1467.0
2025-11-19 06:49:15	1616832	0:01:46	1500.7
2025-11-19 06:49:16	1618440	0:01:45	1494.9
2025-11-19 06:49:17	1620033	0:01:43	1512.6
2025-11-19 06:49:18	1621764	0:01:43	1501.2
2025-11-19 06:49:19	1623773	0:01:39	1531.2
2025-11-19 06:49:20	1625189	0:01:39	1518.8
2025-11-19 06:49:21	1627061	0:01:37	1534.7
2025-11-19 06:49:22	1628871	0:01:36	1532.2
2025-11-19 06:49:23	1630390	0:01:33	1570.1
2025-11-19 06:49:24	1631777	0:01:30	1601.3
2025-11-19 06:49:25	1633338	0:01:29	1612.0
2025-11-19 06:49:26	1635274	0:01:27	1625.8
2025-11-19 06:49:27	1636296	0:01:27	1615.7
2025-11-19 06:49:28	1636444	0:01:27	1603.3
2025-11-19 06:49:29	1636675	0:01:28	1582.4
2025-11-19 06:49:30	1636960	0:01:31	1535.3
2025-11-19 06:49:31	1637401	0:01:32	1501.4
2025-11-19 06:49:32	1637841	0:01:35	1463.0
2025-11-19 06:49:33	1638351	0:01:38	1413.5
2025-11-19 06:49:34	1639571	0:01:39	1383.1
2025-11-19 06:49:35	1640995	0:01:39	1362.7
2025-11-19 06:49:36	1642318	0:01:38	1364.0
2025-11-19 06:49:37	1643960	0:01:37	1360.5
2025-11-19 06:49:38	1645743	0:01:36	1355.6
2025-11-19 06:49:39	1647706	0:01:34	1369.6
2025-11-19 06:49:40	1649897	0:01:31	1382.5
2025-11-19 06:49:41	1651662	0:01:29	1399.1
2025-11-19 06:49:42	1653380	0:01:28	1402.0
2025-11-19 06:49:43	1655112	0:01:27	1392.0
2025-11-19 06:49:44	1657029	0:01:26	1390.5
2025-11-19 06:49:45	1658894	0:01:25	1385.0
2025-11-19 06:49:46	1661255	0:01:22	1397.5
2025-11-19 06:49:47	1663421	0:01:19	1424.3
2025-11-19 06:49:48	1665787	0:01:16	1444.1
2025-11-19 06:49:49	1667456	0:01:16	1439.4
2025-11-19 06:49:50	1669684	0:01:12	1468.9
2025-11-19 06:49:51	1671407	0:01:11	1474.1
2025-11-19 06:49:52	1673789	0:01:08	1498.8
2025-11-19 06:49:53	1675489	0:01:07	1497.8
2025-11-19 06:49:54	1677603	0:01:05	1511.3
2025-11-19 06:49:55	1679582	0:01:03	1530.8
2025-11-19 06:49:56	1681871	0:01:01	1539.2
2025-11-19 06:49:57	1683803	0:00:58	1598.0
2025-11-19 06:49:58	1684540	0:00:57	1617.7
2025-11-19 06:49:59	1685348	0:00:55	1635.5
2025-11-19 06:50:00	1687562	0:00:52	1696.3
2025-11-19 06:50:01	1689007	0:00:50	1733.0
2025-11-19 06:50:02	1690743	0:00:48	1774.3
2025-11-19 06:50:03	1692538	0:00:46	1813.6
2025-11-19 06:50:04	1694702	0:00:44	1845.0
2025-11-19 06:50:05	1696573	0:00:43	1857.4
2025-11-19 06:50:06	1698682	0:00:41	1876.6
2025-11-19 06:50:07	1699970	0:00:41	1865.9
2025-11-19 06:50:08	1701401	0:00:40	1841.8
2025-11-19 06:50:09	1702810	0:00:40	1832.8
2025-11-19 06:50:10	1703864	0:00:40	1783.8
2025-11-19 06:50:11	1705339	0:00:40	1787.9
2025-11-19 06:50:13	1706984	0:00:39	1787.2
2025-11-19 06:50:14	1708444	0:00:38	1784.9
2025-11-19 06:50:15	1710542	0:00:37	1766.8
2025-11-19 06:50:16	1712466	0:00:36	1771.9
2025-11-19 06:50:17	1714114	0:00:36	1739.4
2025-11-19 06:50:18	1716137	0:00:34	1740.3
2025-11-19 06:50:19	1717340	0:00:34	1712.4
2025-11-19 06:50:20	1719377	0:00:33	1713.1
2025-11-19 06:50:21	1721266	0:00:32	1707.8
2025-11-19 06:50:22	1723199	0:00:31	1702.3
2025-11-19 06:50:23	1724812	0:00:30	1693.0
2025-11-19 06:50:24	1726880	0:00:29	1696.3
2025-11-19 06:50:25	1728964	0:00:28	1700.1
2025-11-19 06:50:26	1730682	0:00:27	1677.4
2025-11-19 06:50:27	1733011	0:00:25	1697.3
2025-11-19 06:50:28	1734117	0:00:25	1684.4
2025-11-19 06:50:29	1735985	0:00:23	1718.8
2025-11-19 06:50:30	1737828	0:00:22	1736.9
2025-11-19 06:50:31	1739741	0:00:21	1733.2
2025-11-19 06:50:32	1741356	0:00:20	1733.7
2025-11-19 06:50:33	1743128	0:00:19	1736.5
2025-11-19 06:50:34	1744113	0:00:19	1697.5
2025-11-19 06:50:35	1745096	0:00:19	1670.7
2025-11-19 06:50:36	1746555	0:00:18	1643.6
2025-11-19 06:50:37	1748169	0:00:17	1643.5
2025-11-19 06:50:38	1749192	0:00:16	1640.2
2025-11-19 06:50:39	1750619	0:00:16	1630.0
2025-11-19 06:50:40	1751609	0:00:15	1631.4
2025-11-19 06:50:41	1753305	0:00:14	1636.2
2025-11-19 06:50:42	1755283	0:00:13	1658.4
2025-11-19 06:50:43	1756929	0:00:11	1665.2
2025-11-19 06:50:44	1758734	0:00:10	1655.9
2025-11-19 06:50:45	1760285	0:00:10	1648.1
2025-11-19 06:50:46	1762079	0:00:09	1644.8
2025-11-19 06:50:47	1763767	0:00:07	1646.6
2025-11-19 06:50:48	1765809	0:00:06	1661.8
2025-11-19 06:50:49	1767375	0:00:05	1656.2
2025-11-19 06:50:50	1769493	0:00:04	1663.7
2025-11-19 06:50:51	1771203	0:00:03	1649.3
2025-11-19 06:50:52	1773223	0:00:02	1664.1
2025-11-19 06:50:53	1774616	0:00:01	1647.3
