2025-11-19 02:30:11	11	5:33:50	88.7
2025-11-19 02:30:12	327	1:41:57	290.4
2025-11-19 02:30:13	829	1:15:56	389.8
2025-11-19 02:30:14	2047	0:45:20	652.3
2025-11-19 02:30:15	2252	0:54:21	544.1
2025-11-19 02:30:16	2895	0:52:29	563.2
2025-11-19 02:30:17	4159	0:43:42	675.9
2025-11-19 02:30:18	5343	0:39:32	746.9
2025-11-19 02:30:19	6534	0:36:49	801.2
2025-11-19 02:30:20	8128	0:33:13	887.3
2025-11-19 02:30:21	9181	0:32:36	903.3
2025-11-19 02:30:22	9997	0:32:53	895.3
2025-11-19 02:30:23	11592	0:30:53	952.5
2025-11-19 02:30:24	12772	0:30:19	969.7
2025-11-19 02:30:25	14349	0:29:00	1012.5
2025-11-19 02:30:26	15570	0:28:36	1026.0
2025-11-19 02:30:27	16933	0:28:01	1046.8
2025-11-19 02:30:28	18244	0:27:36	1061.9
2025-11-19 02:30:29	19819	0:26:51	1090.1
2025-11-19 02:30:30	21416	0:26:12	1116.4
2025-11-19 02:30:31	22828	0:25:50	1131.0
2025-11-19 02:30:32	24224	0:25:32	1143.5
2025-11-19 02:30:33	25380	0:25:31	1143.9
2025-11-19 02:30:34	27025	0:25:02	1165.0
2025-11-19 02:30:35	28666	0:24:36	1184.3
2025-11-19 02:30:36	30285	0:24:13	1201.3
2025-11-19 02:30:37	31714	0:24:02	1209.9
2025-11-19 02:30:38	33387	0:23:41	1226.9
2025-11-19 02:30:39	34564	0:23:42	1225.1
2025-11-19 02:30:40	36080	0:23:29	1235.0
2025-11-19 02:30:41	37794	0:22:34	1284.1
2025-11-19 02:30:42	39206	0:22:00	1316.0
2025-11-19 02:30:43	40872	0:21:45	1330.1
2025-11-19 02:30:44	42273	0:21:03	1373.1
2025-11-19 02:30:45	43919	0:20:32	1406.4
2025-11-19 02:30:46	45420	0:20:20	1418.6
2025-11-19 02:30:47	47275	0:20:03	1437.7
2025-11-19 02:30:48	48700	0:19:48	1453.6
2025-11-19 02:30:49	50300	0:19:46	1455.6
2025-11-19 02:30:50	51747	0:19:42	1459.5
2025-11-19 02:30:51	53591	0:19:09	1499.0
2025-11-19 02:30:52	55323	0:19:04	1504.8
2025-11-19 02:30:53	56241	0:19:20	1482.9
2025-11-19 02:30:54	57620	0:19:25	1475.3
2025-11-19 02:30:55	59393	0:19:06	1497.7
2025-11-19 02:30:56	60876	0:19:05	1498.4
2025-11-19 02:30:57	62428	0:19:00	1503.9
2025-11-19 02:30:58	63933	0:18:53	1510.8
2025-11-19 02:30:59	65592	0:18:55	1506.8
2025-11-19 02:31:00	67597	0:18:41	1524.4
2025-11-19 02:31:01	69325	0:18:31	1536.1
2025-11-19 02:31:02	71172	0:18:13	1560.5
2025-11-19 02:31:03	71600	0:18:44	1515.9
2025-11-19 02:31:04	72216	0:19:06	1486.6
2025-11-19 02:31:05	73698	0:19:11	1478.6
2025-11-19 02:31:06	75004	0:19:14	1473.6
2025-11-19 02:31:07	76023	0:19:30	1452.7
2025-11-19 02:31:08	77488	0:19:28	1454.5
2025-11-19 02:31:09	78938	0:19:28	1453.7
2025-11-19 02:31:10	79925	0:19:48	1428.1
2025-11-19 02:31:12	81357	0:19:47	1427.7
2025-11-19 02:31:13	82810	0:19:53	1419.9
2025-11-19 02:31:14	84133	0:19:50	1422.4
2025-11-19 02:31:15	85905	0:19:48	1423.1
2025-11-19 02:31:16	87690	0:19:40	1431.3
2025-11-19 02:31:17	88834	0:19:57	1409.5
2025-11-19 02:31:18	90805	0:19:43	1425.1
2025-11-19 02:31:19	92308	0:19:44	1422.3
2025-11-19 02:31:20	93994	0:19:34	1433.1
2025-11-19 02:31:21	95323	0:19:46	1417.3
2025-11-19 02:31:22	96349	0:20:07	1391.3
2025-11-19 02:31:23	97971	0:19:39	1423.9
2025-11-19 02:31:24	99300	0:19:41	1420.4
2025-11-19 02:31:25	101082	0:19:39	1420.7
2025-11-19 02:31:26	102647	0:19:36	1423.0
2025-11-19 02:31:27	104411	0:19:28	1431.2
2025-11-19 02:31:28	106393	0:19:14	1447.5
2025-11-19 02:31:29	107602	0:19:25	1432.4
2025-11-19 02:31:30	109459	0:19:27	1427.9
2025-11-19 02:31:31	110792	0:19:37	1414.5
2025-11-19 02:31:32	112726	0:19:34	1417.3
2025-11-19 02:31:33	114171	0:19:04	1453.1
2025-11-19 02:31:34	115852	0:18:35	1489.4
2025-11-19 02:31:35	117156	0:18:38	1483.3
2025-11-19 02:31:36	118375	0:18:40	1480.3
2025-11-19 02:31:37	119817	0:18:21	1503.9
2025-11-19 02:31:38	121074	0:18:26	1496.8
2025-11-19 02:31:39	122766	0:18:19	1504.0
2025-11-19 02:31:40	124161	0:18:08	1517.9
2025-11-19 02:31:41	125971	0:17:59	1528.8
2025-11-19 02:31:42	127914	0:17:47	1545.4
2025-11-19 02:31:43	129542	0:17:40	1552.7
2025-11-19 02:31:44	131166	0:17:43	1547.0
2025-11-19 02:31:45	132747	0:17:47	1540.5
2025-11-19 02:31:46	133622	0:17:53	1530.4
2025-11-19 02:31:47	134478	0:18:20	1492.2
2025-11-19 02:31:48	135656	0:18:28	1480.8
2025-11-19 02:31:49	137275	0:18:29	1478.0
2025-11-19 02:31:50	139143	0:18:14	1496.2
2025-11-19 02:31:51	140572	0:18:03	1509.9
2025-11-19 02:31:52	142274	0:17:59	1513.7
2025-11-19 02:31:53	144359	0:17:42	1537.1
2025-11-19 02:31:54	145922	0:17:43	1533.9
2025-11-19 02:31:55	147489	0:17:43	1532.4
2025-11-19 02:31:56	149064	0:17:47	1525.4
2025-11-19 02:31:57	150552	0:17:53	1514.6
2025-11-19 02:31:58	152562	0:17:37	1535.4
2025-11-19 02:31:59	154255	0:17:40	1529.7
2025-11-19 02:32:00	155475	0:17:42	1525.7
2025-11-19 02:32:01	157324	0:17:43	1523.0
2025-11-19 02:32:02	158689	0:17:44	1520.7
2025-11-19 02:32:03	160629	0:17:35	1531.0
2025-11-19 02:32:04	162211	0:17:28	1540.1
2025-11-19 02:32:05	163727	0:17:20	1550.0
2025-11-19 02:32:06	165222	0:17:18	1551.8
2025-11-19 02:32:07	166664	0:17:13	1558.5
2025-11-19 02:32:08	168081	0:17:17	1550.4
2025-11-19 02:32:09	169199	0:17:23	1540.9
2025-11-19 02:32:10	170592	0:17:32	1526.5
2025-11-19 02:32:11	172378	0:17:28	1530.4
2025-11-19 02:32:12	173553	0:17:44	1506.6
2025-11-19 02:32:13	175134	0:17:43	1506.6
2025-11-19 02:32:14	176709	0:17:44	1503.5
2025-11-19 02:32:15	178148	0:17:25	1528.9
2025-11-19 02:32:16	179564	0:17:14	1544.3
2025-11-19 02:32:17	180502	0:17:18	1537.4
2025-11-19 02:32:18	181218	0:17:40	1505.2
2025-11-19 02:32:19	181807	0:18:01	1475.3
2025-11-19 02:32:20	182136	0:18:35	1429.2
2025-11-19 02:32:21	182782	0:19:09	1386.9
2025-11-19 02:32:22	183544	0:19:46	1343.3
2025-11-19 02:32:23	185167	0:19:36	1352.4
2025-11-19 02:32:24	186229	0:20:01	1324.4
2025-11-19 02:32:25	187386	0:20:06	1316.9
2025-11-19 02:32:26	188520	0:20:22	1298.9
2025-11-19 02:32:27	190154	0:20:31	1288.7
2025-11-19 02:32:28	191517	0:20:33	1285.8
2025-11-19 02:32:29	192777	0:20:38	1278.7
2025-11-19 02:32:30	194534	0:20:32	1283.9
2025-11-19 02:32:31	195673	0:20:49	1265.2
2025-11-19 02:32:32	197651	0:20:38	1275.3
2025-11-19 02:32:33	199190	0:20:44	1267.7
2025-11-19 02:32:34	200582	0:20:47	1263.9
2025-11-19 02:32:35	201872	0:20:58	1251.3
2025-11-19 02:32:36	203425	0:20:51	1257.1
2025-11-19 02:32:37	204890	0:20:44	1263.1
2025-11-19 02:32:38	206573	0:20:31	1275.5
2025-11-19 02:32:39	208044	0:20:26	1279.1
2025-11-19 02:32:40	209982	0:20:19	1285.0
2025-11-19 02:32:41	211512	0:20:08	1295.8
2025-11-19 02:32:42	213399	0:19:55	1307.4
2025-11-19 02:32:43	215225	0:19:49	1313.4
2025-11-19 02:32:44	217287	0:19:24	1339.5
2025-11-19 02:32:45	218795	0:19:18	1345.0
2025-11-19 02:32:46	220192	0:19:11	1352.3
2025-11-19 02:32:47	221601	0:18:50	1375.9
2025-11-19 02:32:48	223235	0:18:19	1412.6
2025-11-19 02:32:49	224699	0:17:49	1451.3
2025-11-19 02:32:50	225859	0:17:34	1470.9
2025-11-19 02:32:51	227357	0:17:14	1497.6
2025-11-19 02:32:52	228796	0:17:16	1493.3
2025-11-19 02:32:53	230103	0:17:12	1497.4
2025-11-19 02:32:54	231460	0:17:04	1507.9
2025-11-19 02:32:55	233335	0:16:46	1534.1
2025-11-19 02:32:56	234472	0:16:56	1517.6
2025-11-19 02:32:57	235645	0:17:00	1509.8
2025-11-19 02:32:58	237287	0:16:51	1521.5
2025-11-19 02:32:59	238668	0:16:57	1511.3
2025-11-19 02:33:00	239610	0:17:04	1501.0
2025-11-19 02:33:01	239831	0:17:45	1443.1
2025-11-19 02:33:02	240117	0:18:14	1404.1
2025-11-19 02:33:03	240372	0:18:48	1361.3
2025-11-19 02:33:04	240604	0:19:20	1323.6
2025-11-19 02:33:05	241287	0:19:42	1298.3
2025-11-19 02:33:06	242800	0:19:43	1296.4
2025-11-19 02:33:07	244048	0:19:48	1289.4
2025-11-19 02:33:08	245388	0:19:57	1278.9
2025-11-19 02:33:09	246597	0:20:20	1254.1
2025-11-19 02:33:10	247989	0:20:22	1251.0
2025-11-19 02:33:11	249375	0:20:33	1238.8
2025-11-19 02:33:12	250944	0:20:50	1220.2
2025-11-19 02:33:13	252987	0:20:46	1222.1
2025-11-19 02:33:14	254229	0:20:48	1219.7
2025-11-19 02:33:15	255997	0:20:41	1224.8
2025-11-19 02:33:16	257673	0:20:24	1240.5
2025-11-19 02:33:17	259118	0:20:31	1232.8
2025-11-19 02:33:18	260289	0:20:37	1225.1
2025-11-19 02:33:19	261365	0:20:38	1223.3
2025-11-19 02:33:20	263031	0:20:34	1226.4
2025-11-19 02:33:21	264172	0:20:45	1214.4
2025-11-19 02:33:22	266127	0:20:19	1239.0
2025-11-19 02:33:23	267546	0:20:18	1239.1
2025-11-19 02:33:24	268017	0:21:05	1191.9
2025-11-19 02:33:25	268174	0:21:46	1154.5
2025-11-19 02:33:26	268339	0:22:29	1117.8
2025-11-19 02:33:27	268569	0:23:29	1070.4
2025-11-19 02:33:28	268975	0:24:10	1039.9
2025-11-19 02:33:29	270178	0:24:03	1043.9
2025-11-19 02:33:30	271469	0:23:14	1079.7
2025-11-19 02:33:31	272838	0:22:25	1118.1
2025-11-19 02:33:32	274416	0:21:29	1164.9
2025-11-19 02:33:33	276382	0:20:25	1224.5
2025-11-19 02:33:34	278188	0:19:46	1262.8
2025-11-19 02:33:35	279453	0:19:48	1259.8
2025-11-19 02:33:36	281174	0:19:35	1272.2
2025-11-19 02:33:37	282597	0:19:31	1276.0
2025-11-19 02:33:38	284210	0:19:12	1295.5
2025-11-19 02:33:39	285373	0:19:24	1281.3
2025-11-19 02:33:40	286899	0:19:15	1289.3
2025-11-19 02:33:41	288411	0:19:19	1283.9
2025-11-19 02:33:42	290040	0:19:25	1275.6
2025-11-19 02:33:43	291853	0:19:07	1293.8
2025-11-19 02:33:44	293446	0:19:09	1290.2
2025-11-19 02:33:45	294848	0:19:14	1284.1
2025-11-19 02:33:46	295660	0:19:42	1252.7
2025-11-19 02:33:47	296575	0:19:48	1245.7
2025-11-19 02:33:48	297151	0:20:06	1226.8
2025-11-19 02:33:49	298823	0:20:00	1231.5
2025-11-19 02:33:50	300335	0:19:50	1240.2
2025-11-19 02:33:51	301031	0:20:26	1203.1
2025-11-19 02:33:52	302569	0:20:24	1204.1
2025-11-19 02:33:53	304266	0:19:43	1244.5
2025-11-19 02:33:54	305976	0:18:53	1298.2
2025-11-19 02:33:55	307088	0:18:24	1331.3
2025-11-19 02:33:56	308795	0:17:41	1383.0
2025-11-19 02:33:57	310177	0:17:15	1416.4
2025-11-19 02:33:58	311771	0:17:04	1430.5
2025-11-19 02:33:59	313362	0:16:55	1440.9
2025-11-19 02:34:00	315157	0:16:43	1456.4
2025-11-19 02:34:02	316462	0:16:53	1441.7
2025-11-19 02:34:03	317841	0:17:05	1422.5
2025-11-19 02:34:04	319473	0:17:09	1415.3
2025-11-19 02:34:05	321284	0:16:55	1434.0
2025-11-19 02:34:06	322558	0:17:04	1418.9
2025-11-19 02:34:07	324275	0:16:56	1429.3
2025-11-19 02:34:08	325818	0:16:57	1426.1
2025-11-19 02:34:09	327627	0:16:40	1448.2
2025-11-19 02:34:10	328894	0:16:45	1439.7
2025-11-19 02:34:11	330323	0:16:47	1435.8
2025-11-19 02:34:12	331802	0:16:49	1431.7
2025-11-19 02:34:13	333152	0:16:59	1415.7
2025-11-19 02:34:14	334997	0:16:52	1423.6
2025-11-19 02:34:15	336688	0:16:44	1433.5
2025-11-19 02:34:16	338119	0:16:29	1454.7
2025-11-19 02:34:17	338631	0:16:40	1438.2
2025-11-19 02:34:18	338786	0:16:49	1423.9
2025-11-19 02:34:19	339062	0:17:25	1375.7
2025-11-19 02:34:20	339420	0:17:55	1336.2
2025-11-19 02:34:21	339998	0:17:58	1332.2
2025-11-19 02:34:22	341516	0:17:58	1331.5
2025-11-19 02:34:23	342818	0:18:08	1317.9
2025-11-19 02:34:24	343406	0:18:40	1279.4
2025-11-19 02:34:25	344219	0:18:48	1269.3
2025-11-19 02:34:26	344630	0:19:29	1225.0
2025-11-19 02:34:27	346255	0:19:20	1233.2
2025-11-19 02:34:28	348116	0:19:09	1242.4
2025-11-19 02:34:29	349244	0:19:23	1226.6
2025-11-19 02:34:30	350280	0:19:50	1198.0
2025-11-19 02:34:31	350394	0:20:32	1157.2
2025-11-19 02:34:32	350565	0:21:15	1118.2
2025-11-19 02:34:33	350953	0:22:06	1074.9
2025-11-19 02:34:34	352737	0:22:00	1078.5
2025-11-19 02:34:35	354232	0:21:47	1088.1
2025-11-19 02:34:36	356096	0:21:44	1089.2
2025-11-19 02:34:37	357613	0:21:40	1091.1
2025-11-19 02:34:38	359344	0:21:40	1089.8
2025-11-19 02:34:39	361144	0:21:23	1103.4
2025-11-19 02:34:40	362838	0:21:08	1114.4
2025-11-19 02:34:41	364694	0:20:56	1123.5
2025-11-19 02:34:42	366406	0:20:37	1139.5
2025-11-19 02:34:43	367542	0:21:04	1114.7
2025-11-19 02:34:44	368022	0:21:49	1075.8
2025-11-19 02:34:45	368270	0:22:43	1033.3
2025-11-19 02:34:46	368909	0:22:40	1034.8
2025-11-19 02:34:47	370667	0:21:30	1089.6
2025-11-19 02:34:48	371746	0:20:56	1118.7
2025-11-19 02:34:49	373093	0:20:20	1150.1
2025-11-19 02:34:50	374530	0:19:45	1183.2
2025-11-19 02:34:51	375912	0:19:39	1188.3
2025-11-19 02:34:52	377316	0:19:34	1191.6
2025-11-19 02:34:53	378724	0:19:16	1208.6
2025-11-19 02:34:54	380484	0:18:46	1239.2
2025-11-19 02:34:55	381715	0:18:18	1269.6
2025-11-19 02:34:56	383466	0:18:11	1276.8
2025-11-19 02:34:57	385183	0:18:11	1275.4
2025-11-19 02:34:58	386831	0:17:59	1287.8
2025-11-19 02:34:59	388396	0:17:47	1301.1
2025-11-19 02:35:00	389811	0:17:11	1345.1
2025-11-19 02:35:01	390775	0:16:49	1372.9
2025-11-19 02:35:02	392235	0:16:19	1413.7
2025-11-19 02:35:03	393427	0:16:27	1401.3
2025-11-19 02:35:04	395221	0:16:19	1410.8
2025-11-19 02:35:05	396682	0:16:29	1395.2
2025-11-19 02:35:06	398348	0:16:29	1392.9
2025-11-19 02:35:07	399534	0:16:35	1383.4
2025-11-19 02:35:08	400782	0:16:50	1361.4
2025-11-19 02:35:09	402310	0:16:55	1353.5
2025-11-19 02:35:10	403596	0:17:08	1335.4
2025-11-19 02:35:11	405520	0:17:00	1343.8
2025-11-19 02:35:12	406991	0:16:58	1344.6
2025-11-19 02:35:13	408581	0:16:31	1380.3
2025-11-19 02:35:14	409583	0:16:13	1404.6
2025-11-19 02:35:15	411094	0:15:50	1437.0
2025-11-19 02:35:16	412671	0:15:46	1441.7
2025-11-19 02:35:17	414167	0:15:42	1445.2
2025-11-19 02:35:18	415954	0:15:31	1461.5
2025-11-19 02:35:19	417351	0:15:28	1464.4
2025-11-19 02:35:20	418425	0:15:37	1448.5
2025-11-19 02:35:21	418809	0:15:59	1415.5
2025-11-19 02:35:22	419574	0:16:18	1387.5
2025-11-19 02:35:23	420292	0:16:33	1365.6
2025-11-19 02:35:24	421302	0:16:39	1355.8
2025-11-19 02:35:25	421984	0:17:08	1317.5
2025-11-19 02:35:26	422451	0:17:39	1278.4
2025-11-19 02:35:27	422790	0:18:20	1229.9
2025-11-19 02:35:28	423193	0:18:55	1192.2
2025-11-19 02:35:29	423517	0:19:33	1152.8
2025-11-19 02:35:30	423671	0:20:04	1123.7
2025-11-19 02:35:31	423948	0:20:36	1093.8
2025-11-19 02:35:32	424125	0:21:35	1043.8
2025-11-19 02:35:33	424492	0:22:21	1008.2
2025-11-19 02:35:34	426468	0:21:58	1024.3
2025-11-19 02:35:35	427432	0:22:36	995.0
2025-11-19 02:35:36	429235	0:22:11	1011.9
2025-11-19 02:35:37	430669	0:22:05	1015.5
2025-11-19 02:35:38	432345	0:21:47	1028.2
2025-11-19 02:35:39	434230	0:21:31	1039.8
2025-11-19 02:35:40	435277	0:21:46	1027.0
2025-11-19 02:35:41	437356	0:21:25	1042.2
2025-11-19 02:35:42	438844	0:21:22	1043.4
2025-11-19 02:35:43	440383	0:21:06	1055.7
2025-11-19 02:35:44	442012	0:21:05	1055.1
2025-11-19 02:35:45	443960	0:20:38	1076.5
2025-11-19 02:35:46	445529	0:20:39	1073.7
2025-11-19 02:35:47	446488	0:21:08	1048.5
2025-11-19 02:35:48	447500	0:21:28	1032.0
2025-11-19 02:35:49	448668	0:21:26	1032.4
2025-11-19 02:35:50	449408	0:21:17	1039.0
2025-11-19 02:35:51	450769	0:20:50	1060.2
2025-11-19 02:35:52	452062	0:20:20	1085.2
2025-11-19 02:35:53	453353	0:20:09	1093.9
2025-11-19 02:35:54	454144	0:20:06	1096.0
2025-11-19 02:35:55	455352	0:19:43	1116.9
2025-11-19 02:35:56	457165	0:18:52	1165.2
2025-11-19 02:35:57	458557	0:18:19	1198.7
2025-11-19 02:35:58	460447	0:17:33	1249.4
2025-11-19 02:35:59	461901	0:16:57	1292.8
2025-11-19 02:36:00	463613	0:16:17	1343.2
2025-11-19 02:36:01	465730	0:15:31	1407.6
2025-11-19 02:36:02	467230	0:15:01	1452.3
2025-11-19 02:36:03	469268	0:14:43	1479.7
2025-11-19 02:36:05	470678	0:14:43	1477.8
2025-11-19 02:36:06	472422	0:14:35	1489.4
2025-11-19 02:36:07	474032	0:14:39	1481.0
2025-11-19 02:36:08	475338	0:14:40	1479.0
2025-11-19 02:36:09	476630	0:14:53	1455.6
2025-11-19 02:36:10	477760	0:15:04	1435.7
2025-11-19 02:36:11	479280	0:15:01	1439.8
2025-11-19 02:36:12	480732	0:15:10	1423.2
2025-11-19 02:36:13	482307	0:14:59	1439.8
2025-11-19 02:36:14	483515	0:15:12	1417.1
2025-11-19 02:36:15	485019	0:15:19	1404.9
2025-11-19 02:36:16	486409	0:15:28	1390.1
2025-11-19 02:36:17	488439	0:15:05	1423.4
2025-11-19 02:36:18	490449	0:14:47	1449.2
2025-11-19 02:36:19	491547	0:14:49	1445.7
2025-11-19 02:36:20	492891	0:14:35	1466.9
2025-11-19 02:36:21	493827	0:14:35	1465.8
2025-11-19 02:36:22	495282	0:14:36	1462.9
2025-11-19 02:36:23	496799	0:14:21	1485.1
2025-11-19 02:36:24	498120	0:14:22	1483.3
2025-11-19 02:36:25	499456	0:14:13	1497.0
2025-11-19 02:36:26	501434	0:14:05	1509.4
2025-11-19 02:36:27	502979	0:14:05	1506.7
2025-11-19 02:36:28	504790	0:14:02	1510.4
2025-11-19 02:36:29	505822	0:14:07	1498.9
2025-11-19 02:36:30	507131	0:14:17	1480.8
2025-11-19 02:36:31	508336	0:14:30	1457.0
2025-11-19 02:36:32	509227	0:14:44	1432.7
2025-11-19 02:36:33	509703	0:15:15	1384.7
2025-11-19 02:36:34	510075	0:15:46	1338.8
2025-11-19 02:36:35	510700	0:16:10	1304.6
2025-11-19 02:36:36	511122	0:16:34	1273.3
2025-11-19 02:36:37	512211	0:16:38	1266.0
2025-11-19 02:36:38	513945	0:16:24	1282.8
2025-11-19 02:36:39	515089	0:16:32	1271.3
2025-11-19 02:36:40	516965	0:16:19	1286.7
2025-11-19 02:36:41	518613	0:16:03	1306.0
2025-11-19 02:36:42	520473	0:15:57	1312.2
2025-11-19 02:36:43	522433	0:15:40	1333.6
2025-11-19 02:36:44	524166	0:15:31	1344.5
2025-11-19 02:36:45	526124	0:15:17	1363.5
2025-11-19 02:36:46	527703	0:15:22	1353.6
2025-11-19 02:36:47	529062	0:15:31	1339.4
2025-11-19 02:36:48	530692	0:15:26	1345.7
2025-11-19 02:36:49	532002	0:15:24	1346.9
2025-11-19 02:36:50	533756	0:15:13	1360.1
2025-11-19 02:36:51	535457	0:14:55	1386.6
2025-11-19 02:36:52	537030	0:14:54	1386.8
2025-11-19 02:36:53	538209	0:14:58	1379.2
2025-11-19 02:36:54	538932	0:15:14	1354.4
2025-11-19 02:36:55	540666	0:15:08	1360.2
2025-11-19 02:36:56	541888	0:15:16	1347.3
2025-11-19 02:36:57	542860	0:15:36	1317.1
2025-11-19 02:36:58	544205	0:15:39	1312.1
2025-11-19 02:36:59	545927	0:15:23	1333.2
2025-11-19 02:37:00	547333	0:15:20	1335.9
2025-11-19 02:37:01	548786	0:15:08	1351.8
2025-11-19 02:37:02	550187	0:14:55	1369.3
2025-11-19 02:37:03	552231	0:14:19	1425.0
2025-11-19 02:37:04	553982	0:13:53	1467.1
2025-11-19 02:37:05	555914	0:13:26	1514.0
2025-11-19 02:37:06	557691	0:13:02	1559.1
2025-11-19 02:37:07	559337	0:12:55	1569.9
2025-11-19 02:37:08	560760	0:12:59	1560.8
2025-11-19 02:37:09	562242	0:12:50	1576.9
2025-11-19 02:37:10	563604	0:13:04	1546.5
2025-11-19 02:37:11	565264	0:13:02	1547.6
2025-11-19 02:37:12	566943	0:13:07	1537.0
2025-11-19 02:37:13	568533	0:13:13	1522.5
2025-11-19 02:37:14	569707	0:13:22	1504.3
2025-11-19 02:37:15	571417	0:13:25	1497.3
2025-11-19 02:37:16	572827	0:13:21	1502.2
2025-11-19 02:37:17	574461	0:13:18	1505.1
2025-11-19 02:37:18	575786	0:13:22	1496.8
2025-11-19 02:37:19	577525	0:13:19	1499.3
2025-11-19 02:37:20	579138	0:13:18	1500.4
2025-11-19 02:37:21	580723	0:13:18	1497.3
2025-11-19 02:37:22	582699	0:13:09	1513.0
2025-11-19 02:37:23	584153	0:12:58	1532.9
2025-11-19 02:37:24	585906	0:12:43	1559.7
2025-11-19 02:37:25	587217	0:12:46	1551.8
2025-11-19 02:37:26	588969	0:12:40	1562.3
2025-11-19 02:37:27	590607	0:12:32	1577.5
2025-11-19 02:37:28	591991	0:12:32	1574.3
2025-11-19 02:37:29	593826	0:12:26	1584.8
2025-11-19 02:37:30	595464	0:12:20	1595.7
2025-11-19 02:37:31	597382	0:12:16	1601.6
2025-11-19 02:37:32	599031	0:12:11	1609.5
2025-11-19 02:37:33	600250	0:12:19	1592.1
2025-11-19 02:37:34	601162	0:12:35	1556.3
2025-11-19 02:37:35	602535	0:12:44	1536.2
2025-11-19 02:37:36	603796	0:12:50	1523.4
2025-11-19 02:37:37	605270	0:12:49	1522.5
2025-11-19 02:37:38	606403	0:12:53	1514.1
2025-11-19 02:37:39	607637	0:12:57	1504.0
2025-11-19 02:37:40	608978	0:13:00	1496.0
2025-11-19 02:37:41	610486	0:12:59	1496.9
2025-11-19 02:37:42	612333	0:12:55	1501.7
2025-11-19 02:37:43	613479	0:13:06	1479.1
2025-11-19 02:37:44	615201	0:12:55	1498.5
2025-11-19 02:37:45	616779	0:12:47	1511.7
2025-11-19 02:37:46	618534	0:12:46	1511.9
2025-11-19 02:37:47	619690	0:12:50	1501.1
2025-11-19 02:37:48	621520	0:12:43	1512.9
2025-11-19 02:37:49	623420	0:12:31	1535.8
2025-11-19 02:37:50	624953	0:12:39	1516.9
2025-11-19 02:37:51	626680	0:12:41	1510.0
2025-11-19 02:37:52	628171	0:12:49	1493.5
2025-11-19 02:37:53	629995	0:12:39	1510.8
2025-11-19 02:37:54	631556	0:12:42	1502.6
2025-11-19 02:37:55	633204	0:12:36	1511.3
2025-11-19 02:37:56	634800	0:12:37	1507.5
2025-11-19 02:37:57	636598	0:12:25	1529.6
2025-11-19 02:37:58	638138	0:12:32	1513.5
2025-11-19 02:37:59	639930	0:12:22	1531.9
2025-11-19 02:38:00	641672	0:12:22	1529.3
2025-11-19 02:38:01	643312	0:12:27	1516.6
2025-11-19 02:38:02	644389	0:12:38	1493.4
2025-11-19 02:38:03	646224	0:12:20	1526.5
2025-11-19 02:38:04	647929	0:12:08	1549.7
2025-11-19 02:38:05	649685	0:12:04	1556.0
2025-11-19 02:38:06	651417	0:11:53	1578.1
2025-11-19 02:38:07	653043	0:11:44	1595.4
2025-11-19 02:38:08	654955	0:11:41	1598.4
2025-11-19 02:38:09	656765	0:11:23	1638.8
2025-11-19 02:38:10	658358	0:11:26	1628.8
2025-11-19 02:38:12	659388	0:11:31	1616.2
2025-11-19 02:38:13	660480	0:11:33	1609.1
2025-11-19 02:38:14	662366	0:11:32	1609.5
2025-11-19 02:38:15	663735	0:11:33	1606.0
2025-11-19 02:38:16	665640	0:11:29	1610.6
2025-11-19 02:38:17	667404	0:11:23	1622.2
2025-11-19 02:38:18	668688	0:11:24	1619.1
2025-11-19 02:38:19	669999	0:11:29	1604.3
2025-11-19 02:38:20	671914	0:11:29	1603.3
2025-11-19 02:38:21	673798	0:11:25	1609.5
2025-11-19 02:38:22	675642	0:11:18	1622.3
2025-11-19 02:38:23	677440	0:11:16	1625.4
2025-11-19 02:38:24	678949	0:11:19	1616.4
2025-11-19 02:38:25	680885	0:11:14	1624.4
2025-11-19 02:38:26	682822	0:11:08	1637.1
2025-11-19 02:38:27	684343	0:11:04	1643.0
2025-11-19 02:38:28	686176	0:11:03	1643.8
2025-11-19 02:38:29	688080	0:11:00	1649.2
2025-11-19 02:38:30	689535	0:11:02	1642.2
2025-11-19 02:38:31	691139	0:11:02	1638.8
2025-11-19 02:38:32	692290	0:11:09	1619.6
2025-11-19 02:38:33	694291	0:10:59	1640.4
2025-11-19 02:38:34	694903	0:11:14	1603.3
2025-11-19 02:38:35	695062	0:11:33	1559.3
2025-11-19 02:38:36	695494	0:11:54	1513.8
2025-11-19 02:38:37	695823	0:12:19	1462.1
2025-11-19 02:38:38	696932	0:12:29	1441.2
2025-11-19 02:38:39	698560	0:12:29	1438.3
2025-11-19 02:38:40	699566	0:12:43	1410.6
2025-11-19 02:38:41	701448	0:12:34	1425.8
2025-11-19 02:38:42	702650	0:12:26	1439.1
2025-11-19 02:38:43	703786	0:12:35	1419.9
2025-11-19 02:38:44	705145	0:12:33	1421.8
2025-11-19 02:38:45	706553	0:12:41	1405.9
2025-11-19 02:38:46	707856	0:12:49	1388.7
2025-11-19 02:38:47	709453	0:12:46	1392.6
2025-11-19 02:38:48	710740	0:12:45	1392.7
2025-11-19 02:38:49	711637	0:13:00	1365.6
2025-11-19 02:38:50	712255	0:13:20	1330.5
2025-11-19 02:38:51	713730	0:13:20	1328.4
2025-11-19 02:38:52	715190	0:13:31	1308.8
2025-11-19 02:38:53	716631	0:13:39	1293.5
2025-11-19 02:38:54	718055	0:13:36	1296.9
2025-11-19 02:38:55	719429	0:13:46	1279.3
2025-11-19 02:38:56	721296	0:13:46	1277.5
2025-11-19 02:38:57	722615	0:13:58	1257.5
2025-11-19 02:38:58	723733	0:14:10	1238.5
2025-11-19 02:38:59	725111	0:14:21	1220.9
2025-11-19 02:39:00	726420	0:14:18	1222.9
2025-11-19 02:39:01	728303	0:14:11	1231.8
2025-11-19 02:39:02	730036	0:14:14	1224.6
2025-11-19 02:39:03	732126	0:13:38	1276.9
2025-11-19 02:39:04	734142	0:12:58	1339.2
2025-11-19 02:39:05	735554	0:12:37	1374.4
2025-11-19 02:39:06	736247	0:12:30	1387.3
2025-11-19 02:39:07	737170	0:12:33	1379.1
2025-11-19 02:39:08	738679	0:12:36	1372.5
2025-11-19 02:39:09	739880	0:12:34	1375.2
2025-11-19 02:39:10	741418	0:12:34	1373.1
2025-11-19 02:39:11	743182	0:12:25	1386.2
2025-11-19 02:39:12	744965	0:12:11	1409.7
2025-11-19 02:39:13	746582	0:12:04	1422.9
2025-11-19 02:39:14	748046	0:12:04	1419.3
2025-11-19 02:39:15	749904	0:11:53	1440.1
2025-11-19 02:39:16	751459	0:11:51	1440.6
2025-11-19 02:39:17	752844	0:11:50	1442.2
2025-11-19 02:39:18	754610	0:11:31	1477.6
2025-11-19 02:39:19	756234	0:11:16	1508.1
2025-11-19 02:39:20	757752	0:11:15	1508.0
2025-11-19 02:39:21	759370	0:11:10	1517.3
2025-11-19 02:39:22	761331	0:11:03	1529.7
2025-11-19 02:39:23	763149	0:10:56	1545.1
2025-11-19 02:39:24	764888	0:10:49	1558.1
2025-11-19 02:39:25	766206	0:10:56	1539.4
2025-11-19 02:39:26	767824	0:10:50	1550.3
2025-11-19 02:39:27	769790	0:10:36	1581.0
2025-11-19 02:39:28	771536	0:10:31	1591.7
2025-11-19 02:39:29	772938	0:10:29	1594.4
2025-11-19 02:39:30	774114	0:10:37	1573.1
2025-11-19 02:39:31	774440	0:10:56	1527.5
2025-11-19 02:39:32	774812	0:11:22	1468.2
2025-11-19 02:39:33	775051	0:11:51	1407.1
2025-11-19 02:39:34	775470	0:12:09	1372.9
2025-11-19 02:39:35	775936	0:12:13	1365.1
2025-11-19 02:39:36	776559	0:12:18	1353.9
2025-11-19 02:39:37	777083	0:12:37	1320.0
2025-11-19 02:39:38	777865	0:12:45	1305.4
2025-11-19 02:39:39	779243	0:12:47	1299.9
2025-11-19 02:39:40	780397	0:12:59	1279.1
2025-11-19 02:39:41	781580	0:13:10	1258.3
2025-11-19 02:39:42	783367	0:13:07	1262.4
2025-11-19 02:39:43	785221	0:12:57	1275.8
2025-11-19 02:39:44	787343	0:12:50	1284.9
2025-11-19 02:39:45	788527	0:12:56	1272.3
2025-11-19 02:39:46	790452	0:12:44	1290.8
2025-11-19 02:39:47	792555	0:12:36	1301.8
2025-11-19 02:39:48	794082	0:12:36	1298.9
2025-11-19 02:39:49	795664	0:12:35	1298.0
2025-11-19 02:39:50	797691	0:12:27	1309.2
2025-11-19 02:39:51	799302	0:12:33	1297.3
2025-11-19 02:39:52	800133	0:12:52	1263.6
2025-11-19 02:39:53	802164	0:12:45	1273.5
2025-11-19 02:39:54	803252	0:12:49	1265.8
2025-11-19 02:39:55	804448	0:12:55	1253.2
2025-11-19 02:39:56	805919	0:13:05	1236.2
2025-11-19 02:39:57	806706	0:13:27	1201.8
2025-11-19 02:39:58	806940	0:13:55	1160.3
2025-11-19 02:39:59	807423	0:14:12	1137.0
2025-11-19 02:40:00	808439	0:13:54	1161.0
2025-11-19 02:40:01	810283	0:13:17	1211.3
2025-11-19 02:40:02	811156	0:13:03	1232.2
2025-11-19 02:40:03	812989	0:12:32	1280.6
2025-11-19 02:40:04	814382	0:12:13	1312.1
2025-11-19 02:40:05	815923	0:11:54	1344.6
2025-11-19 02:40:06	817127	0:11:42	1367.0
2025-11-19 02:40:07	818833	0:11:25	1398.6
2025-11-19 02:40:08	820229	0:11:24	1398.3
2025-11-19 02:40:09	821156	0:11:26	1391.4
2025-11-19 02:40:10	822689	0:11:20	1403.0
2025-11-19 02:40:11	823301	0:11:38	1364.4
2025-11-19 02:40:12	823724	0:12:04	1315.5
2025-11-19 02:40:13	824146	0:12:37	1257.4
2025-11-19 02:40:14	824832	0:12:47	1240.3
2025-11-19 02:40:15	826305	0:12:56	1224.8
2025-11-19 02:40:16	827453	0:13:17	1190.8
2025-11-19 02:40:17	829172	0:13:11	1197.3
2025-11-19 02:40:18	830539	0:13:15	1189.9
2025-11-19 02:40:19	831246	0:13:45	1145.7
2025-11-19 02:40:20	833316	0:13:28	1167.2
2025-11-19 02:40:21	834792	0:13:16	1183.3
2025-11-19 02:40:22	835884	0:13:29	1162.8
2025-11-19 02:40:24	836581	0:13:42	1142.8
2025-11-19 02:40:25	837444	0:13:53	1127.0
2025-11-19 02:40:26	838935	0:13:51	1128.7
2025-11-19 02:40:27	840172	0:13:40	1142.2
2025-11-19 02:40:28	841508	0:13:13	1179.3
2025-11-19 02:40:29	843504	0:12:36	1233.1
2025-11-19 02:40:30	845430	0:12:15	1267.1
2025-11-19 02:40:31	847162	0:12:15	1264.3
2025-11-19 02:40:32	848548	0:12:06	1278.4
2025-11-19 02:40:33	849707	0:12:18	1255.9
2025-11-19 02:40:34	849998	0:12:38	1222.1
2025-11-19 02:40:35	850602	0:12:59	1188.8
2025-11-19 02:40:36	851265	0:13:12	1167.3
2025-11-19 02:40:37	851860	0:13:36	1132.6
2025-11-19 02:40:38	852945	0:13:45	1119.0
2025-11-19 02:40:39	854281	0:13:33	1134.6
2025-11-19 02:40:40	855572	0:13:36	1128.6
2025-11-19 02:40:41	856159	0:13:39	1123.1
2025-11-19 02:40:42	858032	0:13:03	1173.1
2025-11-19 02:40:43	859409	0:12:40	1205.9
2025-11-19 02:40:44	861126	0:12:17	1240.9
2025-11-19 02:40:45	862568	0:12:16	1241.9
2025-11-19 02:40:46	864121	0:12:06	1256.2
2025-11-19 02:40:47	865998	0:12:02	1261.6
2025-11-19 02:40:48	867494	0:11:58	1265.6
2025-11-19 02:40:49	868958	0:11:42	1291.7
2025-11-19 02:40:50	870591	0:11:50	1276.0
2025-11-19 02:40:51	872310	0:11:44	1284.4
2025-11-19 02:40:52	873709	0:11:37	1294.9
2025-11-19 02:40:53	875489	0:11:15	1333.7
2025-11-19 02:40:54	877213	0:11:00	1363.1
2025-11-19 02:40:55	879093	0:10:52	1376.2
2025-11-19 02:40:56	880757	0:10:44	1390.7
2025-11-19 02:40:57	882357	0:10:39	1399.2
2025-11-19 02:40:58	883807	0:10:46	1380.9
2025-11-19 02:40:59	885626	0:10:45	1380.5
2025-11-19 02:41:00	887245	0:10:47	1373.1
2025-11-19 02:41:01	888732	0:10:45	1375.8
2025-11-19 02:41:02	890157	0:10:39	1386.2
2025-11-19 02:41:03	890849	0:10:33	1398.6
2025-11-19 02:41:04	891277	0:10:35	1393.7
2025-11-19 02:41:05	891555	0:10:41	1380.8
2025-11-19 02:41:06	891887	0:10:45	1370.8
2025-11-19 02:41:07	892207	0:10:56	1347.8
2025-11-19 02:41:08	892494	0:11:14	1310.3
2025-11-19 02:41:09	892724	0:11:33	1274.7
2025-11-19 02:41:10	893005	0:11:39	1262.7
2025-11-19 02:41:11	893453	0:12:05	1217.4
2025-11-19 02:41:12	893850	0:12:27	1181.6
2025-11-19 02:41:13	894816	0:12:42	1156.6
2025-11-19 02:41:14	895477	0:12:59	1130.0
2025-11-19 02:41:15	896610	0:13:10	1114.1
2025-11-19 02:41:16	897706	0:13:27	1088.4
2025-11-19 02:41:17	899060	0:13:30	1083.7
2025-11-19 02:41:18	901039	0:13:15	1101.1
2025-11-19 02:41:19	902254	0:13:24	1087.2
2025-11-19 02:41:20	903995	0:13:17	1094.3
2025-11-19 02:41:21	905220	0:13:24	1083.5
2025-11-19 02:41:22	906829	0:13:28	1075.9
2025-11-19 02:41:23	908461	0:13:30	1071.6
2025-11-19 02:41:24	910397	0:13:22	1079.2
2025-11-19 02:41:25	911906	0:13:26	1072.1
2025-11-19 02:41:26	912778	0:13:44	1047.7
2025-11-19 02:41:27	914334	0:13:42	1049.1
2025-11-19 02:41:28	915520	0:13:58	1027.4
2025-11-19 02:41:29	916337	0:14:18	1002.5
2025-11-19 02:41:30	917492	0:14:30	987.3
2025-11-19 02:41:31	919229	0:14:16	1001.8
2025-11-19 02:41:32	920517	0:14:00	1018.4
2025-11-19 02:41:33	921728	0:13:38	1044.8
2025-11-19 02:41:34	922927	0:13:12	1077.0
2025-11-19 02:41:35	924498	0:12:42	1117.9
2025-11-19 02:41:36	925737	0:12:20	1149.8
2025-11-19 02:41:37	926956	0:11:59	1181.5
2025-11-19 02:41:38	927726	0:11:48	1199.3
2025-11-19 02:41:39	929134	0:11:24	1238.1
2025-11-19 02:41:40	930478	0:11:07	1268.6
2025-11-19 02:41:41	931738	0:10:50	1299.2
2025-11-19 02:41:42	933265	0:10:40	1317.9
2025-11-19 02:41:43	934825	0:10:24	1348.7
2025-11-19 02:41:44	936234	0:10:19	1357.3
2025-11-19 02:41:45	937859	0:10:08	1377.8
2025-11-19 02:41:46	939499	0:10:04	1385.9
2025-11-19 02:41:47	941188	0:10:07	1376.8
2025-11-19 02:41:48	942615	0:10:02	1385.0
2025-11-19 02:41:49	943413	0:10:16	1352.0
2025-11-19 02:41:50	944037	0:10:25	1331.5
2025-11-19 02:41:51	945221	0:10:30	1318.6
2025-11-19 02:41:52	946980	0:10:28	1321.0
2025-11-19 02:41:53	948148	0:10:39	1295.2
2025-11-19 02:41:54	949906	0:10:35	1302.3
2025-11-19 02:41:55	950993	0:10:31	1308.6
2025-11-19 02:41:56	952204	0:10:35	1297.1
2025-11-19 02:41:57	953638	0:10:31	1304.0
2025-11-19 02:41:58	954967	0:10:21	1321.6
2025-11-19 02:41:59	956560	0:10:13	1336.8
2025-11-19 02:42:00	958024	0:10:16	1327.7
2025-11-19 02:42:01	959565	0:10:11	1336.1
2025-11-19 02:42:02	960632	0:10:13	1331.1
2025-11-19 02:42:03	962089	0:10:07	1340.5
2025-11-19 02:42:04	963648	0:10:06	1341.2
2025-11-19 02:42:05	965189	0:10:00	1351.5
2025-11-19 02:42:06	966907	0:09:51	1368.5
2025-11-19 02:42:07	968759	0:09:34	1405.7
2025-11-19 02:42:08	970254	0:09:31	1410.3
2025-11-19 02:42:09	971900	0:09:26	1419.7
2025-11-19 02:42:10	973132	0:09:26	1418.3
2025-11-19 02:42:11	974918	0:09:21	1428.5
2025-11-19 02:42:12	975912	0:09:28	1409.0
2025-11-19 02:42:13	977630	0:09:23	1419.1
2025-11-19 02:42:14	979031	0:09:24	1412.4
2025-11-19 02:42:15	981078	0:09:17	1426.4
2025-11-19 02:42:16	982781	0:09:16	1427.0
2025-11-19 02:42:17	984355	0:09:13	1432.1
2025-11-19 02:42:18	986146	0:08:59	1466.3
2025-11-19 02:42:19	987968	0:08:43	1507.4
2025-11-19 02:42:20	989335	0:08:40	1513.6
2025-11-19 02:42:21	990841	0:08:42	1505.4
2025-11-19 02:42:22	992412	0:08:36	1519.3
2025-11-19 02:42:23	994241	0:08:34	1521.5
2025-11-19 02:42:24	995379	0:08:33	1521.2
2025-11-19 02:42:25	997303	0:08:24	1545.6
2025-11-19 02:42:26	998976	0:08:19	1557.0
2025-11-19 02:42:27	1000853	0:08:12	1575.7
2025-11-19 02:42:28	1002629	0:08:09	1581.9
2025-11-19 02:42:29	1004354	0:08:05	1590.9
2025-11-19 02:42:30	1006172	0:08:02	1598.4
2025-11-19 02:42:31	1007955	0:07:53	1622.8
2025-11-19 02:42:32	1009439	0:07:52	1624.1
2025-11-19 02:42:33	1010785	0:07:53	1616.9
2025-11-19 02:42:34	1011779	0:07:58	1597.5
2025-11-19 02:42:35	1013337	0:07:59	1592.0
2025-11-19 02:42:36	1014164	0:08:09	1556.7
2025-11-19 02:42:37	1014456	0:08:23	1515.7
2025-11-19 02:42:38	1014776	0:08:38	1470.1
2025-11-19 02:42:39	1015793	0:08:40	1462.8
2025-11-19 02:42:40	1017032	0:08:46	1443.0
2025-11-19 02:42:41	1018334	0:08:41	1453.5
2025-11-19 02:42:42	1019389	0:08:49	1430.7
2025-11-19 02:42:43	1021156	0:08:43	1443.6
2025-11-19 02:42:44	1022966	0:08:45	1434.5
2025-11-19 02:42:45	1024792	0:08:42	1438.6
2025-11-19 02:42:46	1026321	0:08:42	1436.4
2025-11-19 02:42:47	1027359	0:08:51	1409.9
2025-11-19 02:42:48	1029000	0:08:52	1405.4
2025-11-19 02:42:49	1030258	0:08:53	1399.2
2025-11-19 02:42:50	1031947	0:08:49	1407.2
2025-11-19 02:42:51	1033043	0:08:55	1389.4
2025-11-19 02:42:52	1034765	0:08:55	1385.4
2025-11-19 02:42:53	1036273	0:08:48	1400.2
2025-11-19 02:42:54	1037395	0:08:58	1372.4
2025-11-19 02:42:55	1038878	0:09:00	1365.9
2025-11-19 02:42:56	1039780	0:09:13	1332.5
2025-11-19 02:42:57	1040900	0:09:21	1310.1
2025-11-19 02:42:58	1042036	0:09:29	1289.7
2025-11-19 02:42:59	1043461	0:09:34	1276.1
2025-11-19 02:43:00	1044973	0:09:35	1272.6
2025-11-19 02:43:01	1046499	0:09:34	1271.8
2025-11-19 02:43:02	1047266	0:09:44	1249.1
2025-11-19 02:43:03	1048463	0:09:40	1254.9
2025-11-19 02:43:04	1049411	0:09:47	1237.4
2025-11-19 02:43:05	1050830	0:09:38	1254.9
2025-11-19 02:43:06	1052503	0:09:15	1302.9
2025-11-19 02:43:07	1053911	0:08:59	1340.1
2025-11-19 02:43:08	1054177	0:09:09	1314.9
2025-11-19 02:43:09	1054388	0:09:24	1279.7
2025-11-19 02:43:11	1054780	0:09:38	1248.7
2025-11-19 02:43:12	1055085	0:09:50	1222.5
2025-11-19 02:43:13	1055554	0:10:12	1178.2
2025-11-19 02:43:14	1055836	0:10:39	1127.1
2025-11-19 02:43:15	1056026	0:11:13	1070.8
2025-11-19 02:43:16	1056852	0:11:27	1046.6
2025-11-19 02:43:17	1058309	0:11:17	1060.9
2025-11-19 02:43:18	1059750	0:11:19	1054.7
2025-11-19 02:43:19	1060867	0:11:22	1049.8
2025-11-19 02:43:20	1062358	0:11:25	1043.0
2025-11-19 02:43:21	1063881	0:11:14	1057.8
2025-11-19 02:43:22	1065930	0:11:05	1069.1
2025-11-19 02:43:23	1067493	0:11:02	1070.9
2025-11-19 02:43:24	1069044	0:10:51	1085.8
2025-11-19 02:43:25	1070792	0:10:44	1095.4
2025-11-19 02:43:26	1071593	0:10:45	1091.9
2025-11-19 02:43:27	1072653	0:10:46	1089.6
2025-11-19 02:43:28	1074616	0:10:28	1118.2
2025-11-19 02:43:29	1075997	0:10:27	1116.8
2025-11-19 02:43:30	1077309	0:10:30	1110.0
2025-11-19 02:43:31	1078852	0:10:28	1110.9
2025-11-19 02:43:32	1080007	0:10:19	1124.2
2025-11-19 02:43:33	1080911	0:10:24	1114.1
2025-11-19 02:43:34	1081932	0:10:22	1116.7
2025-11-19 02:43:35	1083322	0:10:21	1116.1
2025-11-19 02:43:36	1084502	0:10:29	1099.2
2025-11-19 02:43:37	1085926	0:10:28	1099.8
2025-11-19 02:43:38	1087538	0:10:01	1146.7
2025-11-19 02:43:39	1089023	0:09:37	1190.5
2025-11-19 02:43:40	1090629	0:09:16	1232.4
2025-11-19 02:43:41	1092037	0:08:59	1270.5
2025-11-19 02:43:42	1093434	0:08:44	1302.5
2025-11-19 02:43:43	1095021	0:08:26	1347.2
2025-11-19 02:43:44	1096422	0:08:09	1389.0
2025-11-19 02:43:45	1097559	0:08:04	1401.7
2025-11-19 02:43:46	1099346	0:08:00	1411.2
2025-11-19 02:43:47	1100807	0:07:58	1413.1
2025-11-19 02:43:48	1102702	0:07:48	1439.0
2025-11-19 02:43:49	1104258	0:07:46	1442.2
2025-11-19 02:43:50	1105970	0:07:42	1450.4
2025-11-19 02:43:51	1107536	0:07:46	1434.1
2025-11-19 02:43:52	1109332	0:07:43	1441.2
2025-11-19 02:43:53	1111169	0:07:39	1449.9
2025-11-19 02:43:54	1112277	0:07:45	1427.9
2025-11-19 02:43:55	1113974	0:07:34	1458.6
2025-11-19 02:43:56	1115964	0:07:23	1490.4
2025-11-19 02:43:57	1117234	0:07:29	1467.3
2025-11-19 02:43:58	1119181	0:07:22	1485.0
2025-11-19 02:43:59	1120617	0:07:20	1488.6
2025-11-19 02:44:00	1122441	0:07:16	1497.9
2025-11-19 02:44:01	1124006	0:07:12	1511.0
2025-11-19 02:44:02	1125368	0:07:06	1527.0
2025-11-19 02:44:03	1126481	0:07:05	1530.3
2025-11-19 02:44:04	1127415	0:07:08	1515.3
2025-11-19 02:44:05	1129079	0:07:03	1531.3
2025-11-19 02:44:06	1130474	0:07:02	1530.1
2025-11-19 02:44:07	1132026	0:07:01	1528.6
2025-11-19 02:44:08	1133328	0:07:02	1521.9
2025-11-19 02:44:09	1135031	0:07:01	1524.6
2025-11-19 02:44:10	1136476	0:06:59	1526.6
2025-11-19 02:44:11	1138244	0:06:55	1538.7
2025-11-19 02:44:12	1139837	0:06:54	1538.3
2025-11-19 02:44:13	1141488	0:06:50	1547.7
2025-11-19 02:44:14	1142929	0:06:46	1558.4
2025-11-19 02:44:15	1144405	0:06:48	1547.5
2025-11-19 02:44:16	1145887	0:06:47	1548.1
2025-11-19 02:44:17	1147167	0:06:52	1527.3
2025-11-19 02:44:18	1148463	0:06:54	1517.7
2025-11-19 02:44:19	1149922	0:06:55	1509.2
2025-11-19 02:44:20	1151395	0:06:55	1506.0
2025-11-19 02:44:21	1153265	0:06:53	1509.2
2025-11-19 02:44:22	1154832	0:06:54	1499.0
2025-11-19 02:44:23	1156319	0:06:50	1511.8
2025-11-19 02:44:24	1158259	0:06:47	1520.0
2025-11-19 02:44:25	1159478	0:06:53	1492.5
2025-11-19 02:44:26	1160806	0:06:52	1494.5
2025-11-19 02:44:27	1162090	0:06:56	1475.0
2025-11-19 02:44:28	1163434	0:06:56	1472.0
2025-11-19 02:44:29	1164823	0:07:00	1456.9
2025-11-19 02:44:30	1165951	0:07:04	1440.8
2025-11-19 02:44:31	1166277	0:07:14	1405.1
2025-11-19 02:44:32	1167238	0:07:15	1399.5
2025-11-19 02:44:33	1168950	0:07:06	1426.2
2025-11-19 02:44:34	1170314	0:07:08	1416.0
2025-11-19 02:44:35	1171565	0:07:09	1410.6
2025-11-19 02:44:36	1172899	0:07:10	1402.7
2025-11-19 02:44:37	1174229	0:07:09	1404.1
2025-11-19 02:44:38	1175254	0:07:15	1380.8
2025-11-19 02:44:39	1176267	0:07:19	1366.1
2025-11-19 02:44:40	1178071	0:07:17	1367.2
2025-11-19 02:44:41	1179653	0:07:16	1366.8
2025-11-19 02:44:42	1180822	0:07:21	1350.3
2025-11-19 02:44:43	1181397	0:07:30	1320.4
2025-11-19 02:44:44	1181755	0:07:43	1282.6
2025-11-19 02:44:45	1182824	0:07:48	1268.2
2025-11-19 02:44:46	1183899	0:07:50	1261.0
2025-11-19 02:44:47	1185329	0:07:47	1265.5
2025-11-19 02:44:48	1186696	0:07:47	1261.8
2025-11-19 02:44:49	1188595	0:07:40	1276.6
2025-11-19 02:44:50	1190057	0:07:45	1261.1
2025-11-19 02:44:51	1190753	0:07:55	1231.6
2025-11-19 02:44:52	1191612	0:08:03	1209.7
2025-11-19 02:44:53	1193018	0:08:09	1191.8
2025-11-19 02:44:54	1194534	0:08:04	1202.8
2025-11-19 02:44:55	1196028	0:08:00	1208.5
2025-11-19 02:44:56	1197551	0:07:56	1216.6
2025-11-19 02:44:57	1199101	0:07:52	1223.7
2025-11-19 02:44:58	1200599	0:07:49	1227.4
2025-11-19 02:44:59	1202567	0:07:36	1257.1
2025-11-19 02:45:00	1204457	0:07:16	1311.1
2025-11-19 02:45:01	1206253	0:07:05	1339.8
2025-11-19 02:45:02	1207648	0:07:08	1328.9
2025-11-19 02:45:03	1209399	0:07:02	1342.4
2025-11-19 02:45:04	1211102	0:06:56	1357.6
2025-11-19 02:45:05	1211949	0:07:01	1341.1
2025-11-19 02:45:06	1213509	0:06:57	1349.2
2025-11-19 02:45:07	1215237	0:06:49	1373.1
2025-11-19 02:45:08	1216500	0:06:45	1381.9
2025-11-19 02:45:09	1217696	0:06:50	1362.3
2025-11-19 02:45:10	1218922	0:06:53	1348.3
2025-11-19 02:45:11	1219822	0:06:55	1339.9
2025-11-19 02:45:12	1221601	0:06:42	1380.9
2025-11-19 02:45:13	1222837	0:06:32	1411.1
2025-11-19 02:45:14	1224271	0:06:27	1424.3
2025-11-19 02:45:15	1225810	0:06:22	1440.2
2025-11-19 02:45:16	1227461	0:06:19	1447.6
2025-11-19 02:45:17	1229307	0:06:13	1464.2
2025-11-19 02:45:18	1231001	0:06:14	1459.1
2025-11-19 02:45:19	1232257	0:06:14	1452.6
2025-11-19 02:45:20	1233907	0:06:05	1485.5
2025-11-19 02:45:21	1234645	0:06:06	1481.1
2025-11-19 02:45:22	1235123	0:06:13	1449.1
2025-11-19 02:45:23	1235919	0:06:19	1424.4
2025-11-19 02:45:24	1237799	0:06:14	1437.7
2025-11-19 02:45:25	1239093	0:06:16	1429.3
2025-11-19 02:45:26	1240868	0:06:13	1437.0
2025-11-19 02:45:27	1242450	0:06:11	1439.9
2025-11-19 02:45:28	1244234	0:06:11	1433.6
2025-11-19 02:45:29	1245762	0:06:13	1420.2
2025-11-19 02:45:30	1247586	0:06:12	1421.1
2025-11-19 02:45:31	1249560	0:06:05	1442.0
2025-11-19 02:45:32	1250893	0:06:08	1427.0
2025-11-19 02:45:33	1252307	0:06:10	1416.6
2025-11-19 02:45:34	1254053	0:06:01	1447.4
2025-11-19 02:45:35	1255789	0:05:58	1453.9
2025-11-19 02:45:36	1257327	0:05:58	1447.5
2025-11-19 02:45:37	1259124	0:05:53	1466.1
2025-11-19 02:45:38	1260621	0:05:49	1477.7
2025-11-19 02:45:39	1261857	0:05:48	1476.1
2025-11-19 02:45:40	1263565	0:05:41	1504.2
2025-11-19 02:45:41	1264659	0:05:46	1480.0
2025-11-19 02:45:42	1265756	0:05:46	1474.6
2025-11-19 02:45:43	1267229	0:05:45	1475.3
2025-11-19 02:45:44	1268653	0:05:45	1471.2
2025-11-19 02:45:45	1270348	0:05:44	1472.3
2025-11-19 02:45:46	1271468	0:05:48	1449.1
2025-11-19 02:45:47	1273275	0:05:46	1451.4
2025-11-19 02:45:48	1274636	0:05:45	1455.4
2025-11-19 02:45:49	1276002	0:05:46	1444.9
2025-11-19 02:45:50	1277445	0:05:39	1469.2
2025-11-19 02:45:51	1279465	0:05:26	1522.2
2025-11-19 02:45:52	1281138	0:05:19	1553.1
2025-11-19 02:45:53	1282858	0:05:19	1547.4
2025-11-19 02:45:54	1284301	0:05:17	1551.8
2025-11-19 02:45:55	1285706	0:05:18	1540.5
2025-11-19 02:45:56	1287277	0:05:18	1539.4
2025-11-19 02:45:57	1288655	0:05:20	1525.6
2025-11-19 02:45:58	1290251	0:05:18	1526.1
2025-11-19 02:45:59	1291523	0:05:21	1508.9
2025-11-19 02:46:00	1293006	0:05:24	1491.4
2025-11-19 02:46:01	1294870	0:05:19	1508.5
2025-11-19 02:46:02	1296402	0:05:17	1514.7
2025-11-19 02:46:03	1298404	0:05:14	1520.2
2025-11-19 02:46:04	1299985	0:05:14	1517.5
2025-11-19 02:46:05	1301607	0:05:12	1519.5
2025-11-19 02:46:06	1302880	0:05:16	1499.5
2025-11-19 02:46:07	1304013	0:05:17	1487.1
2025-11-19 02:46:08	1305601	0:05:14	1499.6
2025-11-19 02:46:09	1306302	0:05:21	1464.2
2025-11-19 02:46:10	1307183	0:05:22	1456.5
2025-11-19 02:46:11	1307405	0:05:29	1426.4
2025-11-19 02:46:12	1307626	0:05:38	1384.6
2025-11-19 02:46:13	1307972	0:05:47	1347.5
2025-11-19 02:46:14	1308700	0:05:56	1313.4
2025-11-19 02:46:15	1309406	0:06:00	1297.7
2025-11-19 02:46:16	1310063	0:06:10	1258.3
2025-11-19 02:46:17	1311759	0:06:06	1269.8
2025-11-19 02:46:18	1312778	0:06:09	1257.6
2025-11-19 02:46:19	1314182	0:06:08	1256.9
2025-11-19 02:46:20	1315976	0:06:09	1248.5
2025-11-19 02:46:21	1317282	0:06:11	1235.9
2025-11-19 02:46:22	1318569	0:06:15	1221.2
2025-11-19 02:46:23	1319917	0:06:15	1217.4
2025-11-19 02:46:24	1321536	0:06:11	1225.0
2025-11-19 02:46:25	1322437	0:06:18	1200.6
2025-11-19 02:46:26	1322666	0:06:31	1161.3
2025-11-19 02:46:27	1323006	0:06:45	1119.7
2025-11-19 02:46:28	1323406	0:06:56	1089.9
2025-11-19 02:46:29	1323814	0:07:10	1053.5
2025-11-19 02:46:30	1324384	0:07:28	1009.4
2025-11-19 02:46:31	1325769	0:07:29	1003.7
2025-11-19 02:46:32	1326260	0:07:52	953.1
2025-11-19 02:46:33	1326940	0:08:07	922.1
2025-11-19 02:46:34	1327208	0:08:33	875.8
2025-11-19 02:46:35	1327591	0:08:52	844.1
2025-11-19 02:46:36	1328291	0:09:00	829.6
2025-11-19 02:46:37	1329410	0:09:09	814.2
2025-11-19 02:46:39	1330077	0:09:10	812.2
2025-11-19 02:46:40	1331692	0:08:51	838.0
2025-11-19 02:46:41	1333320	0:08:20	886.0
2025-11-19 02:46:42	1334949	0:07:53	934.2
2025-11-19 02:46:43	1336585	0:07:30	978.4
2025-11-19 02:46:44	1338411	0:07:11	1016.8
2025-11-19 02:46:45	1340460	0:06:50	1063.9
2025-11-19 02:46:46	1342281	0:06:33	1103.8
2025-11-19 02:46:47	1343175	0:06:42	1076.3
2025-11-19 02:46:48	1344670	0:06:35	1092.3
2025-11-19 02:46:49	1346643	0:06:26	1111.9
2025-11-19 02:46:50	1348425	0:06:25	1111.5
2025-11-19 02:46:51	1350082	0:06:19	1123.6
2025-11-19 02:46:52	1351800	0:06:13	1137.5
2025-11-19 02:46:53	1353756	0:06:05	1158.5
2025-11-19 02:46:54	1355230	0:06:05	1153.4
2025-11-19 02:46:55	1356421	0:06:01	1164.3
2025-11-19 02:46:56	1358010	0:05:45	1210.9
2025-11-19 02:46:57	1359905	0:05:29	1263.7
2025-11-19 02:46:58	1361596	0:05:17	1307.9
2025-11-19 02:46:59	1363167	0:05:06	1348.5
2025-11-19 02:47:00	1364749	0:04:57	1383.1
2025-11-19 02:47:01	1365676	0:05:00	1367.7
2025-11-19 02:47:02	1367338	0:04:50	1407.7
2025-11-19 02:47:03	1368969	0:04:43	1440.4
2025-11-19 02:47:04	1369833	0:04:38	1461.6
2025-11-19 02:47:05	1371073	0:04:32	1491.2
2025-11-19 02:47:06	1372707	0:04:25	1521.8
2025-11-19 02:47:07	1374026	0:04:23	1528.0
2025-11-19 02:47:08	1376030	0:04:14	1575.5
2025-11-19 02:47:09	1377708	0:04:13	1577.2
2025-11-19 02:47:10	1379435	0:04:11	1580.6
2025-11-19 02:47:11	1380334	0:04:14	1555.4
2025-11-19 02:47:12	1381589	0:04:16	1542.2
2025-11-19 02:47:13	1383325	0:04:15	1539.1
2025-11-19 02:47:14	1384830	0:04:17	1520.7
2025-11-19 02:47:15	1386382	0:04:18	1511.6
2025-11-19 02:47:16	1388133	0:04:12	1540.9
2025-11-19 02:47:17	1389749	0:04:10	1545.4
2025-11-19 02:47:18	1391340	0:04:11	1532.3
2025-11-19 02:47:19	1393210	0:04:09	1535.3
2025-11-19 02:47:20	1395048	0:04:07	1541.9
2025-11-19 02:47:21	1395700	0:04:13	1506.3
2025-11-19 02:47:22	1396229	0:04:21	1457.3
2025-11-19 02:47:23	1396554	0:04:28	1418.2
2025-11-19 02:47:24	1397280	0:04:30	1402.2
2025-11-19 02:47:25	1398127	0:04:35	1376.9
2025-11-19 02:47:26	1399361	0:04:38	1354.6
2025-11-19 02:47:27	1400289	0:04:43	1328.4
2025-11-19 02:47:28	1401403	0:04:46	1312.6
2025-11-19 02:47:29	1402699	0:04:47	1302.9
2025-11-19 02:47:30	1404080	0:04:42	1318.9
2025-11-19 02:47:31	1405536	0:04:43	1312.0
2025-11-19 02:47:32	1407014	0:04:43	1306.5
2025-11-19 02:47:33	1408179	0:04:40	1316.6
2025-11-19 02:47:34	1409938	0:04:35	1334.3
2025-11-19 02:47:35	1411113	0:04:37	1319.9
2025-11-19 02:47:36	1412693	0:04:33	1329.3
2025-11-19 02:47:37	1413824	0:04:39	1299.4
2025-11-19 02:47:38	1415401	0:04:39	1294.7
2025-11-19 02:47:39	1417154	0:04:37	1295.6
2025-11-19 02:47:40	1418529	0:04:33	1311.7
2025-11-19 02:47:41	1420258	0:04:28	1327.0
2025-11-19 02:47:42	1421875	0:04:28	1323.4
2025-11-19 02:47:43	1422753	0:04:31	1302.2
2025-11-19 02:47:44	1424221	0:04:31	1299.8
2025-11-19 02:47:45	1425402	0:04:35	1277.6
2025-11-19 02:47:46	1427106	0:04:33	1279.5
2025-11-19 02:47:47	1428565	0:04:32	1278.4
2025-11-19 02:47:48	1430409	0:04:31	1275.9
2025-11-19 02:47:49	1432253	0:04:30	1274.6
2025-11-19 02:47:50	1433491	0:04:25	1294.4
2025-11-19 02:47:51	1434889	0:04:18	1322.8
2025-11-19 02:47:52	1436183	0:04:11	1356.0
2025-11-19 02:47:53	1436769	0:04:11	1351.3
2025-11-19 02:47:54	1437963	0:04:08	1363.3
2025-11-19 02:47:55	1439397	0:04:06	1370.0
2025-11-19 02:47:56	1440700	0:04:02	1384.7
2025-11-19 02:47:57	1441775	0:04:02	1381.4
2025-11-19 02:47:58	1443530	0:03:58	1398.7
2025-11-19 02:47:59	1445115	0:03:56	1404.3
2025-11-19 02:48:00	1446940	0:03:52	1416.9
2025-11-19 02:48:01	1448202	0:03:53	1408.7
2025-11-19 02:48:02	1450000	0:03:48	1427.5
2025-11-19 02:48:03	1451888	0:03:46	1431.9
2025-11-19 02:48:04	1453665	0:03:42	1453.8
2025-11-19 02:48:05	1455109	0:03:42	1444.0
2025-11-19 02:48:06	1456559	0:03:40	1454.7
2025-11-19 02:48:07	1457686	0:03:41	1438.8
2025-11-19 02:48:08	1459216	0:03:41	1431.5
2025-11-19 02:48:09	1459972	0:03:44	1409.7
2025-11-19 02:48:10	1460952	0:03:48	1383.4
2025-11-19 02:48:11	1461621	0:03:52	1353.4
2025-11-19 02:48:12	1463170	0:03:47	1376.6
2025-11-19 02:48:13	1464338	0:03:48	1368.8
2025-11-19 02:48:14	1465750	0:03:45	1378.0
2025-11-19 02:48:15	1467251	0:03:46	1369.6
2025-11-19 02:48:16	1468658	0:03:46	1363.3
2025-11-19 02:48:17	1470160	0:03:46	1356.3
2025-11-19 02:48:18	1471739	0:03:47	1343.7
2025-11-19 02:48:19	1473001	0:03:45	1350.4
2025-11-19 02:48:20	1474546	0:03:44	1346.2
2025-11-19 02:48:21	1476152	0:03:41	1358.6
2025-11-19 02:48:22	1477014	0:03:39	1365.3
2025-11-19 02:48:23	1477825	0:03:40	1354.3
2025-11-19 02:48:24	1478348	0:03:45	1323.3
2025-11-19 02:48:25	1479298	0:03:46	1313.2
2025-11-19 02:48:26	1480385	0:03:47	1305.4
2025-11-19 02:48:27	1481424	0:03:47	1299.4
2025-11-19 02:48:28	1482173	0:03:53	1260.7
2025-11-19 02:48:29	1482662	0:04:03	1209.5
2025-11-19 02:48:30	1483592	0:04:04	1200.5
2025-11-19 02:48:31	1485696	0:04:00	1212.7
2025-11-19 02:48:32	1486798	0:04:00	1205.3
2025-11-19 02:48:33	1488286	0:04:02	1188.5
2025-11-19 02:48:34	1489898	0:04:02	1185.5
2025-11-19 02:48:35	1491556	0:03:59	1193.8
2025-11-19 02:48:36	1493138	0:03:55	1206.2
2025-11-19 02:48:37	1495063	0:03:50	1225.2
2025-11-19 02:48:38	1496416	0:03:45	1243.5
2025-11-19 02:48:39	1498133	0:03:40	1266.0
2025-11-19 02:48:40	1499944	0:03:32	1304.3
2025-11-19 02:48:41	1501546	0:03:29	1311.6
2025-11-19 02:48:42	1503367	0:03:26	1324.5
2025-11-19 02:48:43	1505219	0:03:21	1349.1
2025-11-19 02:48:44	1507207	0:03:16	1369.9
2025-11-19 02:48:45	1508689	0:03:14	1379.7
2025-11-19 02:48:46	1510419	0:03:11	1391.3
2025-11-19 02:48:47	1512148	0:03:09	1394.7
2025-11-19 02:48:48	1513786	0:03:08	1394.4
2025-11-19 02:48:49	1514639	0:03:09	1384.0
2025-11-19 02:48:50	1516480	0:03:07	1389.5
2025-11-19 02:48:51	1517770	0:03:06	1389.6
2025-11-19 02:48:52	1519412	0:03:01	1414.9
2025-11-19 02:48:53	1521042	0:02:55	1457.6
2025-11-19 02:48:54	1522686	0:02:51	1481.3
2025-11-19 02:48:55	1523809	0:02:49	1488.8
2025-11-19 02:48:56	1525611	0:02:45	1514.6
2025-11-19 02:48:57	1527126	0:02:42	1538.6
2025-11-19 02:48:58	1528924	0:02:36	1581.4
2025-11-19 02:48:59	1530347	0:02:33	1604.7
2025-11-19 02:49:00	1532077	0:02:33	1599.6
2025-11-19 02:49:01	1533415	0:02:31	1603.4
2025-11-19 02:49:02	1535062	0:02:30	1606.2
2025-11-19 02:49:03	1536700	0:02:29	1604.4
2025-11-19 02:49:04	1538415	0:02:27	1613.9
2025-11-19 02:49:05	1540141	0:02:26	1612.2
2025-11-19 02:49:06	1542015	0:02:24	1621.6
2025-11-19 02:49:07	1543735	0:02:23	1630.1
2025-11-19 02:49:08	1545428	0:02:22	1624.0
2025-11-19 02:49:09	1547335	0:02:20	1636.7
2025-11-19 02:49:10	1548789	0:02:20	1618.7
2025-11-19 02:49:12	1549519	0:02:23	1581.9
2025-11-19 02:49:13	1550253	0:02:26	1551.5
2025-11-19 02:49:14	1551285	0:02:28	1523.7
2025-11-19 02:49:15	1552507	0:02:28	1506.4
2025-11-19 02:49:16	1553217	0:02:31	1475.5
2025-11-19 02:49:17	1554043	0:02:34	1442.6
2025-11-19 02:49:18	1554683	0:02:38	1404.2
2025-11-19 02:49:19	1555588	0:02:38	1397.7
2025-11-19 02:49:20	1556920	0:02:38	1389.3
2025-11-19 02:49:21	1558276	0:02:37	1384.4
2025-11-19 02:49:22	1559212	0:02:38	1372.5
2025-11-19 02:49:23	1560936	0:02:37	1372.6
2025-11-19 02:49:24	1562130	0:02:38	1358.9
2025-11-19 02:49:25	1563057	0:02:39	1343.7
2025-11-19 02:49:26	1564070	0:02:40	1327.7
2025-11-19 02:49:27	1565495	0:02:40	1320.1
2025-11-19 02:49:28	1566740	0:02:41	1297.9
2025-11-19 02:49:29	1567841	0:02:42	1282.9
2025-11-19 02:49:30	1568622	0:02:45	1261.6
2025-11-19 02:49:31	1570345	0:02:43	1267.1
2025-11-19 02:49:32	1571671	0:02:43	1252.8
2025-11-19 02:49:33	1572865	0:02:44	1240.7
2025-11-19 02:49:34	1574323	0:02:44	1231.4
2025-11-19 02:49:35	1575721	0:02:44	1221.1
2025-11-19 02:49:36	1576979	0:02:45	1206.1
2025-11-19 02:49:37	1578096	0:02:48	1179.7
2025-11-19 02:49:38	1579548	0:02:48	1169.8
2025-11-19 02:49:39	1581111	0:02:48	1159.2
2025-11-19 02:49:40	1582564	0:02:48	1156.7
2025-11-19 02:49:41	1583286	0:02:48	1150.8
2025-11-19 02:49:42	1583912	0:02:47	1149.2
2025-11-19 02:49:43	1584878	0:02:47	1148.2
2025-11-19 02:49:44	1586250	0:02:45	1154.1
2025-11-19 02:49:45	1587129	0:02:44	1154.9
2025-11-19 02:49:46	1588201	0:02:42	1163.7
2025-11-19 02:49:47	1589142	0:02:39	1176.0
2025-11-19 02:49:48	1590407	0:02:37	1187.0
2025-11-19 02:49:49	1591896	0:02:34	1196.1
2025-11-19 02:49:50	1592969	0:02:34	1189.8
2025-11-19 02:49:51	1594619	0:02:31	1205.7
2025-11-19 02:49:52	1596575	0:02:27	1223.1
2025-11-19 02:49:53	1598261	0:02:24	1233.5
2025-11-19 02:49:54	1599899	0:02:20	1257.7
2025-11-19 02:49:55	1601345	0:02:17	1276.6
2025-11-19 02:49:56	1603058	0:02:15	1287.2
2025-11-19 02:49:57	1604562	0:02:13	1293.2
2025-11-19 02:49:58	1605789	0:02:11	1299.1
2025-11-19 02:49:59	1607490	0:02:08	1323.2
2025-11-19 02:50:00	1608875	0:02:07	1322.4
2025-11-19 02:50:01	1610234	0:02:06	1315.6
2025-11-19 02:50:02	1611601	0:02:05	1317.8
2025-11-19 02:50:03	1613405	0:02:02	1334.9
2025-11-19 02:50:04	1614861	0:02:00	1341.7
2025-11-19 02:50:05	1616703	0:01:57	1359.8
2025-11-19 02:50:06	1618145	0:01:55	1372.3
2025-11-19 02:50:07	1619752	0:01:53	1385.2
2025-11-19 02:50:08	1621652	0:01:51	1390.6
2025-11-19 02:50:09	1622847	0:01:51	1376.6
2025-11-19 02:50:10	1624630	0:01:48	1403.2
2025-11-19 02:50:11	1626084	0:01:45	1434.7
2025-11-19 02:50:12	1627919	0:01:42	1459.5
2025-11-19 02:50:13	1629271	0:01:41	1453.4
2025-11-19 02:50:14	1631118	0:01:38	1484.9
2025-11-19 02:50:15	1632759	0:01:35	1505.7
2025-11-19 02:50:16	1633881	0:01:34	1511.2
2025-11-19 02:50:17	1635390	0:01:32	1522.9
2025-11-19 02:50:18	1636315	0:01:33	1503.9
2025-11-19 02:50:19	1636490	0:01:35	1476.6
2025-11-19 02:50:20	1636772	0:01:37	1432.0
2025-11-19 02:50:21	1637007	0:01:41	1373.8
2025-11-19 02:50:22	1637509	0:01:44	1339.7
2025-11-19 02:50:23	1637931	0:01:47	1296.5
2025-11-19 02:50:24	1638478	0:01:48	1271.0
2025-11-19 02:50:25	1639696	0:01:49	1249.5
2025-11-19 02:50:26	1640948	0:01:49	1238.1
2025-11-19 02:50:27	1642167	0:01:49	1235.5
2025-11-19 02:50:28	1643545	0:01:49	1216.7
2025-11-19 02:50:29	1645083	0:01:47	1225.2
2025-11-19 02:50:30	1646315	0:01:46	1224.9
2025-11-19 02:50:31	1648278	0:01:43	1236.9
2025-11-19 02:50:32	1650367	0:01:40	1264.9
2025-11-19 02:50:33	1652031	0:01:39	1260.4
2025-11-19 02:50:34	1653275	0:01:40	1233.0
2025-11-19 02:50:35	1655030	0:01:37	1248.9
2025-11-19 02:50:36	1656777	0:01:36	1246.4
2025-11-19 02:50:37	1658505	0:01:33	1267.0
2025-11-19 02:50:38	1660561	0:01:30	1279.0
2025-11-19 02:50:39	1662052	0:01:29	1284.9
2025-11-19 02:50:40	1663782	0:01:27	1290.0
2025-11-19 02:50:41	1665841	0:01:25	1304.3
2025-11-19 02:50:42	1667462	0:01:24	1297.8
2025-11-19 02:50:43	1668968	0:01:23	1299.9
2025-11-19 02:50:44	1670892	0:01:20	1312.2
2025-11-19 02:50:45	1672884	0:01:18	1329.4
2025-11-19 02:50:46	1674457	0:01:16	1335.0
2025-11-19 02:50:47	1676200	0:01:14	1350.0
2025-11-19 02:50:48	1677636	0:01:11	1392.9
2025-11-19 02:50:49	1679280	0:01:07	1441.3
2025-11-19 02:50:50	1681040	0:01:04	1491.8
2025-11-19 02:50:51	1682784	0:01:01	1540.5
2025-11-19 02:50:52	1684207	0:00:58	1571.9
2025-11-19 02:50:53	1684972	0:00:58	1577.5
2025-11-19 02:50:54	1686062	0:00:57	1583.8
2025-11-19 02:50:55	1687911	0:00:55	1609.5
2025-11-19 02:50:56	1689281	0:00:54	1616.3
2025-11-19 02:50:57	1690708	0:00:53	1614.2
2025-11-19 02:50:58	1692445	0:00:51	1628.4
2025-11-19 02:50:59	1693908	0:00:50	1627.9
2025-11-19 02:51:00	1695676	0:00:49	1633.4
2025-11-19 02:51:01	1697395	0:00:49	1621.9
2025-11-19 02:51:02	1698998	0:00:48	1609.5
2025-11-19 02:51:04	1700127	0:00:47	1601.0
2025-11-19 02:51:05	1701633	0:00:47	1594.8
2025-11-19 02:51:06	1702842	0:00:46	1584.6
2025-11-19 02:51:07	1703922	0:00:46	1556.5
2025-11-19 02:51:08	1705339	0:00:46	1547.8
2025-11-19 02:51:09	1706904	0:00:45	1537.3
2025-11-19 02:51:10	1708204	0:00:44	1526.8
2025-11-19 02:51:11	1709812	0:00:44	1516.8
2025-11-19 02:51:12	1711601	0:00:43	1517.4
2025-11-19 02:51:13	1713135	0:00:42	1505.6
2025-11-19 02:51:14	1714783	0:00:41	1507.1
2025-11-19 02:51:15	1716207	0:00:40	1491.7
2025-11-19 02:51:16	1717704	0:00:39	1481.4
2025-11-19 02:51:17	1719267	0:00:38	1478.9
2025-11-19 02:51:18	1720728	0:00:38	1468.4
2025-11-19 02:51:19	1722386	0:00:36	1474.8
2025-11-19 02:51:20	1724038	0:00:35	1472.6
2025-11-19 02:51:21	1725698	0:00:34	1475.9
2025-11-19 02:51:22	1727266	0:00:33	1464.8
2025-11-19 02:51:23	1728896	0:00:32	1487.0
2025-11-19 02:51:24	1730590	0:00:30	1522.1
2025-11-19 02:51:25	1732303	0:00:29	1518.7
2025-11-19 02:51:26	1733327	0:00:28	1502.2
2025-11-19 02:51:27	1735064	0:00:27	1512.0
2025-11-19 02:51:28	1736401	0:00:26	1508.2
2025-11-19 02:51:29	1737999	0:00:25	1500.4
2025-11-19 02:51:30	1739710	0:00:24	1509.6
2025-11-19 02:51:31	1741194	0:00:23	1497.7
2025-11-19 02:51:32	1742484	0:00:23	1486.1
2025-11-19 02:51:33	1743795	0:00:22	1482.6
2025-11-19 02:51:34	1744585	0:00:21	1474.4
2025-11-19 02:51:35	1746237	0:00:20	1470.7
2025-11-19 02:51:36	1747083	0:00:20	1465.5
2025-11-19 02:51:37	1748508	0:00:19	1470.3
2025-11-19 02:51:38	1749480	0:00:18	1462.0
2025-11-19 02:51:39	1750708	0:00:18	1449.8
2025-11-19 02:51:40	1751679	0:00:17	1438.5
2025-11-19 02:51:41	1753365	0:00:16	1437.5
2025-11-19 02:51:42	1754575	0:00:15	1421.7
2025-11-19 02:51:43	1756179	0:00:14	1418.1
2025-11-19 02:51:44	1757755	0:00:13	1430.6
2025-11-19 02:51:45	1759329	0:00:12	1422.4
2025-11-19 02:51:46	1760400	0:00:11	1418.4
2025-11-19 02:51:47	1761937	0:00:10	1416.0
2025-11-19 02:51:48	1763425	0:00:09	1408.7
2025-11-19 02:51:49	1764762	0:00:08	1398.8
2025-11-19 02:51:50	1766353	0:00:07	1392.8
2025-11-19 02:51:51	1767850	0:00:06	1394.6
2025-11-19 02:51:52	1769308	0:00:05	1390.1
2025-11-19 02:51:53	1770892	0:00:04	1388.1
2025-11-19 02:51:54	1772162	0:00:03	1373.7
2025-11-19 02:51:55	1773687	0:00:02	1370.7
2025-11-19 02:51:56	1775250	0:00:01	1386.1
