2025-11-19 05:05:33	2	291:12:43	1.7
2025-11-19 05:05:34	282	3:49:06	129.2
2025-11-19 05:05:35	953	1:38:51	299.4
2025-11-19 05:05:36	2069	1:04:12	460.7
2025-11-19 05:05:37	2493	1:05:09	453.9
2025-11-19 05:05:38	3174	1:00:46	486.4
2025-11-19 05:05:39	4722	0:47:04	627.3
2025-11-19 05:05:40	6651	0:37:49	779.9
2025-11-19 05:05:41	8347	0:33:39	875.9
2025-11-19 05:05:42	9152	0:33:54	869.1
2025-11-19 05:05:44	10478	0:32:28	906.6
2025-11-19 05:05:45	12257	0:30:07	976.0
2025-11-19 05:05:46	13406	0:29:43	988.6
2025-11-19 05:05:47	14716	0:29:03	1010.6
2025-11-19 05:05:48	16462	0:27:44	1057.8
2025-11-19 05:05:49	18167	0:26:43	1096.8
2025-11-19 05:05:50	20397	0:25:14	1159.6
2025-11-19 05:05:51	22366	0:24:23	1198.7
2025-11-19 05:05:52	24009	0:23:55	1221.2
2025-11-19 05:05:53	25542	0:23:43	1230.3
2025-11-19 05:05:54	27590	0:22:59	1267.9
2025-11-19 05:05:55	29423	0:22:32	1292.5
2025-11-19 05:05:56	31742	0:21:46	1335.6
2025-11-19 05:05:57	33163	0:21:42	1338.9
2025-11-19 05:05:58	34841	0:21:28	1352.0
2025-11-19 05:05:59	36512	0:21:16	1363.9
2025-11-19 05:06:00	38801	0:20:44	1397.1
2025-11-19 05:06:01	40920	0:20:20	1422.2
2025-11-19 05:06:02	42674	0:20:09	1433.3
2025-11-19 05:06:03	44734	0:19:06	1511.4
2025-11-19 05:06:04	46596	0:18:25	1564.9
2025-11-19 05:06:05	48588	0:17:53	1609.7
2025-11-19 05:06:06	50089	0:17:33	1638.9
2025-11-19 05:06:07	52231	0:16:56	1697.2
2025-11-19 05:06:08	53877	0:16:34	1732.0
2025-11-19 05:06:09	56010	0:16:23	1750.5
2025-11-19 05:06:10	57213	0:16:36	1725.2
2025-11-19 05:06:11	59336	0:16:27	1739.6
2025-11-19 05:06:12	60799	0:16:13	1762.0
2025-11-19 05:06:13	63347	0:15:50	1803.6
2025-11-19 05:06:14	64611	0:15:57	1787.9
2025-11-19 05:06:15	66992	0:15:34	1829.2
2025-11-19 05:06:16	68821	0:15:24	1847.8
2025-11-19 05:06:17	70563	0:15:23	1848.1
2025-11-19 05:06:18	71514	0:15:36	1821.2
2025-11-19 05:06:19	71912	0:16:09	1758.2
2025-11-19 05:06:20	73611	0:16:13	1750.2
2025-11-19 05:06:21	75012	0:16:14	1747.2
2025-11-19 05:06:22	75968	0:16:26	1724.1
2025-11-19 05:06:23	77535	0:16:28	1719.3
2025-11-19 05:06:24	78958	0:16:37	1702.1
2025-11-19 05:06:25	80367	0:16:53	1674.4
2025-11-19 05:06:26	82241	0:16:46	1683.6
2025-11-19 05:06:27	83345	0:16:58	1663.1
2025-11-19 05:06:28	85838	0:16:36	1697.8
2025-11-19 05:06:29	87694	0:16:40	1687.6
2025-11-19 05:06:30	90092	0:16:28	1705.7
2025-11-19 05:06:31	91479	0:16:42	1680.6
2025-11-19 05:06:32	93534	0:16:36	1689.4
2025-11-19 05:06:33	95171	0:16:46	1671.3
2025-11-19 05:06:34	96146	0:17:08	1633.9
2025-11-19 05:06:35	97757	0:17:06	1635.1
2025-11-19 05:06:36	99531	0:17:09	1628.6
2025-11-19 05:06:37	101430	0:17:05	1633.0
2025-11-19 05:06:38	103752	0:17:05	1631.8
2025-11-19 05:06:39	105488	0:16:50	1653.6
2025-11-19 05:06:40	107457	0:16:51	1650.0
2025-11-19 05:06:41	109593	0:16:37	1670.7
2025-11-19 05:06:42	111239	0:16:52	1645.7
2025-11-19 05:06:43	113180	0:16:43	1658.1
2025-11-19 05:06:44	114690	0:16:56	1635.6
2025-11-19 05:06:45	116786	0:16:51	1641.4
2025-11-19 05:06:46	118121	0:16:54	1634.8
2025-11-19 05:06:47	119687	0:16:49	1641.1
2025-11-19 05:06:48	121174	0:16:25	1679.2
2025-11-19 05:06:49	123236	0:16:15	1694.4
2025-11-19 05:06:50	125146	0:15:59	1721.0
2025-11-19 05:06:51	127146	0:15:39	1755.6
2025-11-19 05:06:52	129556	0:15:23	1784.4
2025-11-19 05:06:53	131092	0:15:20	1788.3
2025-11-19 05:06:54	132979	0:15:11	1804.3
2025-11-19 05:06:55	133835	0:15:28	1769.3
2025-11-19 05:06:56	135244	0:15:22	1779.6
2025-11-19 05:06:57	136690	0:15:40	1743.7
2025-11-19 05:06:58	139265	0:15:28	1763.9
2025-11-19 05:06:59	140582	0:15:47	1726.9
2025-11-19 05:07:00	143077	0:15:26	1762.7
2025-11-19 05:07:01	145408	0:15:21	1771.1
2025-11-19 05:07:02	147245	0:15:16	1778.2
2025-11-19 05:07:03	149224	0:14:58	1812.5
2025-11-19 05:07:04	150786	0:14:58	1810.6
2025-11-19 05:07:05	153439	0:14:41	1842.3
2025-11-19 05:07:06	155109	0:14:42	1837.0
2025-11-19 05:07:07	157266	0:14:44	1831.4
2025-11-19 05:07:08	158688	0:14:48	1820.8
2025-11-19 05:07:09	160831	0:14:44	1827.2
2025-11-19 05:07:10	163047	0:14:41	1829.9
2025-11-19 05:07:11	164515	0:14:44	1822.3
2025-11-19 05:07:12	166182	0:14:48	1812.5
2025-11-19 05:07:13	167591	0:14:49	1809.2
2025-11-19 05:07:14	168815	0:15:03	1779.9
2025-11-19 05:07:15	169775	0:15:09	1766.7
2025-11-19 05:07:16	171094	0:15:13	1757.5
2025-11-19 05:07:17	173146	0:15:02	1776.9
2025-11-19 05:07:18	174631	0:15:11	1757.2
2025-11-19 05:07:19	176614	0:15:09	1759.8
2025-11-19 05:07:20	178092	0:15:17	1741.7
2025-11-19 05:07:21	179793	0:15:30	1717.3
2025-11-19 05:07:22	180683	0:15:41	1695.5
2025-11-19 05:07:23	181268	0:16:06	1650.7
2025-11-19 05:07:24	181568	0:16:17	1631.7
2025-11-19 05:07:25	181861	0:16:41	1591.9
2025-11-19 05:07:26	182120	0:17:07	1551.3
2025-11-19 05:07:27	182561	0:17:55	1482.3
2025-11-19 05:07:28	183063	0:18:16	1454.0
2025-11-19 05:07:29	183942	0:19:00	1396.3
2025-11-19 05:07:30	185979	0:19:07	1386.4
2025-11-19 05:07:31	187263	0:19:22	1367.5
2025-11-19 05:07:32	188328	0:19:48	1336.2
2025-11-19 05:07:33	189968	0:19:45	1338.1
2025-11-19 05:07:34	191857	0:20:08	1312.0
2025-11-19 05:07:35	192902	0:20:27	1290.7
2025-11-19 05:07:36	195531	0:20:09	1307.0
2025-11-19 05:07:37	197019	0:20:06	1309.0
2025-11-19 05:07:38	199127	0:20:06	1308.0
2025-11-19 05:07:39	200482	0:20:33	1278.5
2025-11-19 05:07:40	201921	0:20:32	1278.0
2025-11-19 05:07:42	203015	0:20:50	1258.6
2025-11-19 05:07:43	204876	0:20:33	1274.1
2025-11-19 05:07:44	206283	0:20:26	1280.2
2025-11-19 05:07:45	208816	0:19:35	1334.0
2025-11-19 05:07:46	210315	0:19:28	1340.1
2025-11-19 05:07:47	212480	0:19:23	1344.3
2025-11-19 05:07:48	215074	0:18:49	1382.9
2025-11-19 05:07:49	216973	0:18:50	1379.4
2025-11-19 05:07:50	219008	0:18:33	1399.6
2025-11-19 05:07:51	220405	0:18:40	1389.0
2025-11-19 05:07:52	222352	0:18:11	1424.8
2025-11-19 05:07:53	223786	0:17:48	1454.1
2025-11-19 05:07:54	225621	0:17:09	1506.7
2025-11-19 05:07:55	226606	0:16:51	1532.1
2025-11-19 05:07:56	228746	0:16:09	1596.5
2025-11-19 05:07:57	229728	0:15:57	1615.0
2025-11-19 05:07:58	231836	0:15:24	1670.4
2025-11-19 05:07:59	233183	0:15:12	1691.6
2025-11-19 05:08:00	234538	0:15:24	1668.6
2025-11-19 05:08:01	235697	0:15:26	1663.3
2025-11-19 05:08:02	237614	0:15:09	1692.7
2025-11-19 05:08:03	239449	0:15:04	1700.1
2025-11-19 05:08:04	239758	0:15:34	1645.3
2025-11-19 05:08:05	239883	0:15:52	1613.4
2025-11-19 05:08:06	240048	0:16:46	1527.5
2025-11-19 05:08:07	240308	0:17:14	1484.8
2025-11-19 05:08:08	240480	0:18:04	1416.4
2025-11-19 05:08:09	240662	0:18:36	1376.2
2025-11-19 05:08:10	241361	0:18:57	1350.4
2025-11-19 05:08:11	242786	0:18:50	1357.6
2025-11-19 05:08:12	245005	0:18:37	1371.2
2025-11-19 05:08:13	246231	0:18:40	1365.5
2025-11-19 05:08:14	247848	0:19:07	1332.6
2025-11-19 05:08:15	249201	0:19:09	1328.5
2025-11-19 05:08:16	251554	0:18:57	1340.7
2025-11-19 05:08:17	253003	0:19:38	1292.9
2025-11-19 05:08:18	254957	0:19:35	1294.8
2025-11-19 05:08:19	256343	0:19:57	1270.2
2025-11-19 05:08:20	258089	0:19:44	1281.8
2025-11-19 05:08:21	260145	0:19:40	1285.2
2025-11-19 05:08:22	261085	0:19:54	1268.7
2025-11-19 05:08:23	261928	0:20:21	1240.6
2025-11-19 05:08:24	264298	0:19:39	1282.3
2025-11-19 05:08:25	265781	0:19:54	1264.7
2025-11-19 05:08:26	267517	0:19:36	1283.0
2025-11-19 05:08:27	267996	0:20:31	1225.2
2025-11-19 05:08:28	268150	0:21:11	1186.6
2025-11-19 05:08:29	268298	0:21:59	1143.3
2025-11-19 05:08:30	268498	0:22:39	1109.4
2025-11-19 05:08:31	268785	0:23:49	1054.9
2025-11-19 05:08:32	269413	0:24:47	1013.5
2025-11-19 05:08:33	271456	0:23:22	1073.5
2025-11-19 05:08:34	272624	0:22:36	1108.9
2025-11-19 05:08:35	275317	0:20:55	1195.6
2025-11-19 05:08:36	277103	0:20:01	1247.9
2025-11-19 05:08:37	278777	0:19:11	1300.5
2025-11-19 05:08:38	279952	0:18:41	1334.3
2025-11-19 05:08:39	281918	0:18:05	1377.7
2025-11-19 05:08:40	283676	0:17:50	1394.6
2025-11-19 05:08:41	285066	0:18:11	1366.3
2025-11-19 05:08:42	286460	0:18:06	1371.2
2025-11-19 05:08:43	288262	0:17:59	1378.4
2025-11-19 05:08:44	290083	0:17:46	1394.3
2025-11-19 05:08:45	292363	0:17:46	1392.0
2025-11-19 05:08:46	294175	0:17:36	1403.4
2025-11-19 05:08:47	295072	0:18:01	1369.8
2025-11-19 05:08:48	295704	0:18:22	1343.6
2025-11-19 05:08:49	296594	0:18:46	1314.2
2025-11-19 05:08:50	297293	0:19:27	1267.8
2025-11-19 05:08:51	298594	0:19:15	1279.3
2025-11-19 05:08:52	300610	0:18:38	1319.6
2025-11-19 05:08:53	301776	0:19:13	1279.4
2025-11-19 05:08:54	303951	0:18:51	1302.2
2025-11-19 05:08:55	305659	0:18:47	1304.7
2025-11-19 05:08:56	307227	0:18:13	1343.5
2025-11-19 05:08:57	309233	0:17:21	1408.8
2025-11-19 05:08:58	310863	0:16:44	1459.2
2025-11-19 05:08:59	313116	0:15:56	1530.6
2025-11-19 05:09:00	314440	0:15:33	1566.2
2025-11-19 05:09:01	316494	0:15:04	1615.2
2025-11-19 05:09:02	317988	0:15:13	1596.3
2025-11-19 05:09:03	320192	0:14:52	1631.8
2025-11-19 05:09:04	321740	0:15:13	1592.4
2025-11-19 05:09:05	323585	0:15:16	1585.9
2025-11-19 05:09:06	325595	0:15:08	1596.9
2025-11-19 05:09:07	327630	0:14:51	1626.6
2025-11-19 05:09:08	329004	0:15:01	1606.2
2025-11-19 05:09:09	330422	0:15:07	1594.4
2025-11-19 05:09:10	332328	0:14:56	1612.1
2025-11-19 05:09:11	333983	0:14:49	1621.9
2025-11-19 05:09:12	336290	0:14:39	1638.7
2025-11-19 05:09:13	338003	0:14:40	1634.9
2025-11-19 05:09:14	338564	0:15:12	1576.3
2025-11-19 05:09:15	338738	0:15:45	1521.3
2025-11-19 05:09:16	338863	0:16:02	1494.7
2025-11-19 05:09:17	339137	0:16:10	1481.9
2025-11-19 05:09:18	339591	0:16:18	1468.9
2025-11-19 05:09:20	340628	0:16:11	1478.7
2025-11-19 05:09:21	342174	0:16:08	1481.0
2025-11-19 05:09:22	343534	0:16:22	1458.9
2025-11-19 05:09:23	344205	0:16:33	1441.8
2025-11-19 05:09:24	344708	0:17:13	1385.2
2025-11-19 05:09:25	346833	0:17:01	1399.4
2025-11-19 05:09:26	348119	0:17:08	1389.7
2025-11-19 05:09:27	350171	0:17:05	1391.4
2025-11-19 05:09:28	350348	0:17:43	1341.5
2025-11-19 05:09:29	350448	0:18:43	1269.6
2025-11-19 05:09:30	350648	0:19:19	1230.5
2025-11-19 05:09:31	351263	0:20:06	1181.9
2025-11-19 05:09:32	353414	0:19:42	1204.1
2025-11-19 05:09:33	354973	0:20:01	1183.3
2025-11-19 05:09:34	357333	0:19:33	1209.9
2025-11-19 05:09:35	359550	0:19:12	1229.3
2025-11-19 05:09:36	361674	0:19:07	1233.0
2025-11-19 05:09:37	364413	0:18:43	1257.0
2025-11-19 05:09:38	366125	0:18:31	1269.0
2025-11-19 05:09:39	367543	0:18:30	1268.6
2025-11-19 05:09:40	368051	0:19:13	1221.2
2025-11-19 05:09:41	368338	0:19:58	1174.9
2025-11-19 05:09:42	369309	0:20:45	1130.2
2025-11-19 05:09:43	370938	0:20:48	1125.7
2025-11-19 05:09:44	372645	0:20:05	1165.0
2025-11-19 05:09:45	374164	0:19:18	1211.2
2025-11-19 05:09:46	375568	0:18:36	1255.1
2025-11-19 05:09:47	377378	0:17:49	1308.2
2025-11-19 05:09:48	379382	0:17:09	1357.9
2025-11-19 05:09:49	381238	0:16:47	1385.7
2025-11-19 05:09:50	383206	0:16:30	1407.0
2025-11-19 05:09:51	385594	0:16:04	1442.2
2025-11-19 05:09:52	387358	0:15:38	1480.0
2025-11-19 05:09:53	389321	0:15:06	1529.9
2025-11-19 05:09:54	390548	0:15:24	1499.0
2025-11-19 05:09:55	392443	0:15:10	1520.2
2025-11-19 05:09:56	393625	0:15:28	1490.1
2025-11-19 05:09:57	395412	0:14:53	1545.4
2025-11-19 05:09:58	397331	0:14:18	1607.7
2025-11-19 05:09:59	399361	0:13:46	1667.6
2025-11-19 05:10:00	400075	0:13:43	1671.0
2025-11-19 05:10:01	401423	0:13:56	1643.6
2025-11-19 05:10:02	403120	0:13:53	1648.8
2025-11-19 05:10:03	404960	0:14:01	1630.4
2025-11-19 05:10:04	406687	0:14:09	1613.1
2025-11-19 05:10:05	408612	0:14:14	1601.3
2025-11-19 05:10:06	410255	0:14:33	1564.6
2025-11-19 05:10:07	411499	0:14:41	1549.1
2025-11-19 05:10:08	413344	0:14:32	1562.6
2025-11-19 05:10:09	415260	0:14:05	1610.8
2025-11-19 05:10:10	417017	0:13:38	1660.4
2025-11-19 05:10:11	418216	0:13:34	1668.2
2025-11-19 05:10:12	418739	0:13:53	1630.2
2025-11-19 05:10:13	419487	0:14:09	1598.0
2025-11-19 05:10:14	419976	0:14:28	1563.3
2025-11-19 05:10:15	420916	0:14:37	1545.3
2025-11-19 05:10:16	421656	0:14:58	1507.8
2025-11-19 05:10:17	422294	0:15:24	1465.2
2025-11-19 05:10:18	422584	0:16:00	1410.2
2025-11-19 05:10:19	422889	0:16:40	1353.5
2025-11-19 05:10:20	423235	0:17:34	1283.1
2025-11-19 05:10:21	423529	0:18:22	1227.9
2025-11-19 05:10:22	423706	0:19:19	1166.6
2025-11-19 05:10:23	423949	0:19:54	1133.1
2025-11-19 05:10:24	424124	0:20:58	1075.0
2025-11-19 05:10:25	424423	0:21:35	1044.4
2025-11-19 05:10:26	426673	0:21:13	1060.4
2025-11-19 05:10:27	428063	0:21:34	1041.6
2025-11-19 05:10:28	429709	0:21:47	1030.5
2025-11-19 05:10:29	431168	0:21:14	1055.5
2025-11-19 05:10:30	433185	0:20:45	1078.6
2025-11-19 05:10:31	434935	0:20:42	1079.9
2025-11-19 05:10:32	436661	0:20:45	1076.3
2025-11-19 05:10:33	438514	0:20:38	1080.4
2025-11-19 05:10:34	440139	0:20:44	1073.9
2025-11-19 05:10:35	442245	0:20:24	1089.6
2025-11-19 05:10:36	444844	0:19:32	1135.9
2025-11-19 05:10:37	446043	0:19:53	1114.9
2025-11-19 05:10:38	447283	0:20:18	1091.3
2025-11-19 05:10:39	448525	0:20:37	1073.4
2025-11-19 05:10:40	449200	0:20:57	1056.1
2025-11-19 05:10:41	450744	0:20:16	1090.1
2025-11-19 05:10:42	452068	0:19:53	1110.2
2025-11-19 05:10:43	453320	0:19:24	1136.5
2025-11-19 05:10:44	454317	0:19:20	1140.1
2025-11-19 05:10:45	455709	0:18:56	1162.1
2025-11-19 05:10:46	457312	0:18:25	1193.6
2025-11-19 05:10:47	459210	0:17:35	1248.5
2025-11-19 05:10:48	460751	0:16:59	1291.1
2025-11-19 05:10:49	462850	0:16:12	1351.0
2025-11-19 05:10:50	464625	0:15:36	1401.8
2025-11-19 05:10:51	467051	0:14:46	1478.3
2025-11-19 05:10:52	468896	0:14:12	1534.5
2025-11-19 05:10:53	470731	0:13:40	1591.2
2025-11-19 05:10:54	472433	0:13:14	1641.3
2025-11-19 05:10:55	474171	0:13:13	1642.7
2025-11-19 05:10:56	475610	0:13:20	1626.6
2025-11-19 05:10:57	476946	0:13:21	1622.8
2025-11-19 05:10:58	478400	0:13:22	1618.4
2025-11-19 05:11:00	480203	0:13:24	1612.4
2025-11-19 05:11:01	481767	0:13:28	1601.2
2025-11-19 05:11:02	483401	0:13:26	1604.8
2025-11-19 05:11:03	485451	0:13:25	1604.2
2025-11-19 05:11:04	487301	0:13:16	1619.0
2025-11-19 05:11:05	489538	0:13:13	1622.3
2025-11-19 05:11:06	491010	0:13:31	1585.4
2025-11-19 05:11:07	492617	0:13:25	1594.7
2025-11-19 05:11:08	493575	0:13:31	1580.9
2025-11-19 05:11:09	495302	0:13:22	1597.1
2025-11-19 05:11:10	496798	0:13:08	1622.9
2025-11-19 05:11:11	498554	0:13:02	1634.6
2025-11-19 05:11:12	500329	0:12:53	1649.3
2025-11-19 05:11:13	502747	0:12:37	1682.3
2025-11-19 05:11:14	504875	0:12:18	1721.6
2025-11-19 05:11:15	506120	0:12:19	1718.5
2025-11-19 05:11:16	507430	0:12:25	1703.2
2025-11-19 05:11:17	508755	0:12:29	1692.6
2025-11-19 05:11:18	509414	0:12:47	1651.5
2025-11-19 05:11:19	509791	0:13:08	1607.4
2025-11-19 05:11:20	510285	0:13:29	1564.8
2025-11-19 05:11:21	510835	0:14:05	1496.6
2025-11-19 05:11:22	511444	0:14:33	1448.5
2025-11-19 05:11:23	512537	0:14:45	1427.5
2025-11-19 05:11:24	514425	0:14:38	1437.4
2025-11-19 05:11:25	516450	0:14:40	1431.6
2025-11-19 05:11:26	518538	0:14:22	1458.6
2025-11-19 05:11:27	521114	0:13:55	1502.8
2025-11-19 05:11:28	523223	0:13:42	1525.0
2025-11-19 05:11:29	525524	0:13:26	1550.8
2025-11-19 05:11:30	527299	0:13:24	1553.6
2025-11-19 05:11:31	528769	0:13:29	1541.6
2025-11-19 05:11:32	530690	0:13:23	1551.6
2025-11-19 05:11:33	532576	0:13:17	1559.5
2025-11-19 05:11:34	534017	0:13:35	1523.9
2025-11-19 05:11:35	536174	0:13:25	1540.0
2025-11-19 05:11:36	537689	0:13:20	1547.4
2025-11-19 05:11:37	538580	0:13:27	1533.5
2025-11-19 05:11:38	539769	0:13:31	1524.9
2025-11-19 05:11:39	541806	0:13:21	1540.3
2025-11-19 05:11:40	543193	0:13:29	1523.4
2025-11-19 05:11:41	544950	0:13:25	1530.3
2025-11-19 05:11:42	546428	0:13:41	1497.3
2025-11-19 05:11:43	548092	0:13:42	1493.3
2025-11-19 05:11:44	550001	0:13:38	1499.4
2025-11-19 05:11:45	551764	0:13:26	1519.2
2025-11-19 05:11:46	554432	0:13:04	1558.8
2025-11-19 05:11:47	556206	0:12:47	1590.6
2025-11-19 05:11:48	558817	0:12:13	1660.5
2025-11-19 05:11:49	560307	0:11:55	1701.2
2025-11-19 05:11:50	562220	0:11:38	1738.5
2025-11-19 05:11:51	563485	0:11:25	1770.3
2025-11-19 05:11:52	565711	0:11:05	1820.0
2025-11-19 05:11:53	567347	0:11:10	1804.3
2025-11-19 05:11:54	569411	0:11:03	1819.6
2025-11-19 05:11:55	571103	0:11:07	1807.2
2025-11-19 05:11:56	572745	0:11:21	1767.4
2025-11-19 05:11:57	574698	0:11:18	1771.1
2025-11-19 05:11:58	576204	0:11:31	1735.9
2025-11-19 05:11:59	578281	0:11:27	1743.0
2025-11-19 05:12:00	580029	0:11:23	1750.4
2025-11-19 05:12:01	582700	0:11:08	1787.0
2025-11-19 05:12:02	584239	0:11:09	1781.4
2025-11-19 05:12:03	586453	0:11:02	1796.3
2025-11-19 05:12:04	587526	0:11:17	1756.5
2025-11-19 05:12:05	589793	0:11:09	1773.4
2025-11-19 05:12:06	591676	0:10:59	1797.9
2025-11-19 05:12:07	593220	0:10:49	1822.4
2025-11-19 05:12:08	595450	0:10:44	1833.8
2025-11-19 05:12:09	597091	0:10:44	1831.4
2025-11-19 05:12:10	599836	0:10:28	1873.5
2025-11-19 05:12:11	600642	0:10:36	1849.4
2025-11-19 05:12:12	601861	0:10:45	1821.7
2025-11-19 05:12:13	603289	0:10:46	1816.3
2025-11-19 05:12:14	605178	0:10:50	1800.9
2025-11-19 05:12:15	606644	0:10:52	1793.8
2025-11-19 05:12:16	607775	0:11:08	1749.3
2025-11-19 05:12:17	608720	0:11:24	1706.4
2025-11-19 05:12:18	610381	0:11:28	1695.0
2025-11-19 05:12:19	612372	0:11:18	1716.3
2025-11-19 05:12:20	614369	0:11:14	1724.2
2025-11-19 05:12:21	616429	0:11:11	1727.4
2025-11-19 05:12:22	618513	0:11:03	1745.3
2025-11-19 05:12:23	620347	0:11:06	1734.8
2025-11-19 05:12:24	622150	0:11:04	1737.8
2025-11-19 05:12:25	624212	0:10:57	1752.5
2025-11-19 05:12:26	625788	0:10:56	1752.8
2025-11-19 05:12:27	627743	0:10:55	1752.8
2025-11-19 05:12:28	629714	0:10:52	1758.4
2025-11-19 05:12:29	631219	0:10:54	1751.0
2025-11-19 05:12:30	633296	0:10:58	1736.4
2025-11-19 05:12:31	635062	0:11:00	1728.0
2025-11-19 05:12:32	637283	0:10:54	1740.6
2025-11-19 05:12:33	639259	0:10:45	1762.0
2025-11-19 05:12:34	641702	0:10:38	1777.0
2025-11-19 05:12:35	643359	0:10:37	1777.4
2025-11-19 05:12:36	645115	0:10:43	1758.9
2025-11-19 05:12:37	647130	0:10:36	1776.0
2025-11-19 05:12:38	649036	0:10:42	1754.6
2025-11-19 05:12:39	651321	0:10:38	1761.7
2025-11-19 05:12:40	653142	0:10:32	1776.7
2025-11-19 05:12:41	655861	0:10:10	1835.7
2025-11-19 05:12:43	657485	0:10:10	1834.8
2025-11-19 05:12:44	658852	0:10:10	1831.9
2025-11-19 05:12:45	659669	0:10:16	1813.6
2025-11-19 05:12:46	662052	0:10:05	1839.9
2025-11-19 05:12:47	663867	0:09:55	1869.0
2025-11-19 05:12:48	666306	0:09:40	1911.5
2025-11-19 05:12:49	667651	0:09:45	1895.5
2025-11-19 05:12:50	669921	0:09:39	1908.8
2025-11-19 05:12:51	671769	0:09:42	1896.1
2025-11-19 05:12:52	673615	0:09:41	1896.5
2025-11-19 05:12:53	675878	0:09:38	1903.5
2025-11-19 05:12:54	677867	0:09:32	1918.7
2025-11-19 05:12:55	679930	0:09:35	1904.5
2025-11-19 05:12:56	681886	0:09:32	1912.6
2025-11-19 05:12:57	684044	0:09:29	1917.8
2025-11-19 05:12:58	686396	0:09:21	1943.6
2025-11-19 05:12:59	688155	0:09:21	1939.9
2025-11-19 05:13:00	689883	0:09:21	1934.5
2025-11-19 05:13:01	691546	0:09:25	1917.8
2025-11-19 05:13:02	692937	0:09:27	1911.2
2025-11-19 05:13:03	694530	0:09:31	1892.3
2025-11-19 05:13:04	694919	0:09:51	1828.2
2025-11-19 05:13:05	695211	0:10:09	1775.4
2025-11-19 05:13:06	695527	0:10:28	1721.5
2025-11-19 05:13:07	696103	0:10:42	1681.8
2025-11-19 05:13:08	697203	0:10:53	1651.8
2025-11-19 05:13:09	699174	0:10:51	1654.5
2025-11-19 05:13:10	700562	0:11:05	1617.4
2025-11-19 05:13:11	702421	0:11:02	1621.6
2025-11-19 05:13:12	703760	0:11:17	1584.8
2025-11-19 05:13:13	704992	0:11:25	1564.5
2025-11-19 05:13:14	706253	0:11:20	1573.6
2025-11-19 05:13:15	708178	0:11:11	1592.3
2025-11-19 05:13:16	709773	0:11:18	1573.6
2025-11-19 05:13:17	711166	0:11:24	1557.8
2025-11-19 05:13:18	711687	0:11:48	1504.5
2025-11-19 05:13:19	712674	0:11:59	1479.8
2025-11-19 05:13:20	714460	0:12:00	1474.7
2025-11-19 05:13:21	715754	0:12:08	1456.7
2025-11-19 05:13:22	717633	0:12:05	1459.6
2025-11-19 05:13:23	719160	0:12:26	1417.2
2025-11-19 05:13:24	720926	0:12:17	1431.1
2025-11-19 05:13:25	722617	0:12:25	1414.1
2025-11-19 05:13:26	723656	0:12:43	1378.7
2025-11-19 05:13:27	725162	0:13:00	1348.1
2025-11-19 05:13:28	726653	0:13:12	1324.4
2025-11-19 05:13:29	729233	0:13:02	1338.3
2025-11-19 05:13:30	731144	0:12:45	1366.7
2025-11-19 05:13:31	733673	0:12:23	1403.2
2025-11-19 05:13:32	735491	0:12:24	1397.9
2025-11-19 05:13:33	736090	0:12:35	1377.7
2025-11-19 05:13:34	736947	0:12:22	1400.1
2025-11-19 05:13:35	738126	0:12:06	1429.2
2025-11-19 05:13:36	740049	0:11:39	1481.7
2025-11-19 05:13:37	741224	0:11:33	1494.0
2025-11-19 05:13:38	743153	0:11:19	1521.4
2025-11-19 05:13:39	745220	0:11:17	1522.5
2025-11-19 05:13:40	746650	0:11:17	1521.6
2025-11-19 05:13:41	748625	0:11:08	1537.9
2025-11-19 05:13:42	750337	0:11:04	1543.7
2025-11-19 05:13:43	752095	0:10:53	1569.1
2025-11-19 05:13:44	753690	0:10:53	1566.9
2025-11-19 05:13:45	755631	0:10:48	1575.8
2025-11-19 05:13:46	757321	0:10:49	1569.1
2025-11-19 05:13:47	759711	0:10:25	1625.0
2025-11-19 05:13:48	761559	0:10:08	1668.2
2025-11-19 05:13:49	764104	0:09:54	1704.1
2025-11-19 05:13:50	765856	0:09:47	1719.7
2025-11-19 05:13:51	767983	0:09:42	1732.4
2025-11-19 05:13:52	769652	0:09:44	1724.2
2025-11-19 05:13:53	771864	0:09:34	1748.1
2025-11-19 05:13:54	773355	0:09:36	1741.2
2025-11-19 05:13:55	774079	0:09:43	1718.2
2025-11-19 05:13:56	774387	0:09:52	1693.3
2025-11-19 05:13:57	774601	0:10:09	1643.2
2025-11-19 05:13:58	774902	0:10:32	1584.7
2025-11-19 05:13:59	775158	0:11:01	1515.1
2025-11-19 05:14:00	775487	0:11:29	1451.4
2025-11-19 05:14:01	775897	0:11:57	1394.5
2025-11-19 05:14:02	776445	0:12:13	1363.9
2025-11-19 05:14:03	776804	0:12:17	1356.9
2025-11-19 05:14:04	777234	0:12:25	1341.4
2025-11-19 05:14:05	778484	0:12:34	1323.0
2025-11-19 05:14:06	779797	0:12:39	1312.3
2025-11-19 05:14:07	781305	0:12:43	1304.7
2025-11-19 05:14:08	783327	0:12:36	1313.5
2025-11-19 05:14:09	785385	0:12:39	1306.0
2025-11-19 05:14:10	787459	0:12:20	1336.5
2025-11-19 05:14:11	789382	0:12:24	1325.7
2025-11-19 05:14:12	791599	0:12:12	1344.4
2025-11-19 05:14:13	793075	0:12:17	1333.6
2025-11-19 05:14:14	795508	0:11:58	1365.6
2025-11-19 05:14:15	797215	0:12:02	1355.0
2025-11-19 05:14:16	799123	0:11:55	1366.5
2025-11-19 05:14:17	800588	0:12:14	1329.1
2025-11-19 05:14:18	802503	0:12:16	1323.3
2025-11-19 05:14:19	804074	0:12:25	1304.8
2025-11-19 05:14:20	805352	0:12:36	1283.7
2025-11-19 05:14:21	806333	0:12:51	1258.4
2025-11-19 05:14:22	806574	0:13:38	1185.2
2025-11-19 05:14:24	806924	0:14:06	1145.6
2025-11-19 05:14:25	807111	0:14:35	1107.4
2025-11-19 05:14:26	807836	0:14:23	1122.8
2025-11-19 05:14:27	809152	0:13:55	1158.1
2025-11-19 05:14:28	810783	0:13:24	1201.4
2025-11-19 05:14:29	812542	0:12:49	1252.9
2025-11-19 05:14:30	814355	0:12:16	1306.9
2025-11-19 05:14:31	816140	0:11:52	1348.0
2025-11-19 05:14:32	818116	0:11:24	1401.3
2025-11-19 05:14:33	819690	0:11:08	1432.6
2025-11-19 05:14:34	820771	0:10:53	1462.4
2025-11-19 05:14:35	822369	0:10:36	1499.2
2025-11-19 05:14:36	823190	0:10:46	1475.4
2025-11-19 05:14:37	823388	0:11:02	1438.2
2025-11-19 05:14:38	823697	0:11:22	1395.8
2025-11-19 05:14:39	823975	0:11:58	1326.6
2025-11-19 05:14:40	824500	0:12:19	1287.3
2025-11-19 05:14:41	826030	0:12:34	1260.4
2025-11-19 05:14:42	827476	0:12:38	1251.0
2025-11-19 05:14:43	829668	0:12:41	1244.7
2025-11-19 05:14:44	830718	0:12:53	1223.6
2025-11-19 05:14:45	831764	0:13:05	1203.5
2025-11-19 05:14:46	833795	0:13:17	1182.0
2025-11-19 05:14:47	835530	0:13:06	1196.3
2025-11-19 05:14:48	836268	0:13:30	1160.1
2025-11-19 05:14:49	836772	0:13:51	1130.4
2025-11-19 05:14:50	837853	0:14:02	1114.4
2025-11-19 05:14:51	839219	0:14:01	1113.6
2025-11-19 05:14:52	840964	0:13:32	1152.0
2025-11-19 05:14:53	842789	0:12:56	1203.6
2025-11-19 05:14:54	845497	0:12:05	1284.2
2025-11-19 05:14:55	847174	0:11:38	1331.9
2025-11-19 05:14:56	848660	0:11:27	1350.4
2025-11-19 05:14:57	849697	0:11:37	1328.9
2025-11-19 05:14:58	849858	0:11:58	1290.6
2025-11-19 05:14:59	850386	0:12:25	1242.4
2025-11-19 05:15:00	850898	0:12:52	1198.7
2025-11-19 05:15:01	851363	0:13:17	1160.7
2025-11-19 05:15:02	851760	0:13:57	1104.2
2025-11-19 05:15:03	852437	0:14:21	1073.4
2025-11-19 05:15:04	854068	0:14:06	1090.1
2025-11-19 05:15:05	855331	0:14:06	1088.5
2025-11-19 05:15:06	856058	0:14:02	1092.7
2025-11-19 05:15:07	857111	0:13:40	1121.0
2025-11-19 05:15:08	859398	0:12:54	1185.0
2025-11-19 05:15:09	861297	0:12:18	1240.1
2025-11-19 05:15:10	863225	0:12:05	1259.4
2025-11-19 05:15:11	865640	0:11:38	1304.7
2025-11-19 05:15:12	867176	0:11:56	1268.9
2025-11-19 05:15:13	869096	0:11:31	1313.4
2025-11-19 05:15:14	870646	0:11:29	1314.9
2025-11-19 05:15:15	872952	0:11:16	1336.1
2025-11-19 05:15:16	874844	0:11:15	1336.3
2025-11-19 05:15:17	877231	0:10:40	1403.6
2025-11-19 05:15:18	879390	0:10:15	1458.6
2025-11-19 05:15:19	881413	0:10:03	1485.0
2025-11-19 05:15:20	883470	0:09:52	1507.7
2025-11-19 05:15:21	885177	0:09:52	1505.8
2025-11-19 05:15:22	887375	0:09:42	1526.5
2025-11-19 05:15:23	888899	0:10:01	1477.3
2025-11-19 05:15:24	890460	0:10:00	1477.0
2025-11-19 05:15:25	890768	0:10:16	1438.1
2025-11-19 05:15:26	891112	0:10:24	1418.1
2025-11-19 05:15:27	891379	0:10:22	1422.6
2025-11-19 05:15:28	891651	0:10:26	1412.0
2025-11-19 05:15:29	891930	0:10:30	1403.2
2025-11-19 05:15:30	892253	0:10:32	1398.6
2025-11-19 05:15:31	892433	0:10:35	1392.1
2025-11-19 05:15:32	892636	0:10:44	1372.4
2025-11-19 05:15:33	892959	0:11:04	1331.1
2025-11-19 05:15:34	893317	0:11:26	1287.9
2025-11-19 05:15:35	893504	0:11:32	1275.5
2025-11-19 05:15:36	893810	0:11:50	1243.4
2025-11-19 05:15:37	894284	0:12:28	1179.7
2025-11-19 05:15:38	895081	0:12:47	1149.3
2025-11-19 05:15:39	896507	0:12:55	1135.0
2025-11-19 05:15:40	897707	0:13:23	1093.8
2025-11-19 05:15:41	899429	0:13:17	1100.2
2025-11-19 05:15:42	901156	0:13:20	1094.1
2025-11-19 05:15:43	902884	0:13:16	1097.8
2025-11-19 05:15:44	904525	0:13:31	1075.0
2025-11-19 05:15:45	906279	0:13:33	1070.3
2025-11-19 05:15:46	908717	0:13:29	1072.4
2025-11-19 05:15:47	910317	0:13:42	1053.3
2025-11-19 05:15:49	912536	0:13:36	1058.5
2025-11-19 05:15:50	913718	0:13:58	1029.3
2025-11-19 05:15:51	915154	0:14:05	1019.8
2025-11-19 05:15:52	915986	0:14:43	974.1
2025-11-19 05:15:53	916424	0:15:18	937.1
2025-11-19 05:15:54	917842	0:15:22	931.2
2025-11-19 05:15:55	919196	0:14:46	967.0
2025-11-19 05:15:56	920793	0:14:08	1009.5
2025-11-19 05:15:57	922398	0:13:29	1055.1
2025-11-19 05:15:58	923913	0:12:56	1098.2
2025-11-19 05:15:59	925807	0:12:17	1153.9
2025-11-19 05:16:00	926886	0:12:00	1179.4
2025-11-19 05:16:01	927287	0:11:55	1186.9
2025-11-19 05:16:02	928386	0:11:36	1217.5
2025-11-19 05:16:03	929712	0:11:16	1252.0
2025-11-19 05:16:04	931682	0:10:46	1306.9
2025-11-19 05:16:05	932992	0:10:27	1345.4
2025-11-19 05:16:06	934908	0:10:00	1402.7
2025-11-19 05:16:07	936501	0:09:43	1441.2
2025-11-19 05:16:08	938862	0:09:20	1495.9
2025-11-19 05:16:09	940183	0:09:15	1505.6
2025-11-19 05:16:10	942104	0:09:07	1524.6
2025-11-19 05:16:11	943347	0:09:12	1509.3
2025-11-19 05:16:12	943880	0:09:30	1459.5
2025-11-19 05:16:13	944573	0:09:42	1428.8
2025-11-19 05:16:14	946019	0:09:43	1424.9
2025-11-19 05:16:15	948101	0:09:37	1433.9
2025-11-19 05:16:16	950054	0:09:40	1423.9
2025-11-19 05:16:17	951047	0:09:51	1396.3
2025-11-19 05:16:18	952235	0:10:04	1364.9
2025-11-19 05:16:19	954014	0:09:52	1387.9
2025-11-19 05:16:20	955548	0:09:50	1391.5
2025-11-19 05:16:21	957265	0:09:40	1412.2
2025-11-19 05:16:22	959006	0:09:23	1451.5
2025-11-19 05:16:23	960257	0:09:21	1454.7
2025-11-19 05:16:24	961390	0:09:24	1445.6
2025-11-19 05:16:25	962829	0:09:28	1431.3
2025-11-19 05:16:26	964987	0:09:16	1459.8
2025-11-19 05:16:27	966842	0:09:11	1469.4
2025-11-19 05:16:28	968847	0:09:06	1478.8
2025-11-19 05:16:29	970584	0:09:03	1483.6
2025-11-19 05:16:30	972797	0:08:40	1544.8
2025-11-19 05:16:31	974135	0:08:35	1557.0
2025-11-19 05:16:32	976041	0:08:29	1572.4
2025-11-19 05:16:33	977793	0:08:25	1579.5
2025-11-19 05:16:34	980133	0:08:16	1603.2
2025-11-19 05:16:35	982178	0:08:13	1610.0
2025-11-19 05:16:36	984186	0:08:07	1627.3
2025-11-19 05:16:37	986477	0:08:07	1622.9
2025-11-19 05:16:38	988248	0:08:02	1635.8
2025-11-19 05:16:39	990304	0:08:03	1627.7
2025-11-19 05:16:40	992038	0:07:56	1647.4
2025-11-19 05:16:41	993613	0:07:45	1682.1
2025-11-19 05:16:42	995419	0:07:33	1723.4
2025-11-19 05:16:43	997581	0:07:23	1755.9
2025-11-19 05:16:44	999512	0:07:22	1758.7
2025-11-19 05:16:45	1002030	0:07:15	1777.9
2025-11-19 05:16:46	1004322	0:07:09	1798.7
2025-11-19 05:16:47	1006333	0:07:01	1828.0
2025-11-19 05:16:48	1008688	0:06:55	1849.3
2025-11-19 05:16:49	1010416	0:06:51	1861.1
2025-11-19 05:16:50	1011769	0:06:53	1851.5
2025-11-19 05:16:51	1013318	0:06:52	1849.5
2025-11-19 05:16:52	1014216	0:06:56	1833.2
2025-11-19 05:16:53	1014430	0:07:04	1795.9
2025-11-19 05:16:54	1014701	0:07:15	1751.3
2025-11-19 05:16:55	1015226	0:07:23	1717.3
2025-11-19 05:16:56	1016926	0:07:24	1708.9
2025-11-19 05:16:57	1018377	0:07:26	1697.8
2025-11-19 05:16:58	1019991	0:07:32	1671.9
2025-11-19 05:16:59	1021958	0:07:27	1687.7
2025-11-19 05:17:00	1023994	0:07:24	1695.3
2025-11-19 05:17:01	1025828	0:07:22	1697.0
2025-11-19 05:17:02	1027316	0:07:24	1686.0
2025-11-19 05:17:03	1029104	0:07:25	1679.3
2025-11-19 05:17:04	1030727	0:07:28	1664.6
2025-11-19 05:17:05	1032149	0:07:34	1640.1
2025-11-19 05:17:06	1032769	0:07:45	1598.1
2025-11-19 05:17:07	1034831	0:07:45	1592.5
2025-11-19 05:17:08	1036109	0:07:49	1576.7
2025-11-19 05:17:09	1038336	0:07:47	1579.9
2025-11-19 05:17:10	1039373	0:07:53	1556.9
2025-11-19 05:17:11	1040357	0:07:58	1538.8
2025-11-19 05:17:12	1041325	0:08:08	1506.5
2025-11-19 05:17:13	1042512	0:08:14	1486.2
2025-11-19 05:17:14	1043932	0:08:28	1441.2
2025-11-19 05:17:15	1045973	0:08:24	1448.7
2025-11-19 05:17:16	1046693	0:08:48	1382.6
2025-11-19 05:17:17	1047625	0:08:57	1356.3
2025-11-19 05:17:18	1048785	0:09:08	1327.0
2025-11-19 05:17:19	1050007	0:09:15	1307.5
2025-11-19 05:17:20	1051684	0:09:12	1313.0
2025-11-19 05:17:21	1053669	0:09:02	1332.1
2025-11-19 05:17:22	1054099	0:09:03	1330.5
2025-11-19 05:17:23	1054270	0:09:04	1327.3
2025-11-19 05:17:24	1054527	0:09:05	1324.7
2025-11-19 05:17:25	1054901	0:09:12	1307.4
2025-11-19 05:17:26	1055307	0:09:30	1264.5
2025-11-19 05:17:27	1055770	0:09:46	1230.4
2025-11-19 05:17:28	1055971	0:10:07	1185.8
2025-11-19 05:17:30	1056565	0:10:34	1135.8
2025-11-19 05:17:31	1058426	0:10:32	1136.1
2025-11-19 05:17:32	1059656	0:10:44	1112.2
2025-11-19 05:17:33	1061511	0:10:33	1129.2
2025-11-19 05:17:34	1063124	0:10:41	1111.8
2025-11-19 05:17:35	1065071	0:10:31	1126.4
2025-11-19 05:17:36	1067172	0:10:09	1163.6
2025-11-19 05:17:37	1069001	0:09:57	1184.3
2025-11-19 05:17:38	1070934	0:09:52	1191.0
2025-11-19 05:17:39	1071743	0:10:01	1171.5
2025-11-19 05:17:40	1072703	0:10:18	1138.9
2025-11-19 05:17:41	1075168	0:09:52	1183.7
2025-11-19 05:17:42	1076746	0:09:41	1204.4
2025-11-19 05:17:43	1078525	0:09:26	1233.1
2025-11-19 05:17:44	1079669	0:09:29	1225.0
2025-11-19 05:17:45	1080491	0:09:37	1206.0
2025-11-19 05:17:46	1081352	0:09:55	1168.6
2025-11-19 05:17:47	1082316	0:09:45	1186.5
2025-11-19 05:17:48	1084246	0:09:31	1211.5
2025-11-19 05:17:49	1085634	0:09:25	1222.4
2025-11-19 05:17:50	1087210	0:09:27	1215.9
2025-11-19 05:17:51	1088838	0:09:22	1222.8
2025-11-19 05:17:52	1090693	0:09:21	1222.0
2025-11-19 05:17:53	1092640	0:08:53	1283.7
2025-11-19 05:17:54	1094263	0:08:33	1330.3
2025-11-19 05:17:55	1095919	0:08:14	1377.8
2025-11-19 05:17:56	1097133	0:08:04	1402.7
2025-11-19 05:17:57	1099316	0:07:43	1461.3
2025-11-19 05:17:58	1100773	0:07:30	1501.0
2025-11-19 05:17:59	1103225	0:07:07	1574.1
2025-11-19 05:18:00	1105064	0:06:59	1603.0
2025-11-19 05:18:01	1106830	0:06:58	1602.3
2025-11-19 05:18:02	1109182	0:06:48	1633.3
2025-11-19 05:18:03	1111173	0:06:43	1649.8
2025-11-19 05:18:04	1113225	0:06:39	1661.2
2025-11-19 05:18:05	1115049	0:06:42	1645.7
2025-11-19 05:18:06	1117351	0:06:37	1657.4
2025-11-19 05:18:07	1119268	0:06:38	1650.8
2025-11-19 05:18:08	1121414	0:06:28	1687.0
2025-11-19 05:18:09	1123084	0:06:22	1710.8
2025-11-19 05:18:10	1124809	0:06:20	1714.8
2025-11-19 05:18:11	1126203	0:06:21	1705.3
2025-11-19 05:18:12	1126973	0:06:31	1661.6
2025-11-19 05:18:13	1128156	0:06:32	1652.8
2025-11-19 05:18:14	1130116	0:06:23	1684.9
2025-11-19 05:18:15	1131409	0:06:19	1698.9
2025-11-19 05:18:16	1133690	0:06:08	1745.8
2025-11-19 05:18:17	1135481	0:06:05	1753.1
2025-11-19 05:18:18	1137445	0:06:01	1767.1
2025-11-19 05:18:19	1139077	0:06:00	1768.5
2025-11-19 05:18:20	1141257	0:05:54	1790.9
2025-11-19 05:18:21	1142747	0:05:55	1783.9
2025-11-19 05:18:22	1144762	0:05:54	1785.5
2025-11-19 05:18:23	1145839	0:05:57	1767.2
2025-11-19 05:18:24	1147570	0:05:56	1765.5
2025-11-19 05:18:25	1149036	0:05:56	1763.5
2025-11-19 05:18:26	1150944	0:05:52	1777.8
2025-11-19 05:18:27	1152912	0:05:49	1783.6
2025-11-19 05:18:28	1154304	0:05:54	1756.8
2025-11-19 05:18:29	1157114	0:05:46	1789.2
2025-11-19 05:18:30	1159042	0:05:47	1777.2
2025-11-19 05:18:31	1159912	0:05:52	1752.1
2025-11-19 05:18:32	1161109	0:06:00	1708.5
2025-11-19 05:18:33	1163113	0:05:57	1717.6
2025-11-19 05:18:34	1164657	0:06:00	1697.5
2025-11-19 05:18:35	1165847	0:06:05	1670.1
2025-11-19 05:18:36	1166199	0:06:18	1614.3
2025-11-19 05:18:37	1167182	0:06:27	1575.2
2025-11-19 05:18:38	1168820	0:06:27	1569.8
2025-11-19 05:18:39	1170620	0:06:27	1565.0
2025-11-19 05:18:40	1172127	0:06:24	1574.2
2025-11-19 05:18:41	1173788	0:06:18	1592.3
2025-11-19 05:18:42	1175163	0:06:15	1602.3
2025-11-19 05:18:43	1176324	0:06:17	1592.2
2025-11-19 05:18:44	1177727	0:06:18	1582.4
2025-11-19 05:18:45	1179768	0:06:14	1593.8
2025-11-19 05:18:46	1180921	0:06:20	1564.3
2025-11-19 05:18:47	1181540	0:06:30	1524.9
2025-11-19 05:18:48	1181946	0:06:43	1474.4
2025-11-19 05:18:49	1183258	0:06:51	1443.1
2025-11-19 05:18:50	1184500	0:06:53	1431.9
2025-11-19 05:18:51	1185910	0:06:57	1414.3
2025-11-19 05:18:52	1188060	0:06:48	1441.9
2025-11-19 05:18:53	1189904	0:06:45	1446.3
2025-11-19 05:18:54	1190582	0:06:52	1422.3
2025-11-19 05:18:55	1191445	0:06:59	1396.2
2025-11-19 05:18:56	1192884	0:06:57	1399.8
2025-11-19 05:18:57	1194354	0:07:08	1360.9
2025-11-19 05:18:58	1196253	0:07:04	1366.7
2025-11-19 05:18:59	1198132	0:07:04	1364.1
2025-11-19 05:19:00	1200338	0:06:59	1375.8
2025-11-19 05:19:01	1202256	0:06:51	1397.3
2025-11-19 05:19:02	1204678	0:06:40	1429.3
2025-11-19 05:19:03	1206527	0:06:36	1438.5
2025-11-19 05:19:04	1208461	0:06:32	1446.7
2025-11-19 05:19:05	1210901	0:06:16	1505.2
2025-11-19 05:19:06	1212048	0:06:08	1532.2
2025-11-19 05:19:07	1213587	0:06:07	1530.8
2025-11-19 05:19:08	1215219	0:06:04	1541.2
2025-11-19 05:19:09	1216949	0:06:06	1528.5
2025-11-19 05:19:10	1218619	0:06:04	1530.5
2025-11-19 05:19:11	1218983	0:06:13	1491.8
2025-11-19 05:19:12	1220625	0:06:09	1505.9
2025-11-19 05:19:13	1222125	0:06:10	1498.7
2025-11-19 05:19:14	1223953	0:06:04	1516.6
2025-11-19 05:19:15	1225441	0:06:07	1500.9
2025-11-19 05:19:16	1227250	0:05:57	1538.5
2025-11-19 05:19:17	1229856	0:05:39	1609.7
2025-11-19 05:19:18	1231487	0:05:34	1631.4
2025-11-19 05:19:19	1233382	0:05:26	1666.1
2025-11-19 05:19:20	1234569	0:05:31	1637.3
2025-11-19 05:19:21	1234976	0:05:37	1605.5
2025-11-19 05:19:22	1235487	0:05:47	1558.3
2025-11-19 05:19:23	1236729	0:05:48	1551.3
2025-11-19 05:19:24	1238969	0:05:35	1604.1
2025-11-19 05:19:25	1240263	0:05:32	1613.3
2025-11-19 05:19:26	1243092	0:05:23	1648.7
2025-11-19 05:19:27	1244517	0:05:22	1651.1
2025-11-19 05:19:28	1247152	0:05:16	1673.4
2025-11-19 05:19:29	1249050	0:05:16	1669.6
2025-11-19 05:19:30	1250707	0:05:16	1661.7
2025-11-19 05:19:31	1252518	0:05:19	1640.8
2025-11-19 05:19:32	1254559	0:05:16	1650.7
2025-11-19 05:19:33	1257014	0:05:14	1653.4
2025-11-19 05:19:34	1258748	0:05:13	1652.1
2025-11-19 05:19:36	1260656	0:05:14	1639.7
2025-11-19 05:19:37	1262337	0:05:09	1661.0
2025-11-19 05:19:38	1263945	0:05:08	1661.4
2025-11-19 05:19:39	1265001	0:05:11	1645.7
2025-11-19 05:19:40	1266833	0:05:10	1642.5
2025-11-19 05:19:41	1268272	0:05:07	1651.8
2025-11-19 05:19:42	1270285	0:04:57	1700.0
2025-11-19 05:19:43	1271494	0:04:59	1690.1
2025-11-19 05:19:44	1273741	0:04:57	1692.3
2025-11-19 05:19:45	1274796	0:04:58	1682.8
2025-11-19 05:19:46	1276891	0:04:55	1694.4
2025-11-19 05:19:47	1278669	0:04:52	1701.8
2025-11-19 05:19:48	1281067	0:04:51	1702.1
2025-11-19 05:19:49	1282801	0:04:50	1702.5
2025-11-19 05:19:50	1284792	0:04:47	1710.0
2025-11-19 05:19:51	1286664	0:04:42	1737.4
2025-11-19 05:19:52	1288325	0:04:34	1777.6
2025-11-19 05:19:53	1290164	0:04:27	1822.3
2025-11-19 05:19:54	1291537	0:04:26	1820.9
2025-11-19 05:19:55	1293551	0:04:27	1809.7
2025-11-19 05:19:56	1295319	0:04:24	1824.1
2025-11-19 05:19:57	1297403	0:04:25	1802.7
2025-11-19 05:19:58	1299468	0:04:23	1812.5
2025-11-19 05:19:59	1301548	0:04:23	1803.2
2025-11-19 05:20:00	1302894	0:04:26	1776.2
2025-11-19 05:20:01	1304273	0:04:26	1771.1
2025-11-19 05:20:02	1305621	0:04:31	1737.4
2025-11-19 05:20:03	1306751	0:04:39	1680.2
2025-11-19 05:20:04	1307151	0:04:47	1631.1
2025-11-19 05:20:05	1307435	0:04:55	1586.0
2025-11-19 05:20:06	1307722	0:05:05	1536.1
2025-11-19 05:20:07	1308102	0:05:13	1493.7
2025-11-19 05:20:08	1308876	0:05:15	1483.9
2025-11-19 05:20:09	1309661	0:05:20	1458.9
2025-11-19 05:20:10	1310092	0:05:30	1412.0
2025-11-19 05:20:11	1311562	0:05:33	1393.9
2025-11-19 05:20:12	1313300	0:05:29	1405.6
2025-11-19 05:20:13	1314816	0:05:31	1392.3
2025-11-19 05:20:14	1316326	0:05:26	1410.7
2025-11-19 05:20:15	1317500	0:05:33	1376.0
2025-11-19 05:20:16	1319778	0:05:31	1379.9
2025-11-19 05:20:17	1321365	0:05:33	1364.5
2025-11-19 05:20:18	1322325	0:05:41	1331.4
2025-11-19 05:20:19	1322669	0:05:55	1276.9
2025-11-19 05:20:20	1322988	0:06:11	1221.1
2025-11-19 05:20:21	1323325	0:06:23	1182.0
2025-11-19 05:20:22	1323800	0:06:40	1130.0
2025-11-19 05:20:23	1324124	0:06:51	1101.0
2025-11-19 05:20:24	1325561	0:07:02	1069.4
2025-11-19 05:20:25	1326048	0:07:13	1040.2
2025-11-19 05:20:26	1326807	0:07:35	989.1
2025-11-19 05:20:27	1327108	0:08:01	934.0
2025-11-19 05:20:28	1327338	0:08:33	875.9
2025-11-19 05:20:29	1327807	0:08:50	845.9
2025-11-19 05:20:30	1329032	0:08:53	839.7
2025-11-19 05:20:31	1329939	0:08:58	829.3
2025-11-19 05:20:32	1332223	0:08:30	871.7
2025-11-19 05:20:33	1333591	0:08:09	905.9
2025-11-19 05:20:34	1335705	0:07:35	969.1
2025-11-19 05:20:35	1337389	0:07:12	1017.1
2025-11-19 05:20:36	1340000	0:06:39	1093.6
2025-11-19 05:20:37	1341791	0:06:25	1128.3
2025-11-19 05:20:38	1343087	0:06:18	1145.9
2025-11-19 05:20:39	1344354	0:06:08	1174.9
2025-11-19 05:20:40	1346682	0:05:57	1204.3
2025-11-19 05:20:41	1348552	0:05:54	1209.6
2025-11-19 05:20:42	1350782	0:05:45	1233.0
2025-11-19 05:20:43	1352528	0:05:41	1241.1
2025-11-19 05:20:44	1354759	0:05:29	1279.7
2025-11-19 05:20:45	1355716	0:05:41	1234.0
2025-11-19 05:20:46	1357665	0:05:37	1243.2
2025-11-19 05:20:47	1359661	0:05:26	1279.0
2025-11-19 05:20:48	1361406	0:05:13	1327.2
2025-11-19 05:20:49	1362882	0:05:02	1366.6
2025-11-19 05:20:50	1365040	0:04:48	1429.1
2025-11-19 05:20:51	1366023	0:04:44	1446.5
2025-11-19 05:20:53	1367833	0:04:34	1490.5
2025-11-19 05:20:54	1369550	0:04:31	1500.0
2025-11-19 05:20:55	1370406	0:04:28	1511.8
2025-11-19 05:20:56	1371310	0:04:27	1516.9
2025-11-19 05:20:57	1373444	0:04:15	1579.7
2025-11-19 05:20:58	1375262	0:04:05	1633.4
2025-11-19 05:20:59	1377874	0:03:53	1707.5
2025-11-19 05:21:00	1379412	0:03:51	1718.4
2025-11-19 05:21:01	1380310	0:03:50	1717.1
2025-11-19 05:21:02	1381416	0:03:55	1677.0
2025-11-19 05:21:03	1383578	0:03:50	1704.2
2025-11-19 05:21:04	1385178	0:03:52	1687.0
2025-11-19 05:21:05	1387351	0:03:48	1703.9
2025-11-19 05:21:06	1389032	0:03:51	1672.3
2025-11-19 05:21:07	1391158	0:03:49	1683.6
2025-11-19 05:21:08	1393030	0:03:45	1703.2
2025-11-19 05:21:09	1395219	0:03:40	1734.4
2025-11-19 05:21:10	1395604	0:03:48	1668.2
2025-11-19 05:21:11	1396039	0:03:55	1618.9
2025-11-19 05:21:12	1396399	0:04:04	1555.2
2025-11-19 05:21:13	1396900	0:04:10	1515.1
2025-11-19 05:21:14	1397473	0:04:20	1456.3
2025-11-19 05:21:15	1398302	0:04:20	1450.8
2025-11-19 05:21:16	1399626	0:04:23	1433.0
2025-11-19 05:21:17	1400737	0:04:28	1400.5
2025-11-19 05:21:18	1402506	0:04:27	1401.3
2025-11-19 05:21:19	1404323	0:04:23	1413.1
2025-11-19 05:21:20	1405894	0:04:26	1393.1
2025-11-19 05:21:21	1407328	0:04:22	1408.5
2025-11-19 05:21:22	1408645	0:04:23	1396.9
2025-11-19 05:21:23	1410641	0:04:20	1406.4
2025-11-19 05:21:24	1411795	0:04:17	1415.6
2025-11-19 05:21:25	1413342	0:04:12	1437.6
2025-11-19 05:21:26	1414919	0:04:15	1417.5
2025-11-19 05:21:27	1416701	0:04:14	1416.8
2025-11-19 05:21:28	1418459	0:04:18	1387.6
2025-11-19 05:21:29	1420689	0:04:12	1411.3
2025-11-19 05:21:30	1422074	0:04:08	1427.8
2025-11-19 05:21:31	1423171	0:04:07	1428.0
2025-11-19 05:21:32	1424526	0:04:11	1400.3
2025-11-19 05:21:33	1425882	0:04:12	1391.9
2025-11-19 05:21:34	1427711	0:04:12	1380.3
2025-11-19 05:21:35	1430288	0:04:05	1410.9
2025-11-19 05:21:36	1432037	0:04:06	1397.8
2025-11-19 05:21:37	1433641	0:04:07	1389.0
2025-11-19 05:21:38	1435148	0:04:10	1363.5
2025-11-19 05:21:39	1436416	0:04:04	1393.2
2025-11-19 05:21:40	1437142	0:04:02	1403.4
2025-11-19 05:21:41	1438190	0:03:57	1427.0
2025-11-19 05:21:42	1440042	0:03:48	1473.3
2025-11-19 05:21:43	1441156	0:03:45	1492.1
2025-11-19 05:21:44	1442844	0:03:39	1520.5
2025-11-19 05:21:45	1445077	0:03:33	1552.6
2025-11-19 05:21:46	1446937	0:03:28	1580.7
2025-11-19 05:21:47	1448855	0:03:26	1585.9
2025-11-19 05:21:48	1450446	0:03:26	1577.9
2025-11-19 05:21:49	1452946	0:03:21	1609.6
2025-11-19 05:21:50	1454584	0:03:19	1616.6
2025-11-19 05:21:51	1456206	0:03:17	1625.7
2025-11-19 05:21:52	1457673	0:03:18	1607.6
2025-11-19 05:21:53	1459032	0:03:16	1616.9
2025-11-19 05:21:54	1459968	0:03:18	1596.0
2025-11-19 05:21:55	1460834	0:03:21	1571.8
2025-11-19 05:21:56	1461455	0:03:25	1531.5
2025-11-19 05:21:57	1462880	0:03:26	1519.6
2025-11-19 05:21:58	1464781	0:03:27	1505.3
2025-11-19 05:21:59	1466491	0:03:24	1516.2
2025-11-19 05:22:00	1467752	0:03:23	1521.6
2025-11-19 05:22:01	1469951	0:03:17	1550.5
2025-11-19 05:22:02	1471258	0:03:17	1549.8
2025-11-19 05:22:03	1472963	0:03:16	1546.3
2025-11-19 05:22:04	1474700	0:03:19	1518.2
2025-11-19 05:22:05	1476397	0:03:18	1514.4
2025-11-19 05:22:06	1477550	0:03:19	1499.6
2025-11-19 05:22:07	1477825	0:03:25	1458.4
2025-11-19 05:22:08	1478324	0:03:28	1432.5
2025-11-19 05:22:09	1479211	0:03:27	1437.6
2025-11-19 05:22:10	1480352	0:03:25	1440.7
2025-11-19 05:22:11	1481326	0:03:29	1411.0
2025-11-19 05:22:12	1482126	0:03:30	1400.7
2025-11-19 05:22:13	1482537	0:03:36	1357.8
2025-11-19 05:22:14	1483483	0:03:43	1313.9
2025-11-19 05:22:15	1485378	0:03:41	1315.1
2025-11-19 05:22:16	1486889	0:03:43	1299.2
2025-11-19 05:22:17	1489074	0:03:38	1319.0
2025-11-19 05:22:18	1490963	0:03:40	1295.9
2025-11-19 05:22:19	1493807	0:03:31	1337.0
2025-11-19 05:22:20	1495278	0:03:31	1334.1
2025-11-19 05:22:21	1497262	0:03:26	1351.7
2025-11-19 05:22:22	1499086	0:03:23	1367.5
2025-11-19 05:22:23	1501247	0:03:15	1409.4
2025-11-19 05:22:24	1503353	0:03:08	1451.7
2025-11-19 05:22:25	1505544	0:03:00	1503.1
2025-11-19 05:22:26	1507752	0:02:55	1529.9
2025-11-19 05:22:27	1509489	0:02:55	1526.2
2025-11-19 05:22:28	1511570	0:02:51	1543.0
2025-11-19 05:22:29	1513432	0:02:49	1557.9
2025-11-19 05:22:30	1514512	0:02:51	1527.0
2025-11-19 05:22:31	1516304	0:02:48	1547.9
2025-11-19 05:22:32	1517594	0:02:50	1521.2
2025-11-19 05:22:33	1519851	0:02:46	1541.6
2025-11-19 05:22:34	1522034	0:02:43	1559.2
2025-11-19 05:22:35	1523169	0:02:43	1551.6
2025-11-19 05:22:36	1524760	0:02:38	1595.7
2025-11-19 05:22:37	1526625	0:02:32	1644.9
2025-11-19 05:22:38	1529090	0:02:25	1698.7
2025-11-19 05:22:39	1530140	0:02:25	1699.3
2025-11-19 05:22:40	1532223	0:02:20	1736.1
2025-11-19 05:22:41	1534032	0:02:17	1769.9
2025-11-19 05:22:42	1536311	0:02:11	1833.9
2025-11-19 05:22:43	1538039	0:02:08	1861.2
2025-11-19 05:22:44	1540401	0:02:05	1878.0
2025-11-19 05:22:45	1542334	0:02:03	1895.3
2025-11-19 05:22:46	1544718	0:02:02	1902.1
2025-11-19 05:22:47	1546696	0:02:00	1908.8
2025-11-19 05:22:48	1548588	0:02:01	1876.2
2025-11-19 05:22:49	1549535	0:02:02	1858.1
2025-11-19 05:22:50	1549841	0:02:06	1800.9
2025-11-19 05:22:51	1550790	0:02:07	1770.9
2025-11-19 05:22:52	1551991	0:02:09	1738.1
2025-11-19 05:22:54	1552954	0:02:12	1695.3
2025-11-19 05:22:55	1553868	0:02:14	1653.6
2025-11-19 05:22:56	1554646	0:02:18	1604.5
2025-11-19 05:22:57	1555484	0:02:20	1572.0
2025-11-19 05:22:58	1556799	0:02:22	1545.8
2025-11-19 05:22:59	1558226	0:02:23	1522.7
2025-11-19 05:23:00	1560061	0:02:20	1548.6
2025-11-19 05:23:01	1561611	0:02:19	1540.4
2025-11-19 05:23:02	1562552	0:02:20	1528.1
2025-11-19 05:23:03	1563234	0:02:24	1477.0
2025-11-19 05:23:04	1564611	0:02:26	1449.5
2025-11-19 05:23:05	1566026	0:02:24	1456.1
2025-11-19 05:23:06	1567480	0:02:24	1451.4
2025-11-19 05:23:07	1568558	0:02:26	1424.6
2025-11-19 05:23:08	1569950	0:02:29	1388.2
2025-11-19 05:23:09	1571616	0:02:25	1409.0
2025-11-19 05:23:10	1573159	0:02:26	1390.8
2025-11-19 05:23:11	1574433	0:02:27	1372.7
2025-11-19 05:23:12	1576084	0:02:28	1351.5
2025-11-19 05:23:13	1577364	0:02:29	1336.1
2025-11-19 05:23:14	1578527	0:02:33	1295.3
2025-11-19 05:23:15	1580399	0:02:32	1292.6
2025-11-19 05:23:16	1582506	0:02:31	1283.0
2025-11-19 05:23:17	1583200	0:02:36	1239.5
2025-11-19 05:23:18	1583657	0:02:42	1190.9
2025-11-19 05:23:19	1584686	0:02:41	1193.6
2025-11-19 05:23:20	1586111	0:02:34	1231.6
2025-11-19 05:23:21	1587532	0:02:31	1247.7
2025-11-19 05:23:22	1588290	0:02:33	1232.5
2025-11-19 05:23:23	1589008	0:02:33	1226.4
2025-11-19 05:23:24	1590105	0:02:31	1232.8
2025-11-19 05:23:25	1591656	0:02:27	1259.1
2025-11-19 05:23:26	1593063	0:02:23	1279.7
2025-11-19 05:23:27	1595141	0:02:19	1304.8
2025-11-19 05:23:28	1597508	0:02:13	1345.1
2025-11-19 05:23:29	1599302	0:02:12	1343.5
2025-11-19 05:23:30	1601288	0:02:09	1358.5
2025-11-19 05:23:31	1603083	0:02:05	1387.1
2025-11-19 05:23:32	1604908	0:02:00	1426.5
2025-11-19 05:23:33	1606489	0:01:58	1434.1
2025-11-19 05:23:34	1608458	0:01:55	1453.3
2025-11-19 05:23:35	1609860	0:01:55	1451.6
2025-11-19 05:23:36	1611454	0:01:52	1469.1
2025-11-19 05:23:37	1613517	0:01:49	1492.2
2025-11-19 05:23:38	1615230	0:01:48	1493.8
2025-11-19 05:23:39	1617590	0:01:44	1521.8
2025-11-19 05:23:40	1619171	0:01:42	1532.6
2025-11-19 05:23:41	1620769	0:01:42	1530.6
2025-11-19 05:23:42	1622153	0:01:40	1534.2
2025-11-19 05:23:43	1623978	0:01:38	1557.0
2025-11-19 05:23:44	1625904	0:01:36	1559.3
2025-11-19 05:23:45	1627694	0:01:36	1548.7
2025-11-19 05:23:46	1629304	0:01:33	1580.2
2025-11-19 05:23:47	1631010	0:01:29	1622.9
2025-11-19 05:23:48	1633019	0:01:26	1656.5
2025-11-19 05:23:49	1634236	0:01:26	1649.3
2025-11-19 05:23:50	1636201	0:01:24	1667.0
2025-11-19 05:23:51	1636330	0:01:25	1644.6
2025-11-19 05:23:52	1636505	0:01:26	1625.9
2025-11-19 05:23:53	1636706	0:01:27	1594.6
2025-11-19 05:23:54	1636963	0:01:30	1549.8
2025-11-19 05:23:55	1637260	0:01:32	1511.9
2025-11-19 05:23:56	1637554	0:01:35	1451.8
2025-11-19 05:23:57	1638067	0:01:39	1388.2
2025-11-19 05:23:58	1638520	0:01:43	1338.2
2025-11-19 05:23:59	1639829	0:01:44	1315.1
2025-11-19 05:24:00	1641015	0:01:44	1294.5
2025-11-19 05:24:01	1642972	0:01:43	1299.1
2025-11-19 05:24:02	1644594	0:01:41	1300.5
2025-11-19 05:24:03	1646593	0:01:39	1304.9
2025-11-19 05:24:04	1648411	0:01:37	1319.1
2025-11-19 05:24:05	1650973	0:01:33	1352.5
2025-11-19 05:24:06	1652456	0:01:33	1332.7
2025-11-19 05:24:07	1654130	0:01:32	1331.9
2025-11-19 05:24:08	1655800	0:01:32	1307.6
2025-11-19 05:24:09	1658485	0:01:28	1345.4
2025-11-19 05:24:10	1660606	0:01:25	1363.2
2025-11-19 05:24:11	1662608	0:01:22	1384.6
2025-11-19 05:24:12	1664997	0:01:19	1403.7
2025-11-19 05:24:13	1666998	0:01:18	1406.2
2025-11-19 05:24:14	1669408	0:01:15	1428.1
2025-11-19 05:24:15	1671079	0:01:14	1429.6
2025-11-19 05:24:16	1673704	0:01:10	1461.0
2025-11-19 05:24:17	1675527	0:01:09	1455.0
2025-11-19 05:24:18	1677719	0:01:06	1487.6
2025-11-19 05:24:19	1679741	0:01:05	1489.4
2025-11-19 05:24:20	1681993	0:01:00	1562.0
2025-11-19 05:24:21	1684043	0:00:57	1627.4
2025-11-19 05:24:22	1684875	0:00:55	1648.0
2025-11-19 05:24:23	1685212	0:00:55	1652.4
2025-11-19 05:24:24	1687047	0:00:52	1706.1
2025-11-19 05:24:25	1688674	0:00:50	1751.8
2025-11-19 05:24:26	1690608	0:00:47	1800.6
2025-11-19 05:24:27	1692212	0:00:45	1847.1
2025-11-19 05:24:28	1694539	0:00:43	1882.2
2025-11-19 05:24:29	1696326	0:00:42	1902.9
2025-11-19 05:24:30	1698751	0:00:40	1919.0
2025-11-19 05:24:31	1700019	0:00:40	1906.3
2025-11-19 05:24:32	1701727	0:00:39	1896.4
2025-11-19 05:24:33	1702692	0:00:39	1866.9
2025-11-19 05:24:34	1703992	0:00:39	1823.4
2025-11-19 05:24:35	1705394	0:00:39	1820.6
2025-11-19 05:24:36	1707044	0:00:38	1819.9
2025-11-19 05:24:37	1708441	0:00:37	1810.3
2025-11-19 05:24:38	1710559	0:00:37	1790.7
2025-11-19 05:24:39	1712962	0:00:35	1800.4
2025-11-19 05:24:40	1714411	0:00:35	1781.5
2025-11-19 05:24:41	1716105	0:00:34	1757.5
2025-11-19 05:24:42	1717902	0:00:33	1751.2
2025-11-19 05:24:43	1719753	0:00:32	1731.9
2025-11-19 05:24:44	1721449	0:00:32	1731.4
2025-11-19 05:24:45	1723246	0:00:31	1702.8
2025-11-19 05:24:46	1725660	0:00:29	1723.2
2025-11-19 05:24:47	1727275	0:00:29	1703.8
2025-11-19 05:24:48	1729745	0:00:27	1718.8
2025-11-19 05:24:49	1731501	0:00:26	1702.0
2025-11-19 05:24:50	1733161	0:00:25	1685.9
2025-11-19 05:24:51	1735575	0:00:23	1741.5
2025-11-19 05:24:52	1736878	0:00:22	1774.7
2025-11-19 05:24:53	1738882	0:00:21	1780.4
2025-11-19 05:24:54	1740553	0:00:20	1781.6
2025-11-19 05:24:56	1742606	0:00:19	1779.5
2025-11-19 05:24:57	1743898	0:00:18	1769.1
2025-11-19 05:24:58	1744899	0:00:18	1723.5
2025-11-19 05:24:59	1746399	0:00:17	1713.9
2025-11-19 05:25:00	1747657	0:00:17	1673.6
2025-11-19 05:25:01	1748669	0:00:16	1664.5
2025-11-19 05:25:02	1750302	0:00:15	1663.6
2025-11-19 05:25:03	1751360	0:00:15	1666.1
2025-11-19 05:25:04	1753139	0:00:14	1682.5
2025-11-19 05:25:05	1754604	0:00:13	1684.3
2025-11-19 05:25:06	1756536	0:00:12	1693.8
2025-11-19 05:25:07	1758513	0:00:10	1714.2
2025-11-19 05:25:08	1759698	0:00:10	1682.5
2025-11-19 05:25:09	1762048	0:00:08	1680.6
2025-11-19 05:25:10	1763783	0:00:07	1688.5
2025-11-19 05:25:11	1766033	0:00:06	1707.4
2025-11-19 05:25:12	1767666	0:00:05	1702.0
2025-11-19 05:25:13	1769778	0:00:04	1710.1
2025-11-19 05:25:14	1771242	0:00:03	1703.0
2025-11-19 05:25:15	1773171	0:00:02	1707.7
2025-11-19 05:25:16	1774803	0:00:01	1681.2
