2025-11-19 14:00:35	2	35:47:04	13.8
2025-11-19 14:00:36	237	2:23:10	206.8
2025-11-19 14:00:37	1860	0:34:09	865.9
2025-11-19 14:00:38	2449	0:38:01	777.7
2025-11-19 14:00:39	3833	0:31:59	923.6
2025-11-19 14:00:41	5125	0:30:27	969.4
2025-11-19 14:00:42	6737	0:27:32	1071.4
2025-11-19 14:00:43	8195	0:26:13	1124.3
2025-11-19 14:00:44	9173	0:26:40	1104.8
2025-11-19 14:00:45	10255	0:26:44	1101.1
2025-11-19 14:00:46	11656	0:26:01	1130.1
2025-11-19 14:00:47	13170	0:25:15	1163.9
2025-11-19 14:00:48	14186	0:25:30	1151.6
2025-11-19 14:00:49	15403	0:25:23	1156.1
2025-11-19 14:00:50	17039	0:24:39	1189.3
2025-11-19 14:00:51	18318	0:24:31	1194.8
2025-11-19 14:00:52	19570	0:24:27	1197.8
2025-11-19 14:00:53	21587	0:23:30	1244.8
2025-11-19 14:00:54	22948	0:23:23	1249.3
2025-11-19 14:00:55	24557	0:23:02	1267.1
2025-11-19 14:00:56	25697	0:23:09	1260.6
2025-11-19 14:00:57	27105	0:23:00	1267.2
2025-11-19 14:00:58	28937	0:22:38	1286.8
2025-11-19 14:00:59	30718	0:22:15	1307.8
2025-11-19 14:01:00	32099	0:22:11	1310.3
2025-11-19 14:01:01	33601	0:22:02	1317.8
2025-11-19 14:01:02	34658	0:22:13	1306.4
2025-11-19 14:01:03	36590	0:21:49	1329.1
2025-11-19 14:01:04	37929	0:21:49	1328.2
2025-11-19 14:01:05	39522	0:21:39	1337.1
2025-11-19 14:01:06	41084	0:20:53	1385.3
2025-11-19 14:01:07	42976	0:20:39	1398.7
2025-11-19 14:01:08	44228	0:20:22	1417.6
2025-11-19 14:01:09	45874	0:20:11	1429.3
2025-11-19 14:01:10	47397	0:20:07	1432.4
2025-11-19 14:01:11	49166	0:19:48	1453.4
2025-11-19 14:01:12	50525	0:19:58	1440.3
2025-11-19 14:01:13	52149	0:19:42	1458.6
2025-11-19 14:01:14	53757	0:19:18	1488.0
2025-11-19 14:01:15	55536	0:18:57	1513.5
2025-11-19 14:01:16	56831	0:19:11	1494.0
2025-11-19 14:01:17	58395	0:19:03	1502.2
2025-11-19 14:01:18	60415	0:18:40	1532.4
2025-11-19 14:01:19	61581	0:18:46	1522.2
2025-11-19 14:01:20	63304	0:18:36	1534.5
2025-11-19 14:01:21	64594	0:18:41	1527.0
2025-11-19 14:01:22	66378	0:18:37	1530.0
2025-11-19 14:01:23	68224	0:18:31	1537.8
2025-11-19 14:01:24	69605	0:18:31	1536.3
2025-11-19 14:01:25	71139	0:18:21	1549.2
2025-11-19 14:01:26	71676	0:18:43	1517.7
2025-11-19 14:01:27	72265	0:19:12	1479.2
2025-11-19 14:01:28	73908	0:19:10	1479.8
2025-11-19 14:01:29	75257	0:19:13	1475.2
2025-11-19 14:01:30	76173	0:19:27	1456.3
2025-11-19 14:01:31	78001	0:19:10	1476.5
2025-11-19 14:01:32	79340	0:19:13	1471.9
2025-11-19 14:01:33	80605	0:19:14	1469.2
2025-11-19 14:01:34	82045	0:19:26	1452.5
2025-11-19 14:01:35	83237	0:19:49	1424.0
2025-11-19 14:01:36	85013	0:19:35	1439.8
2025-11-19 14:01:37	86174	0:19:42	1429.8
2025-11-19 14:01:38	88134	0:19:32	1440.5
2025-11-19 14:01:39	90126	0:19:31	1439.9
2025-11-19 14:01:40	91964	0:19:24	1447.5
2025-11-19 14:01:41	93161	0:19:29	1439.7
2025-11-19 14:01:42	94905	0:19:14	1456.4
2025-11-19 14:01:43	95927	0:19:38	1425.8
2025-11-19 14:01:44	97114	0:19:48	1412.9
2025-11-19 14:01:45	98352	0:19:52	1407.3
2025-11-19 14:01:46	100123	0:19:53	1405.0
2025-11-19 14:01:47	102104	0:19:41	1417.4
2025-11-19 14:01:48	103363	0:19:39	1418.7
2025-11-19 14:01:49	104541	0:19:46	1409.7
2025-11-19 14:01:50	106472	0:19:35	1420.5
2025-11-19 14:01:51	108231	0:19:42	1411.7
2025-11-19 14:01:52	109545	0:19:45	1406.0
2025-11-19 14:01:53	110798	0:19:52	1397.7
2025-11-19 14:01:54	112562	0:19:44	1405.0
2025-11-19 14:01:56	113999	0:19:31	1419.2
2025-11-19 14:01:57	115936	0:18:51	1468.2
2025-11-19 14:01:58	117074	0:19:01	1454.2
2025-11-19 14:01:59	117916	0:19:11	1440.9
2025-11-19 14:02:00	119494	0:19:01	1452.4
2025-11-19 14:02:01	120729	0:19:07	1442.8
2025-11-19 14:02:02	122292	0:18:59	1451.7
2025-11-19 14:02:03	123585	0:18:52	1459.7
2025-11-19 14:02:04	125457	0:18:38	1476.8
2025-11-19 14:02:05	126717	0:18:43	1468.9
2025-11-19 14:02:06	128563	0:18:25	1490.6
2025-11-19 14:02:07	130070	0:18:22	1494.0
2025-11-19 14:02:08	131668	0:18:26	1487.0
2025-11-19 14:02:09	132804	0:18:39	1468.0
2025-11-19 14:02:10	133539	0:19:06	1433.5
2025-11-19 14:02:11	134862	0:19:12	1425.1
2025-11-19 14:02:12	135856	0:19:30	1401.8
2025-11-19 14:02:13	137228	0:19:37	1392.7
2025-11-19 14:02:14	139262	0:19:04	1431.4
2025-11-19 14:02:15	140660	0:19:14	1417.4
2025-11-19 14:02:16	142503	0:18:55	1439.2
2025-11-19 14:02:17	144380	0:18:53	1440.8
2025-11-19 14:02:18	145992	0:18:59	1431.3
2025-11-19 14:02:19	147398	0:18:54	1436.5
2025-11-19 14:02:20	149013	0:18:47	1443.7
2025-11-19 14:02:21	150352	0:18:52	1436.5
2025-11-19 14:02:22	151734	0:18:57	1428.7
2025-11-19 14:02:23	153603	0:18:52	1433.8
2025-11-19 14:02:24	155217	0:18:48	1437.4
2025-11-19 14:02:25	156632	0:18:48	1436.2
2025-11-19 14:02:26	158087	0:18:47	1435.3
2025-11-19 14:02:27	159859	0:18:36	1448.0
2025-11-19 14:02:28	161873	0:18:10	1480.4
2025-11-19 14:02:29	163286	0:18:07	1483.4
2025-11-19 14:02:30	164523	0:18:07	1483.2
2025-11-19 14:02:31	165947	0:18:04	1485.4
2025-11-19 14:02:32	167248	0:18:13	1472.0
2025-11-19 14:02:33	168621	0:18:14	1469.4
2025-11-19 14:02:34	169430	0:18:40	1434.8
2025-11-19 14:02:35	170799	0:18:43	1429.3
2025-11-19 14:02:36	172444	0:18:41	1430.8
2025-11-19 14:02:37	173438	0:18:51	1417.6
2025-11-19 14:02:38	175142	0:18:35	1435.9
2025-11-19 14:02:39	176893	0:18:12	1464.8
2025-11-19 14:02:40	178156	0:18:06	1471.6
2025-11-19 14:02:41	179371	0:18:19	1452.5
2025-11-19 14:02:42	180280	0:18:23	1446.9
2025-11-19 14:02:43	181264	0:18:38	1426.7
2025-11-19 14:02:44	181762	0:19:01	1397.0
2025-11-19 14:02:45	182094	0:19:46	1344.4
2025-11-19 14:02:46	182808	0:20:23	1302.7
2025-11-19 14:02:47	183227	0:21:02	1262.2
2025-11-19 14:02:48	184471	0:21:07	1256.7
2025-11-19 14:02:49	186143	0:21:03	1258.5
2025-11-19 14:02:50	187186	0:21:13	1248.1
2025-11-19 14:02:51	188028	0:21:31	1230.2
2025-11-19 14:02:53	189094	0:21:55	1206.8
2025-11-19 14:02:54	190710	0:21:54	1206.9
2025-11-19 14:02:55	192441	0:21:41	1217.7
2025-11-19 14:02:56	193194	0:22:06	1194.0
2025-11-19 14:02:57	194710	0:22:15	1184.3
2025-11-19 14:02:58	196618	0:22:18	1180.7
2025-11-19 14:02:59	198190	0:22:10	1186.2
2025-11-19 14:03:00	199550	0:22:05	1190.4
2025-11-19 14:03:01	200732	0:22:13	1182.3
2025-11-19 14:03:02	201995	0:22:13	1180.8
2025-11-19 14:03:03	203442	0:22:09	1183.2
2025-11-19 14:03:04	204705	0:21:51	1198.6
2025-11-19 14:03:05	206114	0:21:48	1200.3
2025-11-19 14:03:06	207906	0:21:41	1205.2
2025-11-19 14:03:07	209564	0:21:16	1228.1
2025-11-19 14:03:08	211006	0:21:20	1222.6
2025-11-19 14:03:09	212934	0:21:12	1228.8
2025-11-19 14:03:10	215021	0:20:42	1256.6
2025-11-19 14:03:11	216409	0:20:35	1263.3
2025-11-19 14:03:12	218156	0:20:04	1293.8
2025-11-19 14:03:13	219739	0:19:48	1310.2
2025-11-19 14:03:14	221340	0:19:12	1349.8
2025-11-19 14:03:15	222459	0:18:48	1377.7
2025-11-19 14:03:16	223881	0:18:25	1405.1
2025-11-19 14:03:17	225281	0:18:01	1435.3
2025-11-19 14:03:18	226539	0:17:59	1435.7
2025-11-19 14:03:19	227836	0:18:08	1423.7
2025-11-19 14:03:20	229112	0:18:02	1429.8
2025-11-19 14:03:21	230500	0:17:49	1445.3
2025-11-19 14:03:22	232107	0:17:34	1464.8
2025-11-19 14:03:23	233478	0:17:39	1456.4
2025-11-19 14:03:24	234649	0:17:53	1436.6
2025-11-19 14:03:25	235952	0:17:39	1455.1
2025-11-19 14:03:26	237553	0:17:37	1456.1
2025-11-19 14:03:27	238876	0:17:50	1436.3
2025-11-19 14:03:28	239669	0:18:10	1409.1
2025-11-19 14:03:29	239801	0:18:44	1366.5
2025-11-19 14:03:30	239978	0:19:16	1329.5
2025-11-19 14:03:31	240218	0:19:47	1294.2
2025-11-19 14:03:32	240426	0:20:26	1252.2
2025-11-19 14:03:33	240656	0:21:02	1216.8
2025-11-19 14:03:34	241372	0:21:27	1193.0
2025-11-19 14:03:35	242309	0:21:58	1163.9
2025-11-19 14:03:36	244017	0:21:54	1165.8
2025-11-19 14:03:37	245375	0:22:05	1155.3
2025-11-19 14:03:38	246930	0:22:18	1143.0
2025-11-19 14:03:39	248148	0:22:53	1113.3
2025-11-19 14:03:40	249355	0:22:58	1107.9
2025-11-19 14:03:41	251104	0:22:57	1107.7
2025-11-19 14:03:42	252929	0:22:46	1114.9
2025-11-19 14:03:43	254126	0:22:46	1114.1
2025-11-19 14:03:44	255542	0:22:46	1113.3
2025-11-19 14:03:45	257105	0:22:32	1123.6
2025-11-19 14:03:47	259049	0:22:25	1128.4
2025-11-19 14:03:48	260229	0:22:17	1134.0
2025-11-19 14:03:49	261240	0:22:26	1125.7
2025-11-19 14:03:50	262825	0:22:18	1131.0
2025-11-19 14:03:51	264349	0:22:15	1132.9
2025-11-19 14:03:52	265680	0:22:14	1132.6
2025-11-19 14:03:53	267154	0:22:05	1138.6
2025-11-19 14:03:54	267827	0:22:31	1116.6
2025-11-19 14:03:55	268068	0:23:14	1082.2
2025-11-19 14:03:56	268164	0:24:23	1031.1
2025-11-19 14:03:57	268299	0:25:21	991.5
2025-11-19 14:03:58	268557	0:26:01	966.2
2025-11-19 14:03:59	268801	0:25:55	969.7
2025-11-19 14:04:00	269229	0:25:38	979.6
2025-11-19 14:04:01	270301	0:24:53	1008.4
2025-11-19 14:04:02	271322	0:24:12	1036.7
2025-11-19 14:04:03	273189	0:22:58	1091.1
2025-11-19 14:04:04	274604	0:22:23	1118.4
2025-11-19 14:04:05	276452	0:21:41	1152.5
2025-11-19 14:04:06	278280	0:21:37	1155.2
2025-11-19 14:04:07	279491	0:21:36	1154.8
2025-11-19 14:04:08	280755	0:21:31	1158.4
2025-11-19 14:04:09	282061	0:21:42	1147.8
2025-11-19 14:04:10	283886	0:21:15	1170.5
2025-11-19 14:04:11	284999	0:21:36	1150.5
2025-11-19 14:04:12	286583	0:21:29	1155.3
2025-11-19 14:04:13	287936	0:21:24	1159.2
2025-11-19 14:04:14	289400	0:21:22	1159.5
2025-11-19 14:04:15	291060	0:21:30	1151.2
2025-11-19 14:04:16	292790	0:21:26	1153.2
2025-11-19 14:04:17	294211	0:21:26	1152.3
2025-11-19 14:04:18	295011	0:21:25	1152.9
2025-11-19 14:04:19	296034	0:21:34	1144.3
2025-11-19 14:04:20	296977	0:21:53	1126.5
2025-11-19 14:04:21	297925	0:22:17	1106.2
2025-11-19 14:04:22	299469	0:22:04	1115.2
2025-11-19 14:04:23	300404	0:22:12	1108.0
2025-11-19 14:04:24	301890	0:21:30	1143.4
2025-11-19 14:04:25	303721	0:20:27	1199.8
2025-11-19 14:04:26	304962	0:19:47	1239.0
2025-11-19 14:04:27	306292	0:19:12	1276.3
2025-11-19 14:04:28	307525	0:18:41	1309.6
2025-11-19 14:04:29	309353	0:17:58	1360.9
2025-11-19 14:04:30	310695	0:17:36	1387.7
2025-11-19 14:04:31	312296	0:17:35	1387.6
2025-11-19 14:04:32	313664	0:17:29	1393.8
2025-11-19 14:04:33	315374	0:17:24	1398.9
2025-11-19 14:04:34	316528	0:17:37	1380.3
2025-11-19 14:04:35	317783	0:17:55	1356.6
2025-11-19 14:04:36	319447	0:17:43	1370.4
2025-11-19 14:04:37	320609	0:17:49	1362.3
2025-11-19 14:04:38	322318	0:17:44	1366.5
2025-11-19 14:04:39	323605	0:17:42	1367.2
2025-11-19 14:04:40	325269	0:17:42	1365.9
2025-11-19 14:04:41	327292	0:17:17	1396.8
2025-11-19 14:04:42	328690	0:17:21	1391.1
2025-11-19 14:04:43	329798	0:17:24	1384.9
2025-11-19 14:04:44	331568	0:17:22	1386.4
2025-11-19 14:04:45	332578	0:17:41	1360.7
2025-11-19 14:04:46	334097	0:17:50	1347.6
2025-11-19 14:04:47	335786	0:17:27	1375.4
2025-11-19 14:04:48	337233	0:17:13	1393.6
2025-11-19 14:04:49	338192	0:17:15	1389.1
2025-11-19 14:04:50	338632	0:17:18	1384.9
2025-11-19 14:04:51	338729	0:17:55	1337.2
2025-11-19 14:04:52	338874	0:18:28	1297.4
2025-11-19 14:04:53	339151	0:18:53	1268.9
2025-11-19 14:04:54	339510	0:19:22	1236.4
2025-11-19 14:04:55	340088	0:20:01	1196.1
2025-11-19 14:04:56	341538	0:19:58	1197.5
2025-11-19 14:04:57	342268	0:20:21	1174.0
2025-11-19 14:04:58	343462	0:20:35	1160.3
2025-11-19 14:04:59	344206	0:20:55	1140.9
2025-11-19 14:05:00	344713	0:21:32	1108.0
2025-11-19 14:05:01	346422	0:21:33	1105.6
2025-11-19 14:05:02	348042	0:21:20	1116.1
2025-11-19 14:05:03	349063	0:21:38	1099.5
2025-11-19 14:05:04	350253	0:21:31	1104.2
2025-11-19 14:05:05	350383	0:22:27	1058.7
2025-11-19 14:05:06	350517	0:23:26	1013.9
2025-11-19 14:05:08	350716	0:24:25	973.3
2025-11-19 14:05:09	351609	0:25:12	942.4
2025-11-19 14:05:10	352819	0:25:23	934.8
2025-11-19 14:05:11	354039	0:25:44	921.0
2025-11-19 14:05:12	356265	0:24:48	954.3
2025-11-19 14:05:13	357687	0:24:42	957.5
2025-11-19 14:05:14	359156	0:24:49	952.1
2025-11-19 14:05:15	360910	0:24:24	966.5
2025-11-19 14:05:16	362815	0:23:47	990.6
2025-11-19 14:05:17	364569	0:23:32	1000.0
2025-11-19 14:05:18	366063	0:23:52	985.0
2025-11-19 14:05:19	367349	0:23:46	987.8
2025-11-19 14:05:20	367936	0:23:46	987.5
2025-11-19 14:05:21	368243	0:23:38	993.0
2025-11-19 14:05:22	368931	0:23:09	1013.1
2025-11-19 14:05:23	369324	0:23:03	1017.5
2025-11-19 14:05:24	370711	0:22:16	1052.1
2025-11-19 14:05:25	371581	0:21:55	1068.2
2025-11-19 14:05:26	373265	0:21:18	1097.6
2025-11-19 14:05:27	374664	0:21:13	1100.7
2025-11-19 14:05:28	376095	0:20:59	1111.8
2025-11-19 14:05:29	377582	0:20:31	1135.9
2025-11-19 14:05:30	379142	0:19:53	1170.8
2025-11-19 14:05:31	380809	0:19:37	1185.7
2025-11-19 14:05:32	381961	0:19:47	1175.0
2025-11-19 14:05:33	383630	0:19:28	1192.4
2025-11-19 14:05:34	385248	0:19:37	1181.9
2025-11-19 14:05:35	387107	0:18:39	1241.3
2025-11-19 14:05:36	388655	0:17:57	1288.9
2025-11-19 14:05:37	389658	0:17:32	1317.4
2025-11-19 14:05:38	391200	0:17:03	1354.0
2025-11-19 14:05:39	392289	0:17:13	1340.2
2025-11-19 14:05:40	393723	0:17:03	1352.0
2025-11-19 14:05:41	395119	0:17:11	1340.0
2025-11-19 14:05:42	396568	0:17:17	1330.7
2025-11-19 14:05:43	398307	0:17:09	1338.6
2025-11-19 14:05:44	399484	0:17:26	1316.5
2025-11-19 14:05:45	400554	0:17:41	1296.0
2025-11-19 14:05:46	401850	0:17:52	1282.2
2025-11-19 14:05:47	403090	0:18:07	1263.5
2025-11-19 14:05:48	404527	0:18:11	1257.5
2025-11-19 14:05:49	406287	0:17:41	1291.6
2025-11-19 14:05:50	407927	0:17:04	1336.7
2025-11-19 14:05:51	409188	0:16:40	1366.4
2025-11-19 14:05:52	410588	0:16:22	1390.1
2025-11-19 14:05:53	411706	0:16:22	1390.1
2025-11-19 14:05:54	413662	0:16:02	1416.0
2025-11-19 14:05:55	415010	0:15:58	1420.2
2025-11-19 14:05:56	416587	0:15:55	1424.2
2025-11-19 14:05:57	417568	0:16:05	1407.7
2025-11-19 14:05:58	418499	0:16:19	1386.2
2025-11-19 14:05:59	418985	0:16:49	1345.5
2025-11-19 14:06:00	419681	0:17:04	1324.7
2025-11-19 14:06:01	420566	0:17:14	1311.2
2025-11-19 14:06:02	421364	0:17:32	1287.7
2025-11-19 14:06:03	422050	0:18:05	1248.1
2025-11-19 14:06:04	422548	0:18:33	1216.0
2025-11-19 14:06:05	422854	0:19:14	1172.7
2025-11-19 14:06:06	423301	0:19:51	1135.8
2025-11-19 14:06:07	423569	0:20:22	1106.7
2025-11-19 14:06:08	423735	0:21:06	1068.8
2025-11-19 14:06:09	423972	0:21:43	1037.6
2025-11-19 14:06:10	424151	0:22:51	986.7
2025-11-19 14:06:11	424871	0:23:14	969.5
2025-11-19 14:06:12	426624	0:23:04	975.4
2025-11-19 14:06:13	427937	0:23:18	964.9
2025-11-19 14:06:14	429278	0:23:01	975.7
2025-11-19 14:06:15	430808	0:22:27	999.1
2025-11-19 14:06:16	432180	0:22:34	992.6
2025-11-19 14:06:17	434108	0:22:27	996.9
2025-11-19 14:06:18	435926	0:22:03	1013.0
2025-11-19 14:06:19	437474	0:22:08	1008.3
2025-11-19 14:06:20	438735	0:22:03	1010.7
2025-11-19 14:06:21	440428	0:21:44	1024.7
2025-11-19 14:06:22	442372	0:21:25	1038.1
2025-11-19 14:06:23	443880	0:21:14	1046.0
2025-11-19 14:06:24	445490	0:21:15	1043.4
2025-11-19 14:06:25	446669	0:21:28	1032.7
2025-11-19 14:06:26	447616	0:21:40	1021.9
2025-11-19 14:06:28	448731	0:21:43	1018.6
2025-11-19 14:06:29	449788	0:21:19	1037.0
2025-11-19 14:06:30	451178	0:20:51	1059.5
2025-11-19 14:06:31	452011	0:20:39	1069.0
2025-11-19 14:06:32	453376	0:20:25	1079.8
2025-11-19 14:06:33	454453	0:20:11	1091.9
2025-11-19 14:06:34	455155	0:20:08	1094.1
2025-11-19 14:06:35	456764	0:19:27	1131.1
2025-11-19 14:06:36	458247	0:18:50	1166.9
2025-11-19 14:06:37	459799	0:18:10	1207.4
2025-11-19 14:06:38	461415	0:17:27	1255.2
2025-11-19 14:06:39	462985	0:16:49	1301.4
2025-11-19 14:06:40	464979	0:16:02	1362.5
2025-11-19 14:06:41	466507	0:15:32	1405.1
2025-11-19 14:06:42	468323	0:15:22	1417.8
2025-11-19 14:06:43	469987	0:15:15	1427.3
2025-11-19 14:06:44	471761	0:14:58	1452.4
2025-11-19 14:06:45	472988	0:15:09	1433.3
2025-11-19 14:06:46	474249	0:15:12	1427.8
2025-11-19 14:06:47	475460	0:15:23	1409.9
2025-11-19 14:06:48	476931	0:15:23	1408.0
2025-11-19 14:06:49	478237	0:15:34	1389.7
2025-11-19 14:06:50	479418	0:15:50	1365.7
2025-11-19 14:06:51	481049	0:15:39	1379.7
2025-11-19 14:06:52	482607	0:15:37	1380.1
2025-11-19 14:06:53	483688	0:15:51	1359.5
2025-11-19 14:06:54	485348	0:15:59	1346.4
2025-11-19 14:06:55	486687	0:15:51	1355.4
2025-11-19 14:06:56	488541	0:15:41	1369.0
2025-11-19 14:06:57	490571	0:15:24	1391.6
2025-11-19 14:06:58	491533	0:15:14	1405.2
2025-11-19 14:06:59	492883	0:15:10	1409.7
2025-11-19 14:07:00	494103	0:15:05	1416.0
2025-11-19 14:07:01	495730	0:14:54	1432.1
2025-11-19 14:07:02	496873	0:14:48	1439.9
2025-11-19 14:07:03	498447	0:14:36	1457.9
2025-11-19 14:07:05	499975	0:14:38	1453.9
2025-11-19 14:07:06	501874	0:14:24	1475.0
2025-11-19 14:07:07	503561	0:14:26	1469.9
2025-11-19 14:07:08	505135	0:14:22	1474.6
2025-11-19 14:07:09	506355	0:14:32	1456.0
2025-11-19 14:07:10	507726	0:14:38	1444.8
2025-11-19 14:07:11	508636	0:15:02	1405.7
2025-11-19 14:07:12	509529	0:15:13	1387.0
2025-11-19 14:07:13	509905	0:15:44	1341.9
2025-11-19 14:07:14	510563	0:16:03	1314.6
2025-11-19 14:07:15	511110	0:16:24	1285.1
2025-11-19 14:07:16	512401	0:16:34	1271.2
2025-11-19 14:07:17	513907	0:16:19	1289.4
2025-11-19 14:07:18	515117	0:16:17	1290.6
2025-11-19 14:07:19	516932	0:16:13	1294.1
2025-11-19 14:07:20	518665	0:16:00	1309.3
2025-11-19 14:07:21	520302	0:15:53	1318.2
2025-11-19 14:07:22	521845	0:15:42	1331.8
2025-11-19 14:07:23	523722	0:15:38	1335.6
2025-11-19 14:07:24	525550	0:15:22	1357.0
2025-11-19 14:07:25	527204	0:15:23	1353.5
2025-11-19 14:07:26	528315	0:15:37	1331.6
2025-11-19 14:07:27	530249	0:15:27	1344.0
2025-11-19 14:07:28	531548	0:15:19	1353.8
2025-11-19 14:07:29	532942	0:15:14	1360.9
2025-11-19 14:07:30	534704	0:14:57	1383.7
2025-11-19 14:07:31	536481	0:14:52	1389.3
2025-11-19 14:07:32	537800	0:14:48	1395.2
2025-11-19 14:07:33	538295	0:15:12	1357.8
2025-11-19 14:07:34	539270	0:15:20	1344.6
2025-11-19 14:07:35	540737	0:15:29	1329.9
2025-11-19 14:07:36	541985	0:15:39	1314.9
2025-11-19 14:07:37	543228	0:15:47	1302.3
2025-11-19 14:07:38	544779	0:15:37	1314.3
2025-11-19 14:07:39	546197	0:15:35	1316.1
2025-11-19 14:07:40	547767	0:15:18	1338.4
2025-11-19 14:07:41	548895	0:15:11	1347.2
2025-11-19 14:07:42	549956	0:14:55	1370.5
2025-11-19 14:07:43	551767	0:14:28	1410.0
2025-11-19 14:07:44	553383	0:14:05	1446.5
2025-11-19 14:07:45	555331	0:13:51	1469.2
2025-11-19 14:07:46	556911	0:13:48	1472.5
2025-11-19 14:07:47	558670	0:13:35	1494.2
2025-11-19 14:07:48	560196	0:13:39	1484.3
2025-11-19 14:07:49	561777	0:13:41	1478.8
2025-11-19 14:07:50	563131	0:13:46	1468.4
2025-11-19 14:07:51	564618	0:13:46	1466.2
2025-11-19 14:07:52	566118	0:13:52	1453.7
2025-11-19 14:07:53	567883	0:13:52	1451.7
2025-11-19 14:07:54	569387	0:13:54	1446.5
2025-11-19 14:07:55	570531	0:13:54	1445.5
2025-11-19 14:07:56	571900	0:14:04	1426.4
2025-11-19 14:07:57	573695	0:13:53	1443.8
2025-11-19 14:07:58	575081	0:13:52	1443.8
2025-11-19 14:07:59	576271	0:14:03	1424.0
2025-11-19 14:08:00	577773	0:14:07	1414.2
2025-11-19 14:08:01	579683	0:13:54	1434.4
2025-11-19 14:08:02	581629	0:13:24	1484.9
2025-11-19 14:08:03	583054	0:13:15	1500.4
2025-11-19 14:08:04	584553	0:13:13	1501.7
2025-11-19 14:08:05	586414	0:13:05	1515.4
2025-11-19 14:08:06	587951	0:12:58	1526.8
2025-11-19 14:08:07	589353	0:13:00	1521.7
2025-11-19 14:08:08	590764	0:12:59	1521.3
2025-11-19 14:08:09	592216	0:13:00	1517.0
2025-11-19 14:08:10	594037	0:12:47	1540.7
2025-11-19 14:08:11	595379	0:12:42	1550.4
2025-11-19 14:08:12	597030	0:12:43	1545.0
2025-11-19 14:08:13	599064	0:12:35	1558.5
2025-11-19 14:08:14	600323	0:12:46	1535.2
2025-11-19 14:08:15	601184	0:12:58	1510.5
2025-11-19 14:08:16	602706	0:13:04	1496.7
2025-11-19 14:08:17	604193	0:13:04	1495.4
2025-11-19 14:08:18	605383	0:13:10	1482.1
2025-11-19 14:08:19	606671	0:13:10	1481.2
2025-11-19 14:08:20	607616	0:13:19	1462.7
2025-11-19 14:08:21	608467	0:13:30	1441.8
2025-11-19 14:08:22	610141	0:13:31	1437.5
2025-11-19 14:08:23	611579	0:13:31	1435.1
2025-11-19 14:08:24	613379	0:13:17	1459.7
2025-11-19 14:08:25	614896	0:13:13	1464.7
2025-11-19 14:08:26	616537	0:13:15	1459.4
2025-11-19 14:08:27	618366	0:13:05	1474.5
2025-11-19 14:08:28	619644	0:13:03	1477.1
2025-11-19 14:08:29	621132	0:13:02	1476.9
2025-11-19 14:08:30	622952	0:13:02	1473.9
2025-11-19 14:08:31	624873	0:13:02	1473.0
2025-11-19 14:08:32	626199	0:13:02	1469.7
2025-11-19 14:08:33	627877	0:12:59	1474.3
2025-11-19 14:08:34	629016	0:13:08	1456.5
2025-11-19 14:08:35	630879	0:13:00	1467.7
2025-11-19 14:08:36	632286	0:12:59	1467.9
2025-11-19 14:08:37	633882	0:12:56	1471.7
2025-11-19 14:08:38	635556	0:12:51	1479.6
2025-11-19 14:08:39	636908	0:13:01	1459.4
2025-11-19 14:08:40	639062	0:12:45	1487.0
2025-11-19 14:08:41	640606	0:12:46	1483.0
2025-11-19 14:08:42	642176	0:12:52	1468.0
2025-11-19 14:08:43	643766	0:12:46	1478.8
2025-11-19 14:08:44	645206	0:12:35	1498.4
2025-11-19 14:08:45	646533	0:12:34	1497.7
2025-11-19 14:08:46	648262	0:12:29	1505.8
2025-11-19 14:08:47	650106	0:12:17	1528.3
2025-11-19 14:08:48	651542	0:12:13	1533.4
2025-11-19 14:08:49	652969	0:12:05	1549.8
2025-11-19 14:08:50	654736	0:11:49	1581.1
2025-11-19 14:08:51	656665	0:11:44	1590.2
2025-11-19 14:08:52	658191	0:11:42	1593.5
2025-11-19 14:08:53	658937	0:11:57	1558.1
2025-11-19 14:08:54	660375	0:11:56	1557.6
2025-11-19 14:08:56	661518	0:12:06	1535.9
2025-11-19 14:08:57	663323	0:12:04	1536.1
2025-11-19 14:08:58	665165	0:11:57	1549.8
2025-11-19 14:08:59	666804	0:11:54	1553.9
2025-11-19 14:09:00	667688	0:12:08	1522.1
2025-11-19 14:09:01	669499	0:12:08	1519.2
2025-11-19 14:09:02	670845	0:12:06	1522.0
2025-11-19 14:09:03	672819	0:12:01	1529.4
2025-11-19 14:09:04	674121	0:11:56	1539.3
2025-11-19 14:09:05	675858	0:11:58	1533.0
2025-11-19 14:09:06	677440	0:11:54	1538.2
2025-11-19 14:09:07	679129	0:11:57	1530.6
2025-11-19 14:09:08	681013	0:11:51	1539.8
2025-11-19 14:09:09	682830	0:11:43	1555.8
2025-11-19 14:09:10	684443	0:11:47	1543.2
2025-11-19 14:09:11	686083	0:11:43	1550.8
2025-11-19 14:09:12	688129	0:11:36	1563.1
2025-11-19 14:09:13	689336	0:11:43	1545.0
2025-11-19 14:09:14	690533	0:11:41	1548.0
2025-11-19 14:09:15	691961	0:11:43	1542.9
2025-11-19 14:09:16	693358	0:11:46	1533.4
2025-11-19 14:09:17	694482	0:11:57	1508.2
2025-11-19 14:09:18	694912	0:12:13	1475.2
2025-11-19 14:09:19	695072	0:12:38	1426.4
2025-11-19 14:09:20	695482	0:13:00	1386.0
2025-11-19 14:09:21	695798	0:13:34	1326.7
2025-11-19 14:09:22	696875	0:13:42	1313.6
2025-11-19 14:09:23	698342	0:13:27	1335.3
2025-11-19 14:09:24	699518	0:13:27	1333.8
2025-11-19 14:09:25	700795	0:13:29	1329.3
2025-11-19 14:09:26	702281	0:13:31	1324.0
2025-11-19 14:09:27	703706	0:13:43	1303.3
2025-11-19 14:09:28	704980	0:13:41	1304.1
2025-11-19 14:09:29	706106	0:13:44	1298.4
2025-11-19 14:09:30	707547	0:13:42	1299.3
2025-11-19 14:09:31	709076	0:13:40	1301.7
2025-11-19 14:09:32	710458	0:13:49	1285.7
2025-11-19 14:09:33	711310	0:13:59	1269.9
2025-11-19 14:09:34	711824	0:14:29	1224.9
2025-11-19 14:09:35	712645	0:14:46	1200.2
2025-11-19 14:09:36	714417	0:14:43	1203.0
2025-11-19 14:09:37	715667	0:14:56	1184.0
2025-11-19 14:09:38	716753	0:15:00	1177.2
2025-11-19 14:09:39	718498	0:15:01	1173.5
2025-11-19 14:09:40	719775	0:15:21	1147.4
2025-11-19 14:09:41	721190	0:15:21	1146.2
2025-11-19 14:09:42	722550	0:15:29	1133.8
2025-11-19 14:09:43	723473	0:15:34	1127.0
2025-11-19 14:09:44	724891	0:15:32	1127.7
2025-11-19 14:09:45	726189	0:15:24	1136.5
2025-11-19 14:09:46	727719	0:15:25	1133.8
2025-11-19 14:09:47	729481	0:14:51	1175.5
2025-11-19 14:09:48	731388	0:14:07	1234.3
2025-11-19 14:09:49	733164	0:13:34	1281.4
2025-11-19 14:09:50	734725	0:13:06	1324.7
2025-11-19 14:09:51	735896	0:13:01	1331.7
2025-11-19 14:09:52	736498	0:13:14	1309.2
2025-11-19 14:09:53	737391	0:13:22	1296.1
2025-11-19 14:09:54	739068	0:13:11	1310.5
2025-11-19 14:09:55	740422	0:13:13	1305.9
2025-11-19 14:09:56	741462	0:13:25	1284.9
2025-11-19 14:09:57	743060	0:13:12	1304.9
2025-11-19 14:09:58	745016	0:12:44	1348.9
2025-11-19 14:09:59	746510	0:12:49	1339.4
2025-11-19 14:10:00	747744	0:12:54	1329.1
2025-11-19 14:10:01	749320	0:12:47	1339.4
2025-11-19 14:10:02	751208	0:12:31	1365.3
2025-11-19 14:10:03	752484	0:12:20	1382.9
2025-11-19 14:10:04	753886	0:12:04	1411.9
2025-11-19 14:10:05	755572	0:11:57	1423.8
2025-11-19 14:10:06	757373	0:11:47	1440.4
2025-11-19 14:10:07	758825	0:11:44	1444.4
2025-11-19 14:10:08	760547	0:11:39	1452.1
2025-11-19 14:10:09	762425	0:11:33	1462.9
2025-11-19 14:10:10	764152	0:11:28	1471.3
2025-11-19 14:10:11	765804	0:11:21	1484.2
2025-11-19 14:10:12	767055	0:11:18	1488.3
2025-11-19 14:10:13	768713	0:11:11	1501.4
2025-11-19 14:10:14	770581	0:11:00	1524.3
2025-11-19 14:10:15	772047	0:10:58	1525.3
2025-11-19 14:10:16	773224	0:11:09	1499.6
2025-11-19 14:10:17	774178	0:11:21	1470.4
2025-11-19 14:10:18	774537	0:11:40	1430.5
2025-11-19 14:10:19	774882	0:12:07	1377.8
2025-11-19 14:10:20	775126	0:12:27	1339.9
2025-11-19 14:10:21	775418	0:12:31	1332.7
2025-11-19 14:10:22	776084	0:12:33	1328.5
2025-11-19 14:10:23	776638	0:12:53	1292.7
2025-11-19 14:10:24	777099	0:13:11	1263.3
2025-11-19 14:10:25	777774	0:13:22	1245.7
2025-11-19 14:10:26	778922	0:13:27	1236.6
2025-11-19 14:10:27	780221	0:13:39	1216.4
2025-11-19 14:10:28	781351	0:13:50	1198.9
2025-11-19 14:10:29	783297	0:13:34	1220.6
2025-11-19 14:10:30	784485	0:13:41	1208.2
2025-11-19 14:10:31	786433	0:13:45	1199.9
2025-11-19 14:10:33	788430	0:13:27	1223.7
2025-11-19 14:10:34	790174	0:13:18	1235.4
2025-11-19 14:10:35	791587	0:13:23	1225.8
2025-11-19 14:10:36	793259	0:13:24	1223.0
2025-11-19 14:10:37	794992	0:13:18	1229.0
2025-11-19 14:10:38	796807	0:13:15	1232.0
2025-11-19 14:10:39	798582	0:13:16	1228.4
2025-11-19 14:10:40	799737	0:13:28	1208.7
2025-11-19 14:10:41	801007	0:13:36	1195.7
2025-11-19 14:10:42	802614	0:13:26	1207.8
2025-11-19 14:10:43	803881	0:13:34	1194.6
2025-11-19 14:10:44	804706	0:13:58	1159.1
2025-11-19 14:10:45	806029	0:14:01	1154.0
2025-11-19 14:10:46	806718	0:14:13	1136.5
2025-11-19 14:10:47	807009	0:14:30	1113.7
2025-11-19 14:10:48	807504	0:14:26	1118.3
2025-11-19 14:10:49	808545	0:14:07	1142.0
2025-11-19 14:10:50	810255	0:13:31	1191.4
2025-11-19 14:10:51	811250	0:13:14	1215.3
2025-11-19 14:10:52	813045	0:12:49	1252.9
2025-11-19 14:10:53	814489	0:12:30	1283.1
2025-11-19 14:10:54	815739	0:12:13	1309.7
2025-11-19 14:10:55	817145	0:11:59	1334.7
2025-11-19 14:10:56	818418	0:11:56	1338.5
2025-11-19 14:10:57	820120	0:11:47	1352.1
2025-11-19 14:10:58	821264	0:11:46	1352.5
2025-11-19 14:10:59	822594	0:11:57	1330.6
2025-11-19 14:11:00	823260	0:12:06	1312.8
2025-11-19 14:11:01	823636	0:12:30	1270.2
2025-11-19 14:11:02	823945	0:13:05	1213.1
2025-11-19 14:11:03	824657	0:13:28	1178.1
2025-11-19 14:11:04	826082	0:13:29	1174.0
2025-11-19 14:11:05	827499	0:13:35	1164.6
2025-11-19 14:11:06	829185	0:13:32	1166.8
2025-11-19 14:11:07	830564	0:13:41	1151.9
2025-11-19 14:11:08	831270	0:14:07	1115.8
2025-11-19 14:11:09	832512	0:14:04	1118.7
2025-11-19 14:11:10	834185	0:13:54	1129.2
2025-11-19 14:11:11	835768	0:13:53	1128.5
2025-11-19 14:11:12	836298	0:14:12	1103.4
2025-11-19 14:11:13	836821	0:14:20	1093.0
2025-11-19 14:11:14	837718	0:14:30	1078.6
2025-11-19 14:11:15	839121	0:14:09	1103.6
2025-11-19 14:11:16	840407	0:13:43	1137.6
2025-11-19 14:11:17	841528	0:13:27	1158.7
2025-11-19 14:11:18	843293	0:13:09	1183.3
2025-11-19 14:11:19	845141	0:13:04	1188.4
2025-11-19 14:11:20	846962	0:12:44	1216.7
2025-11-19 14:11:21	848391	0:12:50	1204.6
2025-11-19 14:11:22	849536	0:12:56	1194.4
2025-11-19 14:11:23	849901	0:13:16	1164.2
2025-11-19 14:11:24	850312	0:13:39	1130.5
2025-11-19 14:11:25	850866	0:13:57	1106.1
2025-11-19 14:11:26	851461	0:14:27	1067.0
2025-11-19 14:11:27	851804	0:14:53	1035.7
2025-11-19 14:11:28	852492	0:15:11	1014.5
2025-11-19 14:11:29	853946	0:14:46	1041.4
2025-11-19 14:11:30	855038	0:14:27	1062.2
2025-11-19 14:11:31	855899	0:14:12	1080.2
2025-11-19 14:11:32	856141	0:14:25	1064.3
2025-11-19 14:11:33	856717	0:14:45	1039.3
2025-11-19 14:11:34	858305	0:14:38	1045.7
2025-11-19 14:11:35	860266	0:14:28	1055.1
2025-11-19 14:11:36	861746	0:14:24	1058.5
2025-11-19 14:11:37	863121	0:14:05	1081.2
2025-11-19 14:11:38	864427	0:14:02	1083.3
2025-11-19 14:11:39	866307	0:13:52	1093.5
2025-11-19 14:11:40	867728	0:13:55	1088.1
2025-11-19 14:11:41	869070	0:13:33	1115.6
2025-11-19 14:11:42	870565	0:13:08	1148.9
2025-11-19 14:11:43	872112	0:12:52	1171.0
2025-11-19 14:11:44	874069	0:12:38	1190.0
2025-11-19 14:11:45	875420	0:12:36	1192.2
2025-11-19 14:11:46	877161	0:12:21	1212.9
2025-11-19 14:11:47	878962	0:12:19	1214.1
2025-11-19 14:11:48	880528	0:12:24	1204.5
2025-11-19 14:11:49	882027	0:12:29	1193.5
2025-11-19 14:11:50	883472	0:12:28	1193.9
2025-11-19 14:11:52	885313	0:12:14	1213.5
2025-11-19 14:11:53	887012	0:11:46	1258.8
2025-11-19 14:11:54	888292	0:11:29	1288.3
2025-11-19 14:11:55	889737	0:11:12	1318.3
2025-11-19 14:11:56	890689	0:11:05	1332.1
2025-11-19 14:11:57	891020	0:11:03	1335.6
2025-11-19 14:11:58	891304	0:11:10	1321.3
2025-11-19 14:11:59	891684	0:11:28	1284.8
2025-11-19 14:12:00	891820	0:11:44	1256.8
2025-11-19 14:12:01	892102	0:11:54	1238.0
2025-11-19 14:12:02	892302	0:11:55	1236.4
2025-11-19 14:12:03	892556	0:12:02	1223.5
2025-11-19 14:12:04	892772	0:12:33	1173.8
2025-11-19 14:12:05	893085	0:13:10	1117.5
2025-11-19 14:12:06	893444	0:13:38	1078.7
2025-11-19 14:12:07	893675	0:14:09	1040.2
2025-11-19 14:12:08	894084	0:14:35	1008.8
2025-11-19 14:12:09	894403	0:15:23	955.4
2025-11-19 14:12:10	895240	0:15:41	936.3
2025-11-19 14:12:11	896171	0:15:54	922.7
2025-11-19 14:12:12	897160	0:16:12	904.4
2025-11-19 14:12:13	898471	0:16:19	897.2
2025-11-19 14:12:14	900365	0:16:20	894.2
2025-11-19 14:12:15	901426	0:16:30	884.1
2025-11-19 14:12:16	903100	0:16:32	880.8
2025-11-19 14:12:17	904269	0:16:57	858.0
2025-11-19 14:12:18	906242	0:16:38	872.3
2025-11-19 14:12:19	907884	0:16:31	876.1
2025-11-19 14:12:20	909373	0:16:27	878.6
2025-11-19 14:12:21	910957	0:16:32	872.1
2025-11-19 14:12:22	912462	0:16:38	865.5
2025-11-19 14:12:23	913091	0:17:04	843.2
2025-11-19 14:12:24	914599	0:17:00	844.6
2025-11-19 14:12:25	915744	0:16:51	851.2
2025-11-19 14:12:26	916224	0:16:44	857.1
2025-11-19 14:12:27	917001	0:16:24	873.8
2025-11-19 14:12:28	918234	0:15:52	901.9
2025-11-19 14:12:29	919588	0:15:09	942.2
2025-11-19 14:12:30	921103	0:14:29	984.2
2025-11-19 14:12:31	922603	0:13:50	1028.5
2025-11-19 14:12:32	923860	0:13:21	1064.3
2025-11-19 14:12:33	925700	0:12:38	1122.1
2025-11-19 14:12:34	926656	0:12:23	1143.6
2025-11-19 14:12:35	927120	0:12:20	1147.5
2025-11-19 14:12:36	928056	0:12:04	1170.8
2025-11-19 14:12:37	929362	0:11:46	1200.4
2025-11-19 14:12:38	930697	0:11:25	1234.9
2025-11-19 14:12:39	932196	0:11:11	1257.5
2025-11-19 14:12:40	933593	0:11:02	1273.0
2025-11-19 14:12:41	934972	0:10:54	1286.1
2025-11-19 14:12:42	936398	0:10:51	1290.6
2025-11-19 14:12:43	938035	0:10:54	1281.9
2025-11-19 14:12:44	939523	0:10:45	1296.4
2025-11-19 14:12:45	941397	0:10:40	1304.3
2025-11-19 14:12:46	942869	0:10:32	1318.1
2025-11-19 14:12:47	943338	0:10:58	1266.7
2025-11-19 14:12:48	943908	0:11:17	1230.2
2025-11-19 14:12:49	944495	0:11:34	1199.3
2025-11-19 14:12:50	946176	0:11:30	1202.7
2025-11-19 14:12:51	947277	0:11:37	1188.6
2025-11-19 14:12:52	949152	0:11:11	1231.8
2025-11-19 14:12:53	950299	0:11:17	1220.4
2025-11-19 14:12:54	951477	0:11:15	1221.5
2025-11-19 14:12:55	952470	0:11:05	1238.6
2025-11-19 14:12:56	953685	0:10:56	1253.2
2025-11-19 14:12:57	955176	0:10:52	1258.6
2025-11-19 14:12:58	956696	0:10:48	1264.9
2025-11-19 14:12:59	958058	0:10:48	1263.3
2025-11-19 14:13:00	959419	0:10:49	1257.8
2025-11-19 14:13:01	960789	0:10:49	1256.6
2025-11-19 14:13:03	962262	0:10:55	1242.5
2025-11-19 14:13:04	963820	0:10:43	1263.4
2025-11-19 14:13:05	965228	0:10:27	1294.2
2025-11-19 14:13:06	966801	0:10:13	1319.4
2025-11-19 14:13:07	968672	0:10:03	1339.8
2025-11-19 14:13:08	970034	0:10:02	1339.8
2025-11-19 14:13:09	971454	0:10:02	1336.9
2025-11-19 14:13:10	972959	0:10:01	1337.6
2025-11-19 14:13:11	974522	0:09:56	1344.1
2025-11-19 14:13:12	975882	0:09:56	1341.9
2025-11-19 14:13:13	977340	0:09:58	1335.8
2025-11-19 14:13:14	978948	0:09:56	1337.5
2025-11-19 14:13:15	980863	0:09:54	1339.4
2025-11-19 14:13:16	982650	0:09:48	1349.7
2025-11-19 14:13:17	984159	0:09:32	1384.9
2025-11-19 14:13:18	985806	0:09:16	1421.9
2025-11-19 14:13:19	987775	0:09:00	1460.9
2025-11-19 14:13:20	989355	0:09:00	1456.8
2025-11-19 14:13:21	990599	0:08:57	1461.6
2025-11-19 14:13:22	992261	0:08:59	1454.4
2025-11-19 14:13:23	993622	0:08:56	1460.5
2025-11-19 14:13:24	995444	0:08:47	1482.2
2025-11-19 14:13:25	996796	0:08:41	1494.9
2025-11-19 14:13:26	998248	0:08:37	1503.5
2025-11-19 14:13:27	999982	0:08:33	1511.7
2025-11-19 14:13:28	1001962	0:08:27	1527.2
2025-11-19 14:13:29	1003502	0:08:24	1533.2
2025-11-19 14:13:30	1005219	0:08:19	1545.4
2025-11-19 14:13:31	1007156	0:08:12	1562.6
2025-11-19 14:13:32	1008720	0:08:09	1568.2
2025-11-19 14:13:33	1010208	0:08:09	1565.9
2025-11-19 14:13:34	1011358	0:08:11	1557.2
2025-11-19 14:13:35	1012788	0:08:12	1549.9
2025-11-19 14:13:36	1014107	0:08:18	1531.5
2025-11-19 14:13:37	1014424	0:08:29	1496.1
2025-11-19 14:13:38	1014697	0:08:41	1461.3
2025-11-19 14:13:39	1014956	0:08:56	1420.1
2025-11-19 14:13:40	1016208	0:08:59	1409.3
2025-11-19 14:13:41	1017118	0:09:06	1391.1
2025-11-19 14:13:43	1018885	0:09:06	1387.6
2025-11-19 14:13:44	1020410	0:09:05	1386.6
2025-11-19 14:13:45	1022202	0:09:05	1382.5
2025-11-19 14:13:46	1023865	0:09:06	1378.5
2025-11-19 14:13:47	1025191	0:09:07	1372.2
2025-11-19 14:13:48	1026628	0:09:09	1365.5
2025-11-19 14:13:49	1028319	0:09:09	1363.3
2025-11-19 14:13:50	1029659	0:09:11	1356.1
2025-11-19 14:13:51	1031060	0:09:07	1361.4
2025-11-19 14:13:52	1032028	0:09:16	1338.0
2025-11-19 14:13:53	1033019	0:09:20	1326.8
2025-11-19 14:13:54	1034374	0:09:26	1311.1
2025-11-19 14:13:55	1035710	0:09:25	1311.0
2025-11-19 14:13:56	1037298	0:09:24	1309.7
2025-11-19 14:13:57	1038696	0:09:27	1301.7
2025-11-19 14:13:58	1039612	0:09:42	1265.9
2025-11-19 14:13:59	1040485	0:09:53	1240.3
2025-11-19 14:14:00	1041527	0:10:04	1216.7
2025-11-19 14:14:01	1042524	0:10:16	1190.8
2025-11-19 14:14:02	1043922	0:10:18	1185.2
2025-11-19 14:14:03	1045223	0:10:21	1176.9
2025-11-19 14:14:04	1046626	0:10:16	1185.3
2025-11-19 14:14:05	1047443	0:10:25	1166.4
2025-11-19 14:14:06	1048484	0:10:29	1157.2
2025-11-19 14:14:07	1049356	0:10:18	1175.7
2025-11-19 14:14:08	1050755	0:09:58	1212.8
2025-11-19 14:14:09	1052066	0:09:40	1248.1
2025-11-19 14:14:10	1053764	0:09:32	1262.9
2025-11-19 14:14:11	1054130	0:09:39	1246.9
2025-11-19 14:14:12	1054377	0:09:58	1208.0
2025-11-19 14:14:13	1054657	0:10:19	1165.7
2025-11-19 14:14:14	1055135	0:10:45	1118.4
2025-11-19 14:14:15	1055617	0:11:10	1075.7
2025-11-19 14:14:16	1055891	0:11:33	1040.1
2025-11-19 14:14:17	1056157	0:12:00	1000.4
2025-11-19 14:14:18	1057350	0:12:11	983.6
2025-11-19 14:14:19	1058590	0:12:13	979.8
2025-11-19 14:14:20	1059708	0:12:23	964.5
2025-11-19 14:14:21	1061304	0:12:06	985.6
2025-11-19 14:14:22	1062742	0:11:53	1000.7
2025-11-19 14:14:23	1064625	0:11:39	1018.4
2025-11-19 14:14:24	1065868	0:11:40	1015.0
2025-11-19 14:14:25	1067529	0:11:34	1021.7
2025-11-19 14:14:26	1069106	0:11:30	1025.1
2025-11-19 14:14:27	1070651	0:11:15	1046.2
2025-11-19 14:14:28	1071477	0:11:13	1047.3
2025-11-19 14:14:29	1072521	0:11:13	1046.0
2025-11-19 14:14:30	1074264	0:10:55	1071.3
2025-11-19 14:14:31	1075321	0:11:01	1059.8
2025-11-19 14:14:32	1077002	0:10:51	1074.9
2025-11-19 14:14:34	1078380	0:10:51	1072.4
2025-11-19 14:14:35	1079820	0:10:37	1093.6
2025-11-19 14:14:36	1080396	0:10:46	1077.7
2025-11-19 14:14:37	1081431	0:10:45	1077.1
2025-11-19 14:14:38	1082481	0:10:51	1066.0
2025-11-19 14:14:39	1084133	0:10:42	1077.4
2025-11-19 14:14:40	1085431	0:10:49	1064.5
2025-11-19 14:14:41	1087007	0:10:24	1105.5
2025-11-19 14:14:42	1088405	0:10:01	1144.4
2025-11-19 14:14:43	1089697	0:09:43	1178.5
2025-11-19 14:14:44	1091167	0:09:24	1214.9
2025-11-19 14:14:45	1092763	0:09:05	1254.4
2025-11-19 14:14:46	1094218	0:08:47	1294.2
2025-11-19 14:14:47	1095718	0:08:29	1335.7
2025-11-19 14:14:48	1096730	0:08:31	1329.6
2025-11-19 14:14:49	1098593	0:08:21	1351.2
2025-11-19 14:14:50	1099804	0:08:17	1362.0
2025-11-19 14:14:51	1101229	0:08:18	1356.1
2025-11-19 14:14:52	1103113	0:08:11	1371.2
2025-11-19 14:14:53	1104663	0:08:15	1356.8
2025-11-19 14:14:54	1106438	0:08:07	1374.5
2025-11-19 14:14:55	1107945	0:08:08	1369.3
2025-11-19 14:14:56	1109739	0:08:03	1380.5
2025-11-19 14:14:57	1111482	0:07:59	1386.8
2025-11-19 14:14:58	1113199	0:07:48	1417.3
2025-11-19 14:14:59	1114787	0:07:40	1438.3
2025-11-19 14:15:00	1116379	0:07:40	1432.8
2025-11-19 14:15:01	1118037	0:07:33	1453.0
2025-11-19 14:15:02	1119932	0:07:29	1460.1
2025-11-19 14:15:03	1121567	0:07:25	1471.3
2025-11-19 14:15:04	1122960	0:07:24	1469.8
2025-11-19 14:15:05	1124504	0:07:14	1502.9
2025-11-19 14:15:06	1125868	0:07:07	1522.9
2025-11-19 14:15:07	1126617	0:07:09	1512.3
2025-11-19 14:15:08	1127693	0:07:14	1492.6
2025-11-19 14:15:09	1129355	0:07:10	1505.5
2025-11-19 14:15:10	1130494	0:07:13	1490.3
2025-11-19 14:15:11	1132158	0:07:10	1499.3
2025-11-19 14:15:12	1133595	0:07:07	1504.2
2025-11-19 14:15:13	1135327	0:07:04	1510.9
2025-11-19 14:15:14	1136734	0:07:05	1505.3
2025-11-19 14:15:15	1138274	0:07:03	1506.9
2025-11-19 14:15:16	1139845	0:07:02	1508.6
2025-11-19 14:15:17	1141542	0:06:54	1532.2
2025-11-19 14:15:18	1142924	0:06:58	1516.0
2025-11-19 14:15:19	1144295	0:06:55	1521.6
2025-11-19 14:15:20	1145607	0:06:55	1518.0
2025-11-19 14:15:21	1147031	0:07:03	1488.2
2025-11-19 14:15:22	1148686	0:06:59	1495.8
2025-11-19 14:15:23	1150018	0:07:03	1480.6
2025-11-19 14:15:24	1151661	0:07:00	1485.2
2025-11-19 14:15:25	1153052	0:07:03	1471.5
2025-11-19 14:15:26	1154749	0:07:04	1465.2
2025-11-19 14:15:27	1156681	0:07:01	1472.5
2025-11-19 14:15:28	1158156	0:07:01	1468.8
2025-11-19 14:15:29	1159375	0:07:03	1456.5
2025-11-19 14:15:30	1160766	0:07:05	1447.0
2025-11-19 14:15:31	1162107	0:07:10	1428.0
2025-11-19 14:15:32	1163270	0:07:14	1411.5
2025-11-19 14:15:33	1164574	0:07:15	1407.5
2025-11-19 14:15:34	1165659	0:07:19	1392.0
2025-11-19 14:15:35	1166195	0:07:27	1364.0
2025-11-19 14:15:36	1166861	0:07:28	1361.1
2025-11-19 14:15:37	1168038	0:07:26	1364.3
2025-11-19 14:15:38	1169399	0:07:28	1353.8
2025-11-19 14:15:39	1171003	0:07:22	1370.1
2025-11-19 14:15:40	1172572	0:07:22	1365.4
2025-11-19 14:15:41	1173438	0:07:27	1347.4
2025-11-19 14:15:42	1174608	0:07:33	1328.0
2025-11-19 14:15:43	1175709	0:07:35	1320.8
2025-11-19 14:15:44	1177380	0:07:32	1325.1
2025-11-19 14:15:45	1178655	0:07:35	1314.8
2025-11-19 14:15:46	1180309	0:07:33	1316.2
2025-11-19 14:15:48	1181012	0:07:39	1297.5
2025-11-19 14:15:49	1181714	0:07:48	1270.3
2025-11-19 14:15:50	1182642	0:07:55	1248.7
2025-11-19 14:15:51	1183609	0:08:01	1231.5
2025-11-19 14:15:52	1185070	0:07:58	1237.9
2025-11-19 14:15:53	1186056	0:08:01	1227.4
2025-11-19 14:15:54	1187902	0:07:53	1244.4
2025-11-19 14:15:55	1189656	0:07:53	1240.1
2025-11-19 14:15:56	1190730	0:07:58	1223.8
2025-11-19 14:15:57	1191314	0:08:13	1185.6
2025-11-19 14:15:58	1192863	0:08:11	1188.1
2025-11-19 14:15:59	1194078	0:08:16	1173.1
2025-11-19 14:16:00	1195347	0:08:14	1175.9
2025-11-19 14:16:01	1197031	0:08:05	1193.8
2025-11-19 14:16:02	1198493	0:07:59	1207.3
2025-11-19 14:16:03	1200246	0:07:55	1211.9
2025-11-19 14:16:04	1201681	0:07:53	1215.8
2025-11-19 14:16:05	1203280	0:07:38	1250.6
2025-11-19 14:16:06	1205119	0:07:20	1299.1
2025-11-19 14:16:07	1206591	0:07:16	1306.5
2025-11-19 14:16:08	1208221	0:07:12	1315.5
2025-11-19 14:16:09	1209783	0:07:09	1320.8
2025-11-19 14:16:10	1211449	0:07:07	1323.7
2025-11-19 14:16:11	1212618	0:07:02	1334.6
2025-11-19 14:16:12	1213655	0:07:08	1315.0
2025-11-19 14:16:13	1215274	0:07:00	1335.3
2025-11-19 14:16:14	1216568	0:07:00	1333.0
2025-11-19 14:16:15	1218183	0:06:59	1332.7
2025-11-19 14:16:16	1218912	0:07:04	1314.9
2025-11-19 14:16:17	1219811	0:07:08	1301.5
2025-11-19 14:16:18	1221142	0:06:58	1326.8
2025-11-19 14:16:19	1222712	0:06:47	1360.6
2025-11-19 14:16:20	1224133	0:06:44	1365.2
2025-11-19 14:16:21	1225454	0:06:41	1372.4
2025-11-19 14:16:22	1226843	0:06:38	1381.1
2025-11-19 14:16:23	1228277	0:06:39	1374.9
2025-11-19 14:16:24	1230005	0:06:37	1374.8
2025-11-19 14:16:25	1231603	0:06:32	1389.0
2025-11-19 14:16:26	1233051	0:06:25	1410.5
2025-11-19 14:16:27	1234271	0:06:23	1413.9
2025-11-19 14:16:28	1234776	0:06:28	1394.0
2025-11-19 14:16:29	1235294	0:06:38	1359.0
2025-11-19 14:16:30	1236461	0:06:39	1354.1
2025-11-19 14:16:31	1238085	0:06:39	1348.9
2025-11-19 14:16:32	1239255	0:06:42	1337.3
2025-11-19 14:16:33	1241213	0:06:38	1344.2
2025-11-19 14:16:34	1243272	0:06:34	1353.7
2025-11-19 14:16:35	1244476	0:06:36	1342.4
2025-11-19 14:16:36	1246292	0:06:33	1349.3
2025-11-19 14:16:37	1248327	0:06:26	1368.1
2025-11-19 14:16:38	1250154	0:06:25	1366.9
2025-11-19 14:16:39	1251293	0:06:31	1343.1
2025-11-19 14:16:40	1252751	0:06:25	1359.8
2025-11-19 14:16:41	1254480	0:06:20	1374.2
2025-11-19 14:16:42	1256194	0:06:16	1381.6
2025-11-19 14:16:43	1258117	0:06:10	1399.2
2025-11-19 14:16:44	1259491	0:06:07	1407.9
2025-11-19 14:16:45	1260806	0:06:04	1415.4
2025-11-19 14:16:46	1262489	0:05:54	1451.7
2025-11-19 14:16:47	1263928	0:05:52	1453.3
2025-11-19 14:16:48	1264704	0:05:55	1440.7
2025-11-19 14:16:49	1265883	0:05:59	1421.1
2025-11-19 14:16:50	1267738	0:05:53	1440.2
2025-11-19 14:16:51	1269058	0:05:53	1438.4
2025-11-19 14:16:52	1270451	0:05:53	1431.9
2025-11-19 14:16:53	1271590	0:05:58	1408.7
2025-11-19 14:16:54	1273243	0:05:55	1418.7
2025-11-19 14:16:55	1274511	0:05:54	1416.0
2025-11-19 14:16:56	1275739	0:05:56	1405.7
2025-11-19 14:16:58	1277132	0:05:49	1430.5
2025-11-19 14:16:59	1279109	0:05:34	1486.6
2025-11-19 14:17:00	1280668	0:05:29	1504.1
2025-11-19 14:17:01	1282191	0:05:29	1499.8
2025-11-19 14:17:02	1283841	0:05:26	1510.8
2025-11-19 14:17:03	1285522	0:05:26	1503.0
2025-11-19 14:17:04	1286863	0:05:26	1500.3
2025-11-19 14:17:05	1288303	0:05:27	1493.3
2025-11-19 14:17:06	1289725	0:05:28	1484.2
2025-11-19 14:17:07	1291284	0:05:31	1466.0
2025-11-19 14:17:08	1292540	0:05:33	1450.6
2025-11-19 14:17:09	1294247	0:05:29	1464.7
2025-11-19 14:17:10	1295428	0:05:30	1455.2
2025-11-19 14:17:11	1297373	0:05:26	1467.2
2025-11-19 14:17:12	1299425	0:05:23	1475.3
2025-11-19 14:17:13	1300838	0:05:24	1467.9
2025-11-19 14:17:14	1302405	0:05:24	1462.2
2025-11-19 14:17:15	1303396	0:05:27	1445.7
2025-11-19 14:17:16	1304767	0:05:28	1438.1
2025-11-19 14:17:17	1305664	0:05:32	1417.4
2025-11-19 14:17:18	1306601	0:05:32	1416.3
2025-11-19 14:17:19	1307203	0:05:36	1397.0
2025-11-19 14:17:20	1307462	0:05:43	1368.0
2025-11-19 14:17:21	1307780	0:05:54	1323.5
2025-11-19 14:17:22	1308498	0:06:01	1296.6
2025-11-19 14:17:23	1309121	0:06:05	1279.1
2025-11-19 14:17:24	1309842	0:06:14	1248.5
2025-11-19 14:17:25	1310928	0:06:14	1245.8
2025-11-19 14:17:26	1312374	0:06:07	1262.6
2025-11-19 14:17:27	1313765	0:06:12	1244.2
2025-11-19 14:17:28	1314892	0:06:15	1230.9
2025-11-19 14:17:29	1316239	0:06:18	1218.3
2025-11-19 14:17:30	1317686	0:06:17	1216.9
2025-11-19 14:17:31	1319084	0:06:21	1200.5
2025-11-19 14:17:32	1320225	0:06:25	1183.7
2025-11-19 14:17:33	1321972	0:06:21	1192.9
2025-11-19 14:17:34	1322546	0:06:28	1168.8
2025-11-19 14:17:35	1322748	0:06:42	1127.9
2025-11-19 14:17:36	1323092	0:06:56	1090.5
2025-11-19 14:17:37	1323428	0:07:03	1071.6
2025-11-19 14:17:38	1323959	0:07:19	1029.9
2025-11-19 14:17:39	1324579	0:07:37	989.1
2025-11-19 14:17:40	1326004	0:07:38	984.3
2025-11-19 14:17:41	1326470	0:07:56	944.6
2025-11-19 14:17:42	1326915	0:08:22	894.9
2025-11-19 14:17:43	1327152	0:08:44	857.8
2025-11-19 14:17:44	1327512	0:09:02	828.6
2025-11-19 14:17:45	1328206	0:09:09	816.7
2025-11-19 14:17:46	1329049	0:09:25	791.2
2025-11-19 14:17:47	1329999	0:09:18	800.4
2025-11-19 14:17:48	1331491	0:09:01	823.1
2025-11-19 14:17:49	1333419	0:08:23	880.0
2025-11-19 14:17:50	1334912	0:07:59	922.5
2025-11-19 14:17:51	1336240	0:07:42	953.7
2025-11-19 14:17:52	1338023	0:07:26	983.7
2025-11-19 14:17:53	1340243	0:07:02	1032.8
2025-11-19 14:17:54	1341688	0:06:53	1053.5
2025-11-19 14:17:55	1342897	0:06:52	1053.2
2025-11-19 14:17:56	1344353	0:06:51	1051.3
2025-11-19 14:17:57	1345694	0:06:47	1057.8
2025-11-19 14:17:58	1347547	0:06:40	1073.3
2025-11-19 14:17:59	1349429	0:06:32	1089.3
2025-11-19 14:18:00	1350941	0:06:32	1085.6
2025-11-19 14:18:01	1352815	0:06:21	1111.5
2025-11-19 14:18:02	1354362	0:06:20	1109.4
2025-11-19 14:18:03	1355372	0:06:17	1115.5
2025-11-19 14:18:04	1356935	0:06:01	1160.5
2025-11-19 14:18:05	1358109	0:05:50	1193.4
2025-11-19 14:18:06	1359871	0:05:36	1241.0
2025-11-19 14:18:07	1361508	0:05:24	1279.4
2025-11-19 14:18:08	1362803	0:05:17	1304.8
2025-11-19 14:18:09	1364146	0:05:17	1301.3
2025-11-19 14:18:10	1365354	0:05:10	1325.3
2025-11-19 14:18:11	1367066	0:04:59	1368.2
2025-11-19 14:18:12	1368368	0:04:50	1404.8
2025-11-19 14:18:13	1369419	0:04:45	1428.0
2025-11-19 14:18:14	1370246	0:04:43	1434.0
2025-11-19 14:18:15	1371393	0:04:41	1443.0
2025-11-19 14:18:16	1372610	0:04:37	1455.7
2025-11-19 14:18:17	1374489	0:04:33	1469.6
2025-11-19 14:18:18	1376178	0:04:34	1461.4
2025-11-19 14:18:19	1377727	0:04:32	1463.4
2025-11-19 14:18:20	1379385	0:04:29	1474.4
2025-11-19 14:18:21	1380213	0:04:35	1441.7
2025-11-19 14:18:22	1381329	0:04:41	1404.0
2025-11-19 14:18:23	1382640	0:04:41	1399.4
2025-11-19 14:18:24	1384533	0:04:35	1422.8
2025-11-19 14:18:25	1385860	0:04:35	1418.4
2025-11-19 14:18:26	1387608	0:04:31	1432.4
2025-11-19 14:18:27	1389154	0:04:32	1422.0
2025-11-19 14:18:28	1390893	0:04:32	1417.1
2025-11-19 14:18:29	1392559	0:04:29	1427.6
2025-11-19 14:18:30	1394110	0:04:30	1416.1
2025-11-19 14:18:31	1395262	0:04:32	1403.0
2025-11-19 14:18:32	1395962	0:04:33	1392.3
2025-11-19 14:18:33	1396505	0:04:40	1357.3
2025-11-19 14:18:34	1397022	0:04:44	1337.3
2025-11-19 14:18:35	1397792	0:04:51	1300.3
2025-11-19 14:18:36	1398883	0:04:54	1284.0
2025-11-19 14:18:37	1399883	0:04:56	1272.5
2025-11-19 14:18:38	1401051	0:04:56	1266.7
2025-11-19 14:18:39	1402483	0:04:53	1273.7
2025-11-19 14:18:40	1403797	0:04:55	1261.6
2025-11-19 14:18:41	1405288	0:04:53	1267.4
2025-11-19 14:18:42	1406621	0:04:51	1271.4
2025-11-19 14:18:43	1408022	0:04:45	1293.1
2025-11-19 14:18:44	1409261	0:04:43	1298.0
2025-11-19 14:18:45	1410581	0:04:41	1299.4
2025-11-19 14:18:46	1412087	0:04:42	1289.2
2025-11-19 14:18:48	1413524	0:04:45	1274.3
2025-11-19 14:18:49	1415181	0:04:43	1276.8
2025-11-19 14:18:50	1416565	0:04:44	1265.0
2025-11-19 14:18:51	1418074	0:04:38	1290.5
2025-11-19 14:18:52	1419707	0:04:33	1306.2
2025-11-19 14:18:53	1421245	0:04:30	1315.1
2025-11-19 14:18:54	1422273	0:04:35	1285.6
2025-11-19 14:18:55	1423292	0:04:37	1276.4
2025-11-19 14:18:56	1424633	0:04:39	1260.6
2025-11-19 14:18:57	1425785	0:04:41	1247.6
2025-11-19 14:18:58	1427293	0:04:42	1239.5
2025-11-19 14:18:59	1429128	0:04:39	1245.3
2025-11-19 14:19:00	1430667	0:04:38	1244.1
2025-11-19 14:19:01	1432093	0:04:34	1253.9
2025-11-19 14:19:02	1433591	0:04:28	1278.8
2025-11-19 14:19:03	1434975	0:04:21	1307.6
2025-11-19 14:19:04	1435936	0:04:17	1322.8
2025-11-19 14:19:05	1436712	0:04:17	1320.1
2025-11-19 14:19:06	1437803	0:04:16	1319.8
2025-11-19 14:19:07	1439096	0:04:14	1329.0
2025-11-19 14:19:08	1440320	0:04:12	1333.3
2025-11-19 14:19:09	1441366	0:04:14	1320.2
2025-11-19 14:19:10	1442953	0:04:11	1329.7
2025-11-19 14:19:11	1444691	0:04:08	1337.9
2025-11-19 14:19:12	1446027	0:04:06	1341.4
2025-11-19 14:19:13	1447942	0:04:02	1358.6
2025-11-19 14:19:14	1449383	0:03:59	1365.5
2025-11-19 14:19:15	1451019	0:03:56	1376.8
2025-11-19 14:19:16	1452791	0:03:53	1386.0
2025-11-19 14:19:17	1454136	0:03:52	1385.7
2025-11-19 14:19:18	1455679	0:03:51	1385.1
2025-11-19 14:19:19	1457135	0:03:50	1387.4
2025-11-19 14:19:20	1458156	0:03:52	1370.4
2025-11-19 14:19:21	1459345	0:03:54	1354.8
2025-11-19 14:19:22	1460145	0:03:58	1329.5
2025-11-19 14:19:23	1460810	0:04:00	1316.5
2025-11-19 14:19:24	1461372	0:04:02	1300.5
2025-11-19 14:19:25	1462406	0:04:03	1290.5
2025-11-19 14:19:26	1463961	0:03:59	1304.1
2025-11-19 14:19:27	1465407	0:03:59	1300.4
2025-11-19 14:19:28	1466660	0:04:02	1280.3
2025-11-19 14:19:29	1467900	0:04:03	1270.2
2025-11-19 14:19:30	1469480	0:04:01	1270.8
2025-11-19 14:19:31	1470840	0:04:01	1268.1
2025-11-19 14:19:32	1472465	0:03:58	1276.4
2025-11-19 14:19:33	1473502	0:03:57	1278.9
2025-11-19 14:19:34	1474802	0:03:52	1300.2
2025-11-19 14:19:35	1476226	0:03:49	1311.6
2025-11-19 14:19:36	1477556	0:03:48	1311.5
2025-11-19 14:19:37	1477805	0:03:53	1278.2
2025-11-19 14:19:38	1478308	0:03:57	1259.7
2025-11-19 14:19:39	1479135	0:04:01	1233.0
2025-11-19 14:19:40	1480029	0:04:06	1204.3
2025-11-19 14:19:41	1480863	0:04:10	1182.5
2025-11-19 14:19:42	1481980	0:04:15	1155.0
2025-11-19 14:19:43	1482264	0:04:24	1115.7
2025-11-19 14:19:44	1483043	0:04:30	1086.7
2025-11-19 14:19:45	1484341	0:04:33	1070.6
2025-11-19 14:19:46	1485773	0:04:31	1073.7
2025-11-19 14:19:47	1487048	0:04:32	1064.6
2025-11-19 14:19:48	1488881	0:04:27	1077.5
2025-11-19 14:19:49	1490083	0:04:24	1083.3
2025-11-19 14:19:50	1491947	0:04:17	1106.4
2025-11-19 14:19:51	1494009	0:04:06	1149.2
2025-11-19 14:19:52	1495562	0:03:58	1180.0
2025-11-19 14:19:53	1497183	0:03:49	1216.2
2025-11-19 14:19:54	1498878	0:03:44	1238.2
2025-11-19 14:19:55	1500594	0:03:42	1243.8
2025-11-19 14:19:56	1502285	0:03:39	1251.5
2025-11-19 14:19:57	1504120	0:03:34	1271.6
2025-11-19 14:19:58	1505847	0:03:30	1287.5
2025-11-19 14:19:59	1507445	0:03:28	1292.4
2025-11-19 14:20:01	1508953	0:03:26	1296.8
2025-11-19 14:20:02	1510401	0:03:26	1290.9
2025-11-19 14:20:03	1512298	0:03:20	1320.2
2025-11-19 14:20:04	1513664	0:03:19	1322.5
2025-11-19 14:20:05	1514449	0:03:21	1300.7
2025-11-19 14:20:06	1516313	0:03:17	1320.4
2025-11-19 14:20:07	1517440	0:03:12	1349.8
2025-11-19 14:20:08	1518789	0:03:07	1378.6
2025-11-19 14:20:09	1520604	0:03:01	1413.1
2025-11-19 14:20:10	1522289	0:02:56	1440.0
2025-11-19 14:20:11	1523355	0:02:54	1453.6
2025-11-19 14:20:12	1524671	0:02:52	1461.3
2025-11-19 14:20:13	1526341	0:02:46	1503.2
2025-11-19 14:20:14	1528233	0:02:41	1540.9
2025-11-19 14:20:15	1529717	0:02:39	1546.9
2025-11-19 14:20:16	1530907	0:02:39	1539.5
2025-11-19 14:20:17	1532527	0:02:37	1551.2
2025-11-19 14:20:18	1533949	0:02:38	1537.3
2025-11-19 14:20:19	1535368	0:02:36	1545.1
2025-11-19 14:20:20	1536979	0:02:36	1536.7
2025-11-19 14:20:21	1538497	0:02:37	1518.2
2025-11-19 14:20:22	1540334	0:02:34	1527.8
2025-11-19 14:20:23	1542038	0:02:33	1530.5
2025-11-19 14:20:24	1543535	0:02:33	1524.4
2025-11-19 14:20:25	1545405	0:02:31	1529.7
2025-11-19 14:20:26	1547213	0:02:29	1536.3
2025-11-19 14:20:27	1548683	0:02:29	1523.8
2025-11-19 14:20:28	1549514	0:02:32	1487.9
2025-11-19 14:20:29	1550145	0:02:35	1454.9
2025-11-19 14:20:30	1551189	0:02:36	1439.9
2025-11-19 14:20:31	1552457	0:02:37	1426.8
2025-11-19 14:20:32	1553349	0:02:40	1392.5
2025-11-19 14:20:33	1554089	0:02:42	1369.0
2025-11-19 14:20:34	1555259	0:02:40	1382.1
2025-11-19 14:20:35	1556052	0:02:44	1345.8
2025-11-19 14:20:36	1557189	0:02:43	1347.0
2025-11-19 14:20:37	1558347	0:02:43	1339.5
2025-11-19 14:20:38	1559605	0:02:44	1318.7
2025-11-19 14:20:39	1561220	0:02:43	1316.4
2025-11-19 14:20:40	1562326	0:02:42	1317.7
2025-11-19 14:20:41	1562913	0:02:45	1293.1
2025-11-19 14:20:42	1563685	0:02:48	1267.5
2025-11-19 14:20:43	1564846	0:02:50	1242.9
2025-11-19 14:20:44	1565899	0:02:51	1228.5
2025-11-19 14:20:45	1567143	0:02:50	1231.2
2025-11-19 14:20:46	1568313	0:02:51	1216.0
2025-11-19 14:20:47	1569030	0:02:54	1191.9
2025-11-19 14:20:48	1570358	0:02:53	1189.0
2025-11-19 14:20:49	1571998	0:02:52	1190.5
2025-11-19 14:20:50	1572899	0:02:54	1169.2
2025-11-19 14:20:51	1574345	0:02:55	1155.8
2025-11-19 14:20:52	1575892	0:02:54	1151.2
2025-11-19 14:20:53	1577272	0:02:54	1145.5
2025-11-19 14:20:54	1578126	0:02:59	1109.8
2025-11-19 14:20:55	1579428	0:03:01	1086.7
2025-11-19 14:20:56	1581561	0:02:56	1109.0
2025-11-19 14:20:57	1582664	0:02:52	1122.7
2025-11-19 14:20:58	1583289	0:02:52	1120.4
2025-11-19 14:20:59	1584106	0:02:53	1112.7
2025-11-19 14:21:00	1585283	0:02:51	1115.0
2025-11-19 14:21:01	1586296	0:02:50	1119.2
2025-11-19 14:21:02	1587512	0:02:46	1137.2
2025-11-19 14:21:04	1588334	0:02:47	1122.4
2025-11-19 14:21:05	1589135	0:02:47	1122.6
2025-11-19 14:21:06	1590215	0:02:46	1120.7
2025-11-19 14:21:07	1591775	0:02:43	1134.8
2025-11-19 14:21:08	1593064	0:02:41	1137.2
2025-11-19 14:21:09	1594278	0:02:42	1123.6
2025-11-19 14:21:10	1596148	0:02:37	1149.4
2025-11-19 14:21:11	1598018	0:02:30	1190.8
2025-11-19 14:21:12	1599573	0:02:25	1217.4
2025-11-19 14:21:13	1601095	0:02:22	1229.8
2025-11-19 14:21:14	1602379	0:02:21	1236.3
2025-11-19 14:21:15	1603522	0:02:20	1231.9
2025-11-19 14:21:16	1605425	0:02:16	1256.7
2025-11-19 14:21:17	1607216	0:02:11	1293.1
2025-11-19 14:21:18	1608453	0:02:10	1289.9
2025-11-19 14:21:19	1609577	0:02:11	1272.3
2025-11-19 14:21:20	1611093	0:02:08	1292.9
2025-11-19 14:21:21	1612576	0:02:06	1293.9
2025-11-19 14:21:22	1613865	0:02:06	1285.9
2025-11-19 14:21:23	1615637	0:02:04	1299.2
2025-11-19 14:21:24	1617550	0:01:59	1334.1
2025-11-19 14:21:25	1618915	0:01:57	1343.6
2025-11-19 14:21:26	1620040	0:01:59	1309.3
2025-11-19 14:21:27	1621771	0:01:56	1327.0
2025-11-19 14:21:28	1623087	0:01:53	1353.1
2025-11-19 14:21:29	1624835	0:01:50	1382.1
2025-11-19 14:21:30	1626225	0:01:48	1389.3
2025-11-19 14:21:31	1627887	0:01:45	1410.8
2025-11-19 14:21:32	1629150	0:01:44	1412.4
2025-11-19 14:21:33	1631020	0:01:40	1449.6
2025-11-19 14:21:34	1632582	0:01:37	1475.4
2025-11-19 14:21:35	1633837	0:01:36	1481.4
2025-11-19 14:21:36	1635138	0:01:36	1472.6
2025-11-19 14:21:37	1636259	0:01:35	1467.0
2025-11-19 14:21:38	1636388	0:01:38	1430.2
2025-11-19 14:21:39	1636525	0:01:42	1371.3
2025-11-19 14:21:40	1636787	0:01:46	1318.2
2025-11-19 14:21:41	1636980	0:01:50	1271.5
2025-11-19 14:21:42	1637195	0:01:53	1225.7
2025-11-19 14:21:43	1637624	0:01:56	1196.7
2025-11-19 14:21:44	1638049	0:01:58	1173.1
2025-11-19 14:21:45	1638398	0:02:03	1120.2
2025-11-19 14:21:46	1639429	0:02:05	1094.4
2025-11-19 14:21:47	1640346	0:02:06	1082.5
2025-11-19 14:21:48	1641859	0:02:03	1093.5
2025-11-19 14:21:49	1643348	0:02:02	1092.6
2025-11-19 14:21:50	1644500	0:02:02	1081.3
2025-11-19 14:21:51	1646351	0:01:58	1100.3
2025-11-19 14:21:52	1648168	0:01:56	1101.8
2025-11-19 14:21:53	1650178	0:01:54	1107.3
2025-11-19 14:21:54	1651563	0:01:53	1108.1
2025-11-19 14:21:55	1652954	0:01:50	1116.9
2025-11-19 14:21:56	1654438	0:01:50	1107.9
2025-11-19 14:21:57	1656594	0:01:46	1131.8
2025-11-19 14:21:58	1658519	0:01:43	1139.4
2025-11-19 14:21:59	1659860	0:01:42	1137.8
2025-11-19 14:22:00	1661764	0:01:40	1146.4
2025-11-19 14:22:01	1663711	0:01:36	1169.5
2025-11-19 14:22:02	1665461	0:01:35	1167.3
2025-11-19 14:22:03	1666919	0:01:34	1163.8
2025-11-19 14:22:04	1668800	0:01:31	1184.4
2025-11-19 14:22:06	1670623	0:01:28	1199.4
2025-11-19 14:22:07	1672428	0:01:25	1222.8
2025-11-19 14:22:08	1673940	0:01:21	1269.5
2025-11-19 14:22:09	1675497	0:01:16	1317.2
2025-11-19 14:22:10	1677360	0:01:12	1368.4
2025-11-19 14:22:11	1679088	0:01:08	1420.3
2025-11-19 14:22:12	1680870	0:01:05	1474.4
2025-11-19 14:22:13	1682295	0:01:02	1508.2
2025-11-19 14:22:14	1684063	0:00:59	1553.7
2025-11-19 14:22:15	1684927	0:00:58	1571.1
2025-11-19 14:22:16	1685538	0:00:58	1556.8
2025-11-19 14:22:17	1687253	0:00:56	1585.4
2025-11-19 14:22:18	1688685	0:00:55	1586.1
2025-11-19 14:22:19	1689909	0:00:55	1577.1
2025-11-19 14:22:20	1691266	0:00:54	1584.6
2025-11-19 14:22:21	1693255	0:00:52	1589.5
2025-11-19 14:22:22	1694703	0:00:52	1577.0
2025-11-19 14:22:23	1696236	0:00:51	1560.9
2025-11-19 14:22:24	1698151	0:00:49	1578.4
2025-11-19 14:22:25	1699561	0:00:49	1575.5
2025-11-19 14:22:26	1700797	0:00:48	1572.2
2025-11-19 14:22:27	1701927	0:00:48	1537.4
2025-11-19 14:22:28	1702787	0:00:48	1514.8
2025-11-19 14:22:29	1704066	0:00:48	1505.5
2025-11-19 14:22:30	1705155	0:00:48	1476.5
2025-11-19 14:22:31	1706486	0:00:48	1453.5
2025-11-19 14:22:32	1708043	0:00:47	1463.2
2025-11-19 14:22:33	1709448	0:00:46	1441.9
2025-11-19 14:22:34	1710916	0:00:46	1434.0
2025-11-19 14:22:35	1712471	0:00:45	1426.8
2025-11-19 14:22:36	1714083	0:00:43	1427.6
2025-11-19 14:22:37	1715470	0:00:43	1418.4
2025-11-19 14:22:38	1716575	0:00:42	1403.7
2025-11-19 14:22:39	1718122	0:00:42	1386.4
2025-11-19 14:22:40	1719633	0:00:41	1393.8
2025-11-19 14:22:41	1721316	0:00:40	1386.0
2025-11-19 14:22:42	1722800	0:00:39	1375.0
2025-11-19 14:22:43	1724129	0:00:38	1360.6
2025-11-19 14:22:44	1725736	0:00:36	1395.4
2025-11-19 14:22:45	1727480	0:00:34	1427.7
2025-11-19 14:22:46	1729146	0:00:33	1430.6
2025-11-19 14:22:47	1730757	0:00:32	1436.2
2025-11-19 14:22:48	1732228	0:00:31	1439.1
2025-11-19 14:22:49	1733454	0:00:30	1441.0
2025-11-19 14:22:50	1734873	0:00:29	1415.0
2025-11-19 14:22:51	1736683	0:00:28	1429.5
2025-11-19 14:22:52	1738123	0:00:27	1414.2
2025-11-19 14:22:53	1739647	0:00:26	1404.6
2025-11-19 14:22:54	1741015	0:00:25	1399.6
2025-11-19 14:22:55	1742622	0:00:24	1424.6
2025-11-19 14:22:56	1743727	0:00:23	1410.3
2025-11-19 14:22:57	1744469	0:00:22	1409.6
2025-11-19 14:22:58	1745990	0:00:21	1418.8
2025-11-19 14:22:59	1746908	0:00:21	1416.5
2025-11-19 14:23:00	1748244	0:00:20	1418.0
2025-11-19 14:23:01	1748916	0:00:20	1387.9
2025-11-19 14:23:02	1750516	0:00:18	1394.8
2025-11-19 14:23:03	1751308	0:00:18	1371.8
2025-11-19 14:23:04	1752530	0:00:17	1360.5
2025-11-19 14:23:05	1753904	0:00:17	1348.3
2025-11-19 14:23:06	1755511	0:00:15	1355.7
2025-11-19 14:23:07	1757146	0:00:14	1373.5
2025-11-19 14:23:08	1758724	0:00:13	1374.9
2025-11-19 14:23:09	1759999	0:00:12	1366.2
2025-11-19 14:23:10	1761494	0:00:11	1363.5
2025-11-19 14:23:11	1762878	0:00:10	1360.1
2025-11-19 14:23:12	1764324	0:00:09	1364.2
2025-11-19 14:23:13	1766007	0:00:07	1366.8
2025-11-19 14:23:14	1767291	0:00:07	1352.4
2025-11-19 14:23:16	1768777	0:00:06	1340.9
2025-11-19 14:23:17	1770438	0:00:04	1341.7
2025-11-19 14:23:18	1772144	0:00:03	1349.6
2025-11-19 14:23:19	1773707	0:00:02	1361.0
2025-11-19 14:23:20	1775169	0:00:01	1369.0
