2025-11-20 16:48:15	2	89:35:04	5.5
2025-11-20 16:48:16	150	4:30:51	109.3
2025-11-20 16:48:17	1870	0:37:33	787.7
2025-11-20 16:48:18	2551	0:39:07	755.9
2025-11-20 16:48:19	2988	0:43:17	682.8
2025-11-20 16:48:20	4863	0:32:39	904.4
2025-11-20 16:48:21	6100	0:30:51	956.4
2025-11-20 16:48:22	7270	0:29:56	985.2
2025-11-20 16:48:23	8385	0:29:27	1000.5
2025-11-20 16:48:24	8993	0:30:44	958.5
2025-11-20 16:48:25	9412	0:32:30	906.4
2025-11-20 16:48:26	10492	0:32:11	914.3
2025-11-20 16:48:27	11955	0:30:49	954.3
2025-11-20 16:48:28	13039	0:30:30	963.5
2025-11-20 16:48:29	13938	0:30:38	958.9
2025-11-20 16:48:30	14839	0:30:50	952.0
2025-11-20 16:48:31	16003	0:30:25	964.7
2025-11-20 16:48:32	17267	0:29:52	981.6
2025-11-20 16:48:33	19114	0:28:29	1028.0
2025-11-20 16:48:34	20430	0:28:05	1041.9
2025-11-20 16:48:35	21858	0:27:34	1060.5
2025-11-20 16:48:36	23149	0:27:17	1071.0
2025-11-20 16:48:37	24398	0:27:16	1070.8
2025-11-20 16:48:38	25292	0:27:27	1063.3
2025-11-20 16:48:39	26453	0:27:27	1062.7
2025-11-20 16:48:40	27575	0:27:22	1064.8
2025-11-20 16:48:41	28654	0:27:21	1065.3
2025-11-20 16:48:42	29980	0:27:05	1074.6
2025-11-20 16:48:43	31057	0:27:04	1074.6
2025-11-20 16:48:44	31903	0:27:15	1067.0
2025-11-20 16:48:45	33109	0:26:19	1104.1
2025-11-20 16:48:46	34131	0:26:36	1091.5
2025-11-20 16:48:47	35555	0:26:03	1113.7
2025-11-20 16:48:48	36920	0:25:16	1147.6
2025-11-20 16:48:49	38835	0:25:14	1147.8
2025-11-20 16:48:50	40387	0:24:56	1160.5
2025-11-20 16:48:51	42085	0:24:36	1175.0
2025-11-20 16:48:52	43671	0:24:14	1191.4
2025-11-20 16:48:53	45409	0:23:30	1227.8
2025-11-20 16:48:54	47266	0:22:34	1277.1
2025-11-20 16:48:55	48878	0:22:09	1299.3
2025-11-20 16:48:56	50232	0:22:10	1297.8
2025-11-20 16:48:57	51970	0:21:46	1320.2
2025-11-20 16:48:58	53891	0:21:11	1354.8
2025-11-20 16:48:59	55705	0:20:39	1388.2
2025-11-20 16:49:00	57196	0:20:28	1399.3
2025-11-20 16:49:01	58996	0:20:11	1417.6
2025-11-20 16:49:02	60542	0:20:19	1407.3
2025-11-20 16:49:03	62483	0:20:00	1427.5
2025-11-20 16:49:04	63901	0:20:00	1427.3
2025-11-20 16:49:05	65781	0:19:42	1447.4
2025-11-20 16:49:06	67745	0:19:14	1480.2
2025-11-20 16:49:07	69603	0:18:48	1512.9
2025-11-20 16:49:08	71240	0:18:31	1534.0
2025-11-20 16:49:10	71759	0:18:47	1512.8
2025-11-20 16:49:11	72867	0:18:45	1514.0
2025-11-20 16:49:12	73952	0:18:51	1505.1
2025-11-20 16:49:13	75671	0:18:34	1527.1
2025-11-20 16:49:14	76964	0:18:21	1543.0
2025-11-20 16:49:15	78568	0:18:08	1559.7
2025-11-20 16:49:16	79895	0:18:00	1570.1
2025-11-20 16:49:17	81180	0:18:03	1565.6
2025-11-20 16:49:18	82661	0:17:59	1569.7
2025-11-20 16:49:19	84159	0:18:07	1556.6
2025-11-20 16:49:20	85786	0:18:04	1559.0
2025-11-20 16:49:21	87798	0:17:56	1569.8
2025-11-20 16:49:22	89570	0:17:50	1576.2
2025-11-20 16:49:23	91613	0:17:42	1586.6
2025-11-20 16:49:24	93039	0:17:50	1572.3
2025-11-20 16:49:25	94608	0:17:51	1570.4
2025-11-20 16:49:26	95957	0:17:50	1570.4
2025-11-20 16:49:27	97292	0:18:00	1555.0
2025-11-20 16:49:28	99161	0:18:00	1552.6
2025-11-20 16:49:29	100939	0:17:59	1551.8
2025-11-20 16:49:30	102524	0:17:57	1554.5
2025-11-20 16:49:31	104389	0:17:58	1551.0
2025-11-20 16:49:32	106490	0:17:44	1569.1
2025-11-20 16:49:33	108173	0:17:48	1562.1
2025-11-20 16:49:34	109594	0:17:47	1562.0
2025-11-20 16:49:35	111441	0:17:47	1560.4
2025-11-20 16:49:36	112641	0:18:04	1534.3
2025-11-20 16:49:37	114088	0:18:13	1520.4
2025-11-20 16:49:38	116090	0:18:03	1533.5
2025-11-20 16:49:39	117585	0:17:38	1567.5
2025-11-20 16:49:40	118871	0:17:33	1573.7
2025-11-20 16:49:41	120332	0:17:23	1586.9
2025-11-20 16:49:42	122016	0:17:27	1580.1
2025-11-20 16:49:43	123735	0:17:16	1594.6
2025-11-20 16:49:44	125359	0:17:15	1595.2
2025-11-20 16:49:45	127232	0:17:02	1613.9
2025-11-20 16:49:46	128931	0:16:52	1628.1
2025-11-20 16:49:47	130743	0:16:44	1639.1
2025-11-20 16:49:48	132236	0:16:43	1638.7
2025-11-20 16:49:49	133358	0:16:57	1615.9
2025-11-20 16:49:50	134480	0:17:15	1585.6
2025-11-20 16:49:51	135524	0:17:31	1560.8
2025-11-20 16:49:52	137449	0:17:32	1557.3
2025-11-20 16:49:53	139273	0:17:24	1567.4
2025-11-20 16:49:54	141252	0:17:13	1582.8
2025-11-20 16:49:55	142922	0:17:06	1592.3
2025-11-20 16:49:56	144803	0:16:52	1612.3
2025-11-20 16:49:57	146511	0:16:54	1606.6
2025-11-20 16:49:58	148284	0:16:53	1606.6
2025-11-20 16:49:59	149791	0:16:54	1603.8
2025-11-20 16:50:00	151509	0:16:56	1598.7
2025-11-20 16:50:01	153487	0:16:53	1601.4
2025-11-20 16:50:02	154820	0:16:55	1597.3
2025-11-20 16:50:03	156686	0:16:52	1600.7
2025-11-20 16:50:04	158485	0:16:47	1606.5
2025-11-20 16:50:05	160284	0:16:39	1617.6
2025-11-20 16:50:06	162455	0:16:21	1644.3
2025-11-20 16:50:07	164005	0:16:30	1628.8
2025-11-20 16:50:08	165834	0:16:22	1640.6
2025-11-20 16:50:09	167116	0:16:21	1640.1
2025-11-20 16:50:10	168718	0:16:17	1644.7
2025-11-20 16:50:11	169554	0:16:31	1621.8
2025-11-20 16:50:12	170956	0:16:36	1610.9
2025-11-20 16:50:13	172455	0:16:38	1606.2
2025-11-20 16:50:14	174000	0:16:44	1595.1
2025-11-20 16:50:15	175662	0:16:45	1592.7
2025-11-20 16:50:16	177197	0:16:50	1583.1
2025-11-20 16:50:17	178719	0:16:47	1586.1
2025-11-20 16:50:18	180115	0:16:41	1593.9
2025-11-20 16:50:19	181031	0:16:41	1593.2
2025-11-20 16:50:20	181667	0:16:51	1577.0
2025-11-20 16:50:21	182026	0:17:25	1526.1
2025-11-20 16:50:22	182477	0:17:59	1476.3
2025-11-20 16:50:23	183098	0:18:22	1446.1
2025-11-20 16:50:24	184338	0:18:34	1429.0
2025-11-20 16:50:25	186065	0:18:42	1417.7
2025-11-20 16:50:26	187035	0:19:06	1386.5
2025-11-20 16:50:27	187917	0:19:26	1362.3
2025-11-20 16:50:28	189684	0:19:19	1368.3
2025-11-20 16:50:29	191023	0:19:31	1353.4
2025-11-20 16:50:30	192775	0:19:37	1345.0
2025-11-20 16:50:31	194528	0:19:25	1357.5
2025-11-20 16:50:32	196587	0:19:21	1361.0
2025-11-20 16:50:33	197997	0:19:24	1355.5
2025-11-20 16:50:34	199724	0:19:29	1348.4
2025-11-20 16:50:35	200687	0:19:58	1315.6
2025-11-20 16:50:36	201861	0:20:15	1295.3
2025-11-20 16:50:37	203425	0:20:22	1286.6
2025-11-20 16:50:38	204917	0:20:18	1290.0
2025-11-20 16:50:39	206668	0:20:09	1298.1
2025-11-20 16:50:40	208650	0:19:34	1335.0
2025-11-20 16:50:41	210322	0:19:26	1342.7
2025-11-20 16:50:42	211957	0:19:19	1349.6
2025-11-20 16:50:43	213996	0:19:04	1365.7
2025-11-20 16:50:44	215973	0:18:48	1383.6
2025-11-20 16:50:45	217614	0:18:53	1376.1
2025-11-20 16:50:46	219387	0:18:40	1389.8
2025-11-20 16:50:47	220707	0:18:41	1387.0
2025-11-20 16:50:48	222507	0:18:17	1416.7
2025-11-20 16:50:49	224039	0:17:54	1445.0
2025-11-20 16:50:50	225344	0:17:31	1476.2
2025-11-20 16:50:52	226852	0:17:04	1513.0
2025-11-20 16:50:53	228546	0:16:41	1545.4
2025-11-20 16:50:54	229815	0:16:36	1552.7
2025-11-20 16:50:55	231462	0:16:37	1548.8
2025-11-20 16:50:56	232930	0:16:26	1565.1
2025-11-20 16:50:57	234323	0:16:16	1579.3
2025-11-20 16:50:58	235844	0:16:20	1571.3
2025-11-20 16:50:59	237316	0:16:14	1580.0
2025-11-20 16:51:00	238645	0:16:23	1563.9
2025-11-20 16:51:01	239680	0:16:41	1534.6
2025-11-20 16:51:02	239893	0:17:17	1480.9
2025-11-20 16:51:03	240104	0:17:47	1439.3
2025-11-20 16:51:04	240324	0:18:27	1387.8
2025-11-20 16:51:05	240537	0:18:53	1354.8
2025-11-20 16:51:06	240913	0:19:15	1329.5
2025-11-20 16:51:07	242254	0:19:12	1331.9
2025-11-20 16:51:08	243842	0:19:13	1329.0
2025-11-20 16:51:09	245211	0:19:17	1322.9
2025-11-20 16:51:10	246629	0:19:25	1313.1
2025-11-20 16:51:11	248082	0:19:45	1290.1
2025-11-20 16:51:12	249711	0:19:48	1284.6
2025-11-20 16:51:13	251494	0:19:47	1284.0
2025-11-20 16:51:14	253010	0:19:57	1272.4
2025-11-20 16:51:15	254635	0:20:08	1260.0
2025-11-20 16:51:16	256116	0:20:16	1250.0
2025-11-20 16:51:17	258129	0:19:56	1269.7
2025-11-20 16:51:18	260097	0:19:50	1274.1
2025-11-20 16:51:19	261235	0:20:01	1261.2
2025-11-20 16:51:20	262429	0:20:12	1248.9
2025-11-20 16:51:21	264050	0:20:00	1260.5
2025-11-20 16:51:22	265316	0:20:14	1244.6
2025-11-20 16:51:23	267158	0:19:46	1272.4
2025-11-20 16:51:24	267779	0:20:22	1234.2
2025-11-20 16:51:25	268113	0:21:00	1196.9
2025-11-20 16:51:26	268203	0:21:56	1145.7
2025-11-20 16:51:27	268365	0:22:52	1099.5
2025-11-20 16:51:28	268631	0:23:41	1060.7
2025-11-20 16:51:29	268984	0:24:34	1022.6
2025-11-20 16:51:30	269605	0:24:54	1008.9
2025-11-20 16:51:31	271225	0:23:44	1057.1
2025-11-20 16:51:32	272359	0:23:02	1088.6
2025-11-20 16:51:33	274445	0:21:43	1152.8
2025-11-20 16:51:34	276273	0:20:43	1207.2
2025-11-20 16:51:35	278279	0:19:46	1262.7
2025-11-20 16:51:36	279548	0:19:46	1262.0
2025-11-20 16:51:37	281364	0:19:35	1271.9
2025-11-20 16:51:38	282553	0:19:41	1264.6
2025-11-20 16:51:39	284476	0:19:24	1281.8
2025-11-20 16:51:40	285601	0:19:31	1273.4
2025-11-20 16:51:41	287457	0:19:22	1281.0
2025-11-20 16:51:42	288744	0:19:37	1264.1
2025-11-20 16:51:43	290707	0:19:22	1278.2
2025-11-20 16:51:44	292620	0:19:11	1289.4
2025-11-20 16:51:45	294338	0:19:00	1300.4
2025-11-20 16:51:46	295151	0:19:34	1261.9
2025-11-20 16:51:47	296109	0:20:02	1231.2
2025-11-20 16:51:48	297006	0:20:10	1222.9
2025-11-20 16:51:49	298283	0:20:06	1225.7
2025-11-20 16:51:50	299770	0:20:10	1220.7
2025-11-20 16:51:51	301014	0:20:09	1220.1
2025-11-20 16:51:52	302647	0:20:14	1213.8
2025-11-20 16:51:53	304295	0:19:38	1249.2
2025-11-20 16:51:54	305973	0:18:53	1298.0
2025-11-20 16:51:55	307334	0:18:13	1343.4
2025-11-20 16:51:56	308972	0:17:32	1394.1
2025-11-20 16:51:57	310500	0:16:59	1438.8
2025-11-20 16:51:58	312271	0:16:24	1487.2
2025-11-20 16:51:59	314010	0:15:58	1525.6
2025-11-20 16:52:00	315492	0:16:00	1521.2
2025-11-20 16:52:01	316948	0:15:53	1531.5
2025-11-20 16:52:02	318621	0:16:00	1518.2
2025-11-20 16:52:03	320212	0:16:04	1509.5
2025-11-20 16:52:04	322096	0:16:06	1504.9
2025-11-20 16:52:05	323647	0:15:59	1514.9
2025-11-20 16:52:06	325616	0:15:54	1519.9
2025-11-20 16:52:07	327002	0:15:48	1528.0
2025-11-20 16:52:08	328691	0:15:53	1519.6
2025-11-20 16:52:09	330057	0:15:47	1527.3
2025-11-20 16:52:10	331664	0:15:51	1518.8
2025-11-20 16:52:11	333027	0:15:49	1520.3
2025-11-20 16:52:12	334839	0:15:51	1515.9
2025-11-20 16:52:13	336820	0:15:48	1517.6
2025-11-20 16:52:14	338066	0:15:58	1501.7
2025-11-20 16:52:15	338501	0:16:06	1488.7
2025-11-20 16:52:16	338658	0:16:24	1461.2
2025-11-20 16:52:17	338748	0:16:43	1432.4
2025-11-20 16:52:18	338863	0:17:12	1392.6
2025-11-20 16:52:19	339030	0:17:46	1347.6
2025-11-20 16:52:20	339239	0:18:15	1312.2
2025-11-20 16:52:21	339676	0:18:50	1270.9
2025-11-20 16:52:22	340118	0:19:29	1228.7
2025-11-20 16:52:23	341627	0:19:33	1223.4
2025-11-20 16:52:24	342464	0:19:49	1205.5
2025-11-20 16:52:25	343613	0:20:05	1188.7
2025-11-20 16:52:26	344373	0:20:32	1161.9
2025-11-20 16:52:28	345551	0:20:54	1141.2
2025-11-20 16:52:29	346929	0:21:08	1127.0
2025-11-20 16:52:30	348351	0:21:10	1124.0
2025-11-20 16:52:31	350199	0:20:54	1137.6
2025-11-20 16:52:32	350337	0:21:56	1083.9
2025-11-20 16:52:33	350413	0:23:03	1031.2
2025-11-20 16:52:34	350559	0:24:34	967.1
2025-11-20 16:52:35	350810	0:25:44	923.6
2025-11-20 16:52:36	351353	0:27:10	874.2
2025-11-20 16:52:37	353311	0:26:33	893.6
2025-11-20 16:52:38	354623	0:26:55	880.3
2025-11-20 16:52:39	356869	0:25:59	910.3
2025-11-20 16:52:40	358580	0:25:50	914.7
2025-11-20 16:52:41	360594	0:25:11	936.9
2025-11-20 16:52:42	362636	0:24:57	944.6
2025-11-20 16:52:43	364584	0:24:55	944.1
2025-11-20 16:52:44	366510	0:24:18	967.2
2025-11-20 16:52:45	367599	0:23:44	989.4
2025-11-20 16:52:46	367992	0:23:32	997.4
2025-11-20 16:52:47	368243	0:23:24	1003.3
2025-11-20 16:52:48	368877	0:22:59	1021.0
2025-11-20 16:52:49	370212	0:22:06	1060.8
2025-11-20 16:52:50	371639	0:21:15	1102.0
2025-11-20 16:52:51	372894	0:20:42	1129.8
2025-11-20 16:52:52	374477	0:19:59	1169.4
2025-11-20 16:52:53	376087	0:19:54	1172.4
2025-11-20 16:52:54	377794	0:19:23	1202.2
2025-11-20 16:52:55	379488	0:19:04	1220.5
2025-11-20 16:52:56	380906	0:18:43	1242.9
2025-11-20 16:52:57	382679	0:18:22	1264.6
2025-11-20 16:52:58	384591	0:18:06	1281.7
2025-11-20 16:52:59	386281	0:17:56	1291.6
2025-11-20 16:53:00	388264	0:17:50	1297.4
2025-11-20 16:53:01	389541	0:17:19	1334.4
2025-11-20 16:53:02	390782	0:16:47	1375.3
2025-11-20 16:53:03	392391	0:16:12	1423.2
2025-11-20 16:53:04	394134	0:15:35	1477.6
2025-11-20 16:53:05	395480	0:15:15	1508.7
2025-11-20 16:53:06	397305	0:15:16	1505.9
2025-11-20 16:53:07	399328	0:14:53	1542.1
2025-11-20 16:53:08	399798	0:15:31	1477.9
2025-11-20 16:53:09	401238	0:15:37	1467.9
2025-11-20 16:53:10	402756	0:15:48	1448.5
2025-11-20 16:53:11	404503	0:15:51	1442.2
2025-11-20 16:53:12	405889	0:16:08	1415.2
2025-11-20 16:53:13	407657	0:16:08	1413.1
2025-11-20 16:53:14	409026	0:16:08	1412.0
2025-11-20 16:53:15	410725	0:15:42	1450.2
2025-11-20 16:53:16	412079	0:15:18	1486.0
2025-11-20 16:53:17	413760	0:14:52	1526.9
2025-11-20 16:53:18	415675	0:14:35	1554.5
2025-11-20 16:53:19	416979	0:14:42	1540.9
2025-11-20 16:53:20	418379	0:14:36	1550.4
2025-11-20 16:53:21	418845	0:14:53	1520.5
2025-11-20 16:53:22	419434	0:15:18	1478.4
2025-11-20 16:53:23	420336	0:15:33	1453.6
2025-11-20 16:53:24	421253	0:15:47	1430.0
2025-11-20 16:53:25	422005	0:16:10	1395.5
2025-11-20 16:53:26	422573	0:16:34	1362.3
2025-11-20 16:53:27	422967	0:17:07	1318.0
2025-11-20 16:53:28	423372	0:17:44	1271.0
2025-11-20 16:53:29	423577	0:18:36	1212.4
2025-11-20 16:53:30	423869	0:19:17	1168.7
2025-11-20 16:53:31	424081	0:19:56	1130.4
2025-11-20 16:53:32	424410	0:20:36	1093.5
2025-11-20 16:53:33	426089	0:20:34	1094.2
2025-11-20 16:53:34	427224	0:20:54	1075.5
2025-11-20 16:53:35	429235	0:20:33	1092.7
2025-11-20 16:53:36	430954	0:20:30	1093.9
2025-11-20 16:53:38	432645	0:20:10	1110.1
2025-11-20 16:53:39	434547	0:19:43	1134.0
2025-11-20 16:53:40	436391	0:19:38	1137.4
2025-11-20 16:53:41	438523	0:18:59	1174.6
2025-11-20 16:53:42	439665	0:19:25	1146.9
2025-11-20 16:53:43	441563	0:19:21	1149.5
2025-11-20 16:53:44	443601	0:18:55	1173.7
2025-11-20 16:53:45	445475	0:18:40	1187.7
2025-11-20 16:53:46	446518	0:18:54	1172.5
2025-11-20 16:53:47	447727	0:19:09	1156.2
2025-11-20 16:53:48	448747	0:19:30	1134.9
2025-11-20 16:53:49	449771	0:19:51	1113.4
2025-11-20 16:53:50	451217	0:19:42	1120.9
2025-11-20 16:53:51	452332	0:19:33	1129.1
2025-11-20 16:53:52	453759	0:19:00	1159.9
2025-11-20 16:53:53	454508	0:19:00	1159.6
2025-11-20 16:53:54	455667	0:18:51	1167.7
2025-11-20 16:53:55	457169	0:18:29	1189.6
2025-11-20 16:53:56	458770	0:17:59	1221.5
2025-11-20 16:53:57	460680	0:17:13	1273.4
2025-11-20 16:53:58	462172	0:16:45	1307.1
2025-11-20 16:53:59	464037	0:16:05	1359.2
2025-11-20 16:54:00	465999	0:15:23	1419.0
2025-11-20 16:54:01	467942	0:14:47	1475.3
2025-11-20 16:54:02	469801	0:14:13	1531.5
2025-11-20 16:54:03	471487	0:14:00	1552.7
2025-11-20 16:54:04	472937	0:14:01	1550.2
2025-11-20 16:54:05	474456	0:13:59	1552.2
2025-11-20 16:54:06	476153	0:14:00	1547.3
2025-11-20 16:54:07	476862	0:14:14	1520.7
2025-11-20 16:54:08	478738	0:14:15	1518.0
2025-11-20 16:54:09	479628	0:14:31	1488.6
2025-11-20 16:54:10	481307	0:14:38	1474.0
2025-11-20 16:54:11	482760	0:14:39	1472.3
2025-11-20 16:54:12	484341	0:14:41	1467.0
2025-11-20 16:54:13	485618	0:14:51	1447.8
2025-11-20 16:54:14	487506	0:14:53	1442.7
2025-11-20 16:54:15	489603	0:14:35	1470.5
2025-11-20 16:54:16	491071	0:14:33	1472.7
2025-11-20 16:54:17	492563	0:14:30	1476.2
2025-11-20 16:54:18	493710	0:14:19	1493.7
2025-11-20 16:54:19	495147	0:14:16	1497.0
2025-11-20 16:54:20	496621	0:14:12	1502.5
2025-11-20 16:54:21	498019	0:14:06	1510.8
2025-11-20 16:54:22	499414	0:14:02	1516.4
2025-11-20 16:54:23	501285	0:13:41	1552.3
2025-11-20 16:54:24	503293	0:13:33	1566.1
2025-11-20 16:54:25	504893	0:13:26	1577.7
2025-11-20 16:54:26	506094	0:13:37	1554.6
2025-11-20 16:54:27	507204	0:13:43	1541.4
2025-11-20 16:54:28	508576	0:13:51	1526.0
2025-11-20 16:54:29	509399	0:14:08	1493.5
2025-11-20 16:54:30	509882	0:14:36	1445.8
2025-11-20 16:54:31	510619	0:15:00	1405.4
2025-11-20 16:54:32	511250	0:15:30	1360.8
2025-11-20 16:54:33	512218	0:15:42	1341.9
2025-11-20 16:54:34	514041	0:15:37	1347.4
2025-11-20 16:54:35	515251	0:15:43	1336.8
2025-11-20 16:54:36	517172	0:15:22	1365.4
2025-11-20 16:54:37	519351	0:15:01	1394.6
2025-11-20 16:54:38	521287	0:14:53	1404.7
2025-11-20 16:54:39	523311	0:14:40	1423.8
2025-11-20 16:54:40	525055	0:14:37	1426.8
2025-11-20 16:54:41	526893	0:14:21	1451.5
2025-11-20 16:54:42	528162	0:14:26	1441.2
2025-11-20 16:54:43	529903	0:14:21	1448.0
2025-11-20 16:54:44	531343	0:14:31	1429.6
2025-11-20 16:54:45	532911	0:14:36	1419.0
2025-11-20 16:54:46	534633	0:14:24	1437.5
2025-11-20 16:54:47	536467	0:14:13	1452.5
2025-11-20 16:54:48	537748	0:14:08	1460.1
2025-11-20 16:54:49	538249	0:14:30	1422.6
2025-11-20 16:54:50	538758	0:14:47	1395.4
2025-11-20 16:54:51	540007	0:14:54	1383.2
2025-11-20 16:54:52	541600	0:14:54	1381.3
2025-11-20 16:54:53	543085	0:14:57	1374.9
2025-11-20 16:54:54	544403	0:15:10	1353.6
2025-11-20 16:54:55	545944	0:15:04	1361.3
2025-11-20 16:54:56	547511	0:14:56	1371.3
2025-11-20 16:54:57	549126	0:14:50	1378.7
2025-11-20 16:54:58	550469	0:14:45	1384.4
2025-11-20 16:54:59	552570	0:14:12	1435.8
2025-11-20 16:55:00	554557	0:13:41	1488.6
2025-11-20 16:55:01	556427	0:13:21	1522.1
2025-11-20 16:55:02	558547	0:12:53	1575.4
2025-11-20 16:55:03	560112	0:12:48	1582.7
2025-11-20 16:55:04	561690	0:12:42	1593.9
2025-11-20 16:55:05	563082	0:12:48	1579.2
2025-11-20 16:55:06	565011	0:12:49	1574.1
2025-11-20 16:55:07	566516	0:12:55	1561.7
2025-11-20 16:55:08	568332	0:12:55	1558.8
2025-11-20 16:55:09	569834	0:13:02	1542.9
2025-11-20 16:55:10	571397	0:13:06	1533.3
2025-11-20 16:55:11	573309	0:13:03	1535.5
2025-11-20 16:55:12	574713	0:12:57	1545.8
2025-11-20 16:55:13	576550	0:12:57	1543.8
2025-11-20 16:55:14	577886	0:12:52	1551.2
2025-11-20 16:55:15	579659	0:12:51	1551.6
2025-11-20 16:55:16	581779	0:12:46	1558.9
2025-11-20 16:55:17	583670	0:12:42	1565.3
2025-11-20 16:55:19	585729	0:12:30	1587.8
2025-11-20 16:55:20	587119	0:12:12	1624.4
2025-11-20 16:55:21	589013	0:11:53	1663.7
2025-11-20 16:55:22	590541	0:11:56	1654.9
2025-11-20 16:55:23	592006	0:11:51	1664.9
2025-11-20 16:55:24	593907	0:11:44	1679.4
2025-11-20 16:55:25	595873	0:11:35	1698.6
2025-11-20 16:55:26	597917	0:11:27	1714.8
2025-11-20 16:55:27	599532	0:11:24	1719.4
2025-11-20 16:55:28	600755	0:11:29	1706.7
2025-11-20 16:55:29	601802	0:11:39	1680.0
2025-11-20 16:55:30	603253	0:11:42	1670.2
2025-11-20 16:55:31	604766	0:11:51	1647.5
2025-11-20 16:55:32	606321	0:11:54	1637.7
2025-11-20 16:55:33	607557	0:12:05	1611.5
2025-11-20 16:55:34	608241	0:12:17	1584.0
2025-11-20 16:55:35	609401	0:12:21	1575.0
2025-11-20 16:55:36	610569	0:12:30	1553.4
2025-11-20 16:55:37	612433	0:12:24	1564.3
2025-11-20 16:55:38	614475	0:12:19	1571.3
2025-11-20 16:55:39	616342	0:12:17	1573.0
2025-11-20 16:55:40	618293	0:12:07	1592.7
2025-11-20 16:55:41	619902	0:12:01	1604.6
2025-11-20 16:55:42	621681	0:12:00	1603.8
2025-11-20 16:55:43	623479	0:11:58	1604.7
2025-11-20 16:55:44	625170	0:11:50	1621.0
2025-11-20 16:55:45	626783	0:11:55	1608.0
2025-11-20 16:55:46	628544	0:11:57	1601.0
2025-11-20 16:55:47	630158	0:12:00	1590.6
2025-11-20 16:55:48	631968	0:11:57	1596.7
2025-11-20 16:55:49	633822	0:11:55	1598.5
2025-11-20 16:55:50	635387	0:11:56	1594.2
2025-11-20 16:55:51	637249	0:11:53	1597.6
2025-11-20 16:55:52	639326	0:11:43	1617.0
2025-11-20 16:55:53	641157	0:11:38	1626.3
2025-11-20 16:55:54	643144	0:11:38	1623.9
2025-11-20 16:55:55	644477	0:11:40	1617.5
2025-11-20 16:55:56	646474	0:11:40	1614.0
2025-11-20 16:55:57	648126	0:11:44	1603.2
2025-11-20 16:55:58	649998	0:11:28	1636.7
2025-11-20 16:55:59	651778	0:11:18	1658.9
2025-11-20 16:56:00	653472	0:11:15	1663.9
2025-11-20 16:56:01	655512	0:11:05	1684.3
2025-11-20 16:56:02	657337	0:11:02	1690.7
2025-11-20 16:56:03	658843	0:10:53	1711.2
2025-11-20 16:56:04	659636	0:10:52	1713.6
2025-11-20 16:56:05	661603	0:10:44	1730.4
2025-11-20 16:56:06	663376	0:10:39	1739.9
2025-11-20 16:56:07	665282	0:10:40	1736.0
2025-11-20 16:56:08	666712	0:10:45	1720.6
2025-11-20 16:56:09	668657	0:10:40	1731.2
2025-11-20 16:56:10	669985	0:10:45	1714.3
2025-11-20 16:56:11	671805	0:10:47	1706.7
2025-11-20 16:56:12	673783	0:10:40	1721.9
2025-11-20 16:56:13	675862	0:10:38	1724.0
2025-11-20 16:56:14	677668	0:10:33	1735.7
2025-11-20 16:56:15	679232	0:10:37	1722.8
2025-11-20 16:56:16	680950	0:10:32	1732.0
2025-11-20 16:56:17	683047	0:10:28	1741.1
2025-11-20 16:56:18	685049	0:10:26	1743.7
2025-11-20 16:56:19	687130	0:10:18	1761.5
2025-11-20 16:56:20	689102	0:10:15	1766.8
2025-11-20 16:56:21	690371	0:10:22	1746.5
2025-11-20 16:56:22	691756	0:10:30	1722.3
2025-11-20 16:56:23	693373	0:10:32	1713.2
2025-11-20 16:56:24	694786	0:10:35	1703.0
2025-11-20 16:56:25	695003	0:10:53	1655.5
2025-11-20 16:56:26	695286	0:11:11	1609.9
2025-11-20 16:56:27	695612	0:11:33	1558.6
2025-11-20 16:56:28	696182	0:11:48	1526.2
2025-11-20 16:56:29	697760	0:11:51	1516.4
2025-11-20 16:56:30	699394	0:11:54	1508.9
2025-11-20 16:56:31	700531	0:12:09	1475.7
2025-11-20 16:56:32	702451	0:12:04	1484.0
2025-11-20 16:56:33	703655	0:12:07	1475.9
2025-11-20 16:56:34	704999	0:11:58	1492.9
2025-11-20 16:56:35	706353	0:12:08	1469.1
2025-11-20 16:56:36	708047	0:12:07	1468.8
2025-11-20 16:56:37	709663	0:12:08	1464.5
2025-11-20 16:56:38	710972	0:12:14	1450.3
2025-11-20 16:56:39	711666	0:12:29	1422.0
2025-11-20 16:56:40	712202	0:12:54	1374.0
2025-11-20 16:56:41	713441	0:13:00	1362.7
2025-11-20 16:56:42	714996	0:13:01	1358.0
2025-11-20 16:56:43	716716	0:13:04	1352.0
2025-11-20 16:56:44	718541	0:13:03	1350.6
2025-11-20 16:56:45	719635	0:13:10	1337.1
2025-11-20 16:56:46	721468	0:13:08	1338.7
2025-11-20 16:56:47	722757	0:13:22	1313.1
2025-11-20 16:56:48	723975	0:13:37	1288.5
2025-11-20 16:56:49	725314	0:13:50	1266.0
2025-11-20 16:56:50	726751	0:14:02	1247.1
2025-11-20 16:56:51	728890	0:13:43	1272.5
2025-11-20 16:56:52	730583	0:13:34	1284.2
2025-11-20 16:56:53	732574	0:13:24	1298.1
2025-11-20 16:56:54	734427	0:13:13	1313.2
2025-11-20 16:56:55	735845	0:12:48	1354.3
2025-11-20 16:56:56	736272	0:12:46	1357.8
2025-11-20 16:56:57	737232	0:12:34	1378.7
2025-11-20 16:56:58	738582	0:12:20	1401.5
2025-11-20 16:56:59	740083	0:12:18	1404.2
2025-11-20 16:57:00	741702	0:12:15	1407.7
2025-11-20 16:57:01	743557	0:12:09	1417.3
2025-11-20 16:57:02	745298	0:12:09	1414.8
2025-11-20 16:57:03	746980	0:12:01	1426.5
2025-11-20 16:57:04	748440	0:11:54	1438.8
2025-11-20 16:57:05	750163	0:11:52	1440.4
2025-11-20 16:57:06	751700	0:11:51	1440.0
2025-11-20 16:57:07	753493	0:11:47	1446.9
2025-11-20 16:57:08	755311	0:11:35	1469.2
2025-11-20 16:57:09	756879	0:11:17	1505.1
2025-11-20 16:57:10	758581	0:11:03	1534.5
2025-11-20 16:57:11	760428	0:10:53	1555.8
2025-11-20 16:57:12	762439	0:10:50	1559.1
2025-11-20 16:57:13	764125	0:10:46	1566.2
2025-11-20 16:57:14	765955	0:10:40	1577.3
2025-11-20 16:57:15	767562	0:10:36	1584.8
2025-11-20 16:57:16	769236	0:10:37	1580.7
2025-11-20 16:57:17	770880	0:10:29	1598.2
2025-11-20 16:57:19	772472	0:10:22	1614.0
2025-11-20 16:57:20	773935	0:10:21	1613.7
2025-11-20 16:57:21	774211	0:10:38	1569.2
2025-11-20 16:57:22	774455	0:11:04	1509.2
2025-11-20 16:57:23	774743	0:11:29	1454.4
2025-11-20 16:57:24	774993	0:11:56	1397.4
2025-11-20 16:57:25	775261	0:12:23	1346.7
2025-11-20 16:57:26	775734	0:12:34	1326.5
2025-11-20 16:57:27	776183	0:12:36	1323.2
2025-11-20 16:57:28	776592	0:12:47	1303.3
2025-11-20 16:57:29	777094	0:13:02	1277.2
2025-11-20 16:57:30	777546	0:13:27	1237.0
2025-11-20 16:57:31	778743	0:13:34	1226.0
2025-11-20 16:57:32	780212	0:13:40	1214.4
2025-11-20 16:57:33	781289	0:13:56	1190.0
2025-11-20 16:57:34	783336	0:13:45	1204.1
2025-11-20 16:57:35	785045	0:13:37	1213.8
2025-11-20 16:57:36	786846	0:13:37	1211.7
2025-11-20 16:57:37	788612	0:13:28	1222.1
2025-11-20 16:57:38	790529	0:13:26	1223.7
2025-11-20 16:57:39	792628	0:13:18	1232.1
2025-11-20 16:57:40	794612	0:13:06	1249.0
2025-11-20 16:57:41	795828	0:13:19	1226.9
2025-11-20 16:57:42	797855	0:13:10	1238.2
2025-11-20 16:57:43	799266	0:13:25	1214.2
2025-11-20 16:57:44	800899	0:13:27	1208.2
2025-11-20 16:57:45	802319	0:13:31	1200.9
2025-11-20 16:57:46	803900	0:13:30	1200.3
2025-11-20 16:57:47	804838	0:13:51	1169.7
2025-11-20 16:57:48	806252	0:13:52	1166.2
2025-11-20 16:57:49	806581	0:14:20	1127.6
2025-11-20 16:57:50	806828	0:14:52	1087.5
2025-11-20 16:57:51	807071	0:14:51	1088.1
2025-11-20 16:57:52	807498	0:14:45	1094.8
2025-11-20 16:57:53	808343	0:14:30	1112.3
2025-11-20 16:57:54	809906	0:13:56	1155.6
2025-11-20 16:57:55	811147	0:13:33	1186.7
2025-11-20 16:57:56	813061	0:13:00	1234.8
2025-11-20 16:57:57	814573	0:12:38	1269.1
2025-11-20 16:57:58	816111	0:12:14	1307.5
2025-11-20 16:57:59	817536	0:11:55	1340.9
2025-11-20 16:58:00	819213	0:11:38	1370.4
2025-11-20 16:58:01	820419	0:11:36	1373.2
2025-11-20 16:58:02	822034	0:11:33	1376.8
2025-11-20 16:58:03	823107	0:11:30	1381.1
2025-11-20 16:58:04	823283	0:12:15	1297.0
2025-11-20 16:58:05	823559	0:12:46	1243.8
2025-11-20 16:58:06	823850	0:13:17	1195.3
2025-11-20 16:58:07	824285	0:13:47	1150.8
2025-11-20 16:58:08	825251	0:14:12	1116.3
2025-11-20 16:58:09	826575	0:14:28	1094.8
2025-11-20 16:58:10	827822	0:14:37	1081.4
2025-11-20 16:58:11	829639	0:14:33	1084.3
2025-11-20 16:58:12	830717	0:14:47	1066.4
2025-11-20 16:58:13	831646	0:15:02	1047.7
2025-11-20 16:58:14	833533	0:14:47	1062.9
2025-11-20 16:58:15	834822	0:14:52	1055.3
2025-11-20 16:58:16	836138	0:14:42	1066.5
2025-11-20 16:58:17	836599	0:15:04	1039.0
2025-11-20 16:58:18	837248	0:14:54	1050.9
2025-11-20 16:58:19	838561	0:14:23	1086.3
2025-11-20 16:58:20	840103	0:13:47	1132.4
2025-11-20 16:58:21	841445	0:13:25	1160.8
2025-11-20 16:58:22	843125	0:13:04	1189.7
2025-11-20 16:58:23	844910	0:13:04	1188.7
2025-11-20 16:58:24	847044	0:12:36	1229.0
2025-11-20 16:58:25	848356	0:12:48	1208.9
2025-11-20 16:58:26	849595	0:12:54	1196.8
2025-11-20 16:58:27	849851	0:13:23	1153.4
2025-11-20 16:58:28	850370	0:13:47	1120.1
2025-11-20 16:58:29	851008	0:14:08	1090.7
2025-11-20 16:58:30	851521	0:14:28	1065.6
2025-11-20 16:58:31	851949	0:15:02	1024.9
2025-11-20 16:58:32	852773	0:15:08	1016.8
2025-11-20 16:58:33	854202	0:14:34	1055.4
2025-11-20 16:58:34	855574	0:14:03	1092.8
2025-11-20 16:58:35	856048	0:13:59	1096.6
2025-11-20 16:58:36	857248	0:13:39	1122.7
2025-11-20 16:58:37	858975	0:13:19	1148.6
2025-11-20 16:58:38	860619	0:13:10	1159.3
2025-11-20 16:58:39	862205	0:13:00	1172.0
2025-11-20 16:58:40	864021	0:12:58	1172.0
2025-11-20 16:58:41	865654	0:12:45	1190.4
2025-11-20 16:58:42	867320	0:12:28	1215.7
2025-11-20 16:58:43	868952	0:12:32	1206.9
2025-11-20 16:58:44	870481	0:12:26	1214.8
2025-11-20 16:58:45	872074	0:12:19	1224.3
2025-11-20 16:58:46	873667	0:11:55	1263.0
2025-11-20 16:58:47	875682	0:11:28	1309.4
2025-11-20 16:58:48	877468	0:11:18	1326.2
2025-11-20 16:58:49	879408	0:11:09	1339.6
2025-11-20 16:58:50	881255	0:11:00	1356.9
2025-11-20 16:58:51	882836	0:11:00	1353.7
2025-11-20 16:58:52	884687	0:10:58	1355.8
2025-11-20 16:58:53	886167	0:11:08	1332.3
2025-11-20 16:58:54	887792	0:11:02	1342.9
2025-11-20 16:58:56	889444	0:10:56	1351.8
2025-11-20 16:58:57	890574	0:10:41	1381.4
2025-11-20 16:58:58	890911	0:10:44	1375.2
2025-11-20 16:58:59	891397	0:10:46	1370.5
2025-11-20 16:59:00	891718	0:10:48	1363.9
2025-11-20 16:59:01	891969	0:10:51	1357.9
2025-11-20 16:59:02	892256	0:11:00	1339.3
2025-11-20 16:59:03	892527	0:11:17	1305.5
2025-11-20 16:59:04	892872	0:11:39	1263.2
2025-11-20 16:59:05	893378	0:11:38	1265.5
2025-11-20 16:59:06	893709	0:11:54	1235.9
2025-11-20 16:59:07	894256	0:12:18	1195.8
2025-11-20 16:59:08	895016	0:12:36	1165.6
2025-11-20 16:59:09	895911	0:12:51	1141.8
2025-11-20 16:59:10	897012	0:13:07	1117.4
2025-11-20 16:59:11	898964	0:12:58	1127.2
2025-11-20 16:59:12	900348	0:13:04	1117.7
2025-11-20 16:59:13	901494	0:13:14	1101.6
2025-11-20 16:59:14	903145	0:13:10	1105.6
2025-11-20 16:59:15	904605	0:13:12	1101.0
2025-11-20 16:59:16	906319	0:13:07	1105.0
2025-11-20 16:59:17	908251	0:13:08	1101.6
2025-11-20 16:59:18	910050	0:13:06	1102.2
2025-11-20 16:59:19	911557	0:13:16	1085.9
2025-11-20 16:59:20	912821	0:13:30	1066.4
2025-11-20 16:59:21	914132	0:13:36	1057.3
2025-11-20 16:59:22	915204	0:13:56	1030.3
2025-11-20 16:59:23	916189	0:14:08	1014.4
2025-11-20 16:59:24	917231	0:14:24	994.9
2025-11-20 16:59:25	918453	0:14:32	984.1
2025-11-20 16:59:26	920116	0:14:14	1002.2
2025-11-20 16:59:27	921631	0:13:40	1042.1
2025-11-20 16:59:28	923180	0:13:11	1078.6
2025-11-20 16:59:29	924499	0:12:45	1113.5
2025-11-20 16:59:30	926185	0:12:11	1162.9
2025-11-20 16:59:31	926850	0:12:02	1176.0
2025-11-20 16:59:32	927845	0:11:47	1200.7
2025-11-20 16:59:33	928871	0:11:32	1224.4
2025-11-20 16:59:34	930585	0:11:07	1268.2
2025-11-20 16:59:35	931966	0:10:48	1303.8
2025-11-20 16:59:36	933670	0:10:27	1344.4
2025-11-20 16:59:37	934961	0:10:17	1363.1
2025-11-20 16:59:38	936552	0:10:05	1387.5
2025-11-20 16:59:39	938400	0:09:53	1412.2
2025-11-20 16:59:40	939784	0:09:54	1408.4
2025-11-20 16:59:41	941903	0:09:46	1422.7
2025-11-20 16:59:42	943108	0:09:45	1424.4
2025-11-20 16:59:43	943728	0:09:59	1389.5
2025-11-20 16:59:44	944671	0:10:05	1374.3
2025-11-20 16:59:45	946266	0:10:06	1370.2
2025-11-20 16:59:46	947364	0:10:18	1340.4
2025-11-20 16:59:47	949398	0:10:12	1351.8
2025-11-20 16:59:48	950727	0:10:17	1336.9
2025-11-20 16:59:49	951964	0:10:16	1337.3
2025-11-20 16:59:50	953336	0:10:13	1342.5
2025-11-20 16:59:51	954555	0:10:10	1347.9
2025-11-20 16:59:52	955917	0:10:03	1359.6
2025-11-20 16:59:53	957516	0:09:51	1385.7
2025-11-20 16:59:54	958941	0:09:49	1387.9
2025-11-20 16:59:55	960171	0:09:52	1378.5
2025-11-20 16:59:56	961353	0:09:57	1365.4
2025-11-20 16:59:57	962710	0:10:00	1355.6
2025-11-20 16:59:58	964694	0:09:49	1378.7
2025-11-20 16:59:59	966195	0:09:51	1370.7
2025-11-20 17:00:00	968095	0:09:35	1406.1
2025-11-20 17:00:01	969895	0:09:19	1441.4
2025-11-20 17:00:02	971087	0:09:17	1445.3
2025-11-20 17:00:03	972679	0:09:19	1438.0
2025-11-20 17:00:04	973964	0:09:17	1439.7
2025-11-20 17:00:05	975666	0:09:13	1446.6
2025-11-20 17:00:06	977112	0:09:13	1445.2
2025-11-20 17:00:07	978930	0:09:12	1443.7
2025-11-20 17:00:08	980609	0:09:10	1447.4
2025-11-20 17:00:09	982730	0:09:00	1468.7
2025-11-20 17:00:10	984287	0:09:00	1465.7
2025-11-20 17:00:11	986378	0:08:54	1479.4
2025-11-20 17:00:12	987978	0:08:41	1513.5
2025-11-20 17:00:13	989738	0:08:32	1537.0
2025-11-20 17:00:14	991254	0:08:27	1547.0
2025-11-20 17:00:15	993028	0:08:22	1558.5
2025-11-20 17:00:16	994445	0:08:25	1548.3
2025-11-20 17:00:17	996054	0:08:22	1552.6
2025-11-20 17:00:18	997870	0:08:15	1572.6
2025-11-20 17:00:19	999520	0:08:06	1597.0
2025-11-20 17:00:20	1001532	0:08:02	1607.1
2025-11-20 17:00:21	1003301	0:07:54	1629.4
2025-11-20 17:00:22	1005342	0:07:50	1638.7
2025-11-20 17:00:23	1007029	0:07:45	1653.0
2025-11-20 17:00:24	1008874	0:07:39	1671.9
2025-11-20 17:00:25	1010391	0:07:34	1685.3
2025-11-20 17:00:26	1011751	0:07:35	1680.0
2025-11-20 17:00:27	1013030	0:07:38	1665.8
2025-11-20 17:00:28	1014120	0:07:43	1646.3
2025-11-20 17:00:29	1014511	0:07:57	1598.0
2025-11-20 17:00:30	1014976	0:08:11	1550.5
2025-11-20 17:00:31	1016355	0:08:09	1554.3
2025-11-20 17:00:32	1017535	0:08:12	1540.5
2025-11-20 17:00:33	1018922	0:08:11	1542.9
2025-11-20 17:00:34	1020695	0:08:07	1550.2
2025-11-20 17:00:35	1022146	0:08:08	1544.0
2025-11-20 17:00:36	1024007	0:08:05	1549.9
2025-11-20 17:00:37	1025743	0:08:04	1550.6
2025-11-20 17:00:38	1027133	0:08:11	1524.5
2025-11-20 17:00:39	1028585	0:08:12	1518.9
2025-11-20 17:00:41	1030202	0:08:18	1499.3
2025-11-20 17:00:42	1031985	0:08:14	1506.9
2025-11-20 17:00:43	1032896	0:08:23	1478.0
2025-11-20 17:00:44	1034730	0:08:18	1488.4
2025-11-20 17:00:45	1035970	0:08:24	1468.8
2025-11-20 17:00:46	1037375	0:08:25	1462.2
2025-11-20 17:00:47	1038840	0:08:26	1458.6
2025-11-20 17:00:48	1039750	0:08:36	1427.0
2025-11-20 17:00:49	1040641	0:08:46	1399.4
2025-11-20 17:00:50	1041650	0:08:58	1366.5
2025-11-20 17:00:51	1042915	0:09:03	1349.9
2025-11-20 17:00:52	1044317	0:09:10	1330.2
2025-11-20 17:00:53	1046283	0:09:06	1336.7
2025-11-20 17:00:54	1047019	0:09:21	1299.4
2025-11-20 17:00:55	1048023	0:09:28	1281.9
2025-11-20 17:00:56	1049022	0:09:33	1268.5
2025-11-20 17:00:57	1050711	0:09:26	1282.6
2025-11-20 17:00:58	1051935	0:09:22	1289.0
2025-11-20 17:00:59	1053858	0:08:59	1341.3
2025-11-20 17:01:00	1054132	0:09:01	1334.2
2025-11-20 17:01:01	1054361	0:09:17	1295.4
2025-11-20 17:01:02	1054733	0:09:29	1269.0
2025-11-20 17:01:03	1055220	0:09:42	1238.2
2025-11-20 17:01:04	1055601	0:10:06	1190.1
2025-11-20 17:01:05	1055869	0:10:27	1149.7
2025-11-20 17:01:06	1056104	0:10:58	1093.8
2025-11-20 17:01:07	1057398	0:11:06	1078.8
2025-11-20 17:01:08	1058703	0:11:06	1076.8
2025-11-20 17:01:09	1060080	0:11:10	1068.9
2025-11-20 17:01:10	1061605	0:11:09	1067.9
2025-11-20 17:01:11	1063148	0:11:13	1059.2
2025-11-20 17:01:12	1065010	0:10:52	1090.7
2025-11-20 17:01:13	1067033	0:10:47	1097.1
2025-11-20 17:01:14	1068838	0:10:34	1116.0
2025-11-20 17:01:15	1070425	0:10:29	1122.5
2025-11-20 17:01:16	1071480	0:10:33	1113.2
2025-11-20 17:01:17	1072511	0:10:31	1115.6
2025-11-20 17:01:18	1074316	0:10:12	1146.8
2025-11-20 17:01:19	1075844	0:10:01	1165.7
2025-11-20 17:01:20	1077280	0:09:56	1173.4
2025-11-20 17:01:21	1078857	0:09:50	1183.0
2025-11-20 17:01:22	1079902	0:10:08	1145.8
2025-11-20 17:01:23	1080932	0:10:01	1156.2
2025-11-20 17:01:24	1081786	0:10:04	1150.1
2025-11-20 17:01:25	1083010	0:09:59	1156.9
2025-11-20 17:01:26	1084581	0:10:00	1152.6
2025-11-20 17:01:27	1085911	0:09:56	1157.5
2025-11-20 17:01:28	1087276	0:10:05	1138.0
2025-11-20 17:01:29	1089187	0:09:35	1194.2
2025-11-20 17:01:30	1090765	0:09:13	1240.3
2025-11-20 17:01:31	1092495	0:08:51	1286.5
2025-11-20 17:01:32	1093756	0:08:40	1312.9
2025-11-20 17:01:33	1095567	0:08:20	1362.2
2025-11-20 17:01:34	1096713	0:08:08	1392.2
2025-11-20 17:01:35	1098635	0:07:47	1450.5
2025-11-20 17:01:36	1099857	0:07:47	1447.8
2025-11-20 17:01:37	1101806	0:07:39	1469.8
2025-11-20 17:01:38	1103463	0:07:32	1486.9
2025-11-20 17:01:39	1105123	0:07:30	1491.1
2025-11-20 17:01:40	1107017	0:07:25	1504.0
2025-11-20 17:01:41	1108667	0:07:26	1497.8
2025-11-20 17:01:42	1110796	0:07:23	1501.5
2025-11-20 17:01:43	1112541	0:07:23	1499.3
2025-11-20 17:01:44	1114270	0:07:21	1502.3
2025-11-20 17:01:45	1116257	0:07:11	1532.6
2025-11-20 17:01:46	1118199	0:07:01	1564.4
2025-11-20 17:01:47	1120218	0:06:57	1571.6
2025-11-20 17:01:48	1121829	0:06:55	1574.9
2025-11-20 17:01:49	1123378	0:06:53	1578.8
2025-11-20 17:01:50	1124871	0:06:53	1575.9
2025-11-20 17:01:51	1126326	0:06:48	1591.3
2025-11-20 17:01:52	1127002	0:06:51	1579.1
2025-11-20 17:01:53	1128516	0:06:44	1601.7
2025-11-20 17:01:54	1129948	0:06:42	1608.9
2025-11-20 17:01:55	1131331	0:06:42	1604.3
2025-11-20 17:01:56	1133069	0:06:37	1617.9
2025-11-20 17:01:57	1134766	0:06:34	1629.4
2025-11-20 17:01:58	1136820	0:06:31	1634.1
2025-11-20 17:01:59	1138388	0:06:30	1633.8
2025-11-20 17:02:00	1140276	0:06:28	1639.1
2025-11-20 17:02:01	1141761	0:06:25	1647.0
2025-11-20 17:02:02	1143180	0:06:27	1633.5
2025-11-20 17:02:03	1144811	0:06:23	1650.0
2025-11-20 17:02:04	1145921	0:06:28	1622.1
2025-11-20 17:02:05	1147404	0:06:25	1631.3
2025-11-20 17:02:06	1148703	0:06:30	1609.0
2025-11-20 17:02:07	1150326	0:06:29	1607.9
2025-11-20 17:02:08	1152001	0:06:29	1604.9
2025-11-20 17:02:09	1154039	0:06:26	1610.3
2025-11-20 17:02:10	1155985	0:06:22	1621.3
2025-11-20 17:02:11	1157535	0:06:27	1598.7
2025-11-20 17:02:12	1159319	0:06:26	1599.4
2025-11-20 17:02:13	1160529	0:06:29	1581.5
2025-11-20 17:02:14	1161963	0:06:33	1563.3
2025-11-20 17:02:16	1163255	0:06:38	1538.8
2025-11-20 17:02:17	1164757	0:06:42	1521.4
2025-11-20 17:02:18	1165980	0:06:45	1508.3
2025-11-20 17:02:19	1166245	0:06:57	1464.3
2025-11-20 17:02:20	1167231	0:07:01	1446.6
2025-11-20 17:02:21	1168819	0:06:58	1451.6
2025-11-20 17:02:22	1170267	0:06:50	1478.0
2025-11-20 17:02:23	1171745	0:06:49	1476.8
2025-11-20 17:02:24	1172761	0:06:53	1462.7
2025-11-20 17:02:25	1174512	0:06:48	1475.4
2025-11-20 17:02:26	1175307	0:06:56	1443.1
2025-11-20 17:02:27	1176468	0:07:01	1424.8
2025-11-20 17:02:28	1177854	0:07:07	1402.4
2025-11-20 17:02:29	1179583	0:07:04	1408.4
2025-11-20 17:02:30	1180843	0:07:09	1387.1
2025-11-20 17:02:31	1181496	0:07:18	1357.7
2025-11-20 17:02:32	1181872	0:07:30	1321.3
2025-11-20 17:02:33	1182946	0:07:36	1301.8
2025-11-20 17:02:34	1184250	0:07:35	1302.0
2025-11-20 17:02:35	1185830	0:07:31	1308.0
2025-11-20 17:02:36	1187374	0:07:28	1313.4
2025-11-20 17:02:37	1189343	0:07:23	1326.1
2025-11-20 17:02:38	1190443	0:07:28	1308.9
2025-11-20 17:02:39	1191261	0:07:41	1267.8
2025-11-20 17:02:40	1192346	0:07:51	1238.5
2025-11-20 17:02:41	1194003	0:07:48	1243.4
2025-11-20 17:02:42	1195167	0:07:55	1222.6
2025-11-20 17:02:43	1197021	0:07:45	1246.8
2025-11-20 17:02:44	1198535	0:07:42	1249.5
2025-11-20 17:02:45	1200285	0:07:35	1266.5
2025-11-20 17:02:46	1202159	0:07:29	1279.4
2025-11-20 17:02:47	1203997	0:07:20	1300.3
2025-11-20 17:02:48	1205682	0:07:03	1348.9
2025-11-20 17:02:49	1207364	0:06:54	1373.4
2025-11-20 17:02:50	1209372	0:06:49	1386.8
2025-11-20 17:02:51	1211163	0:06:44	1398.4
2025-11-20 17:02:52	1212106	0:06:49	1380.6
2025-11-20 17:02:53	1213514	0:06:44	1393.4
2025-11-20 17:02:54	1215241	0:06:43	1392.5
2025-11-20 17:02:55	1216522	0:06:37	1409.0
2025-11-20 17:02:56	1217963	0:06:33	1418.9
2025-11-20 17:02:57	1218948	0:06:36	1405.9
2025-11-20 17:02:58	1220280	0:06:40	1391.3
2025-11-20 17:02:59	1221804	0:06:36	1400.8
2025-11-20 17:03:00	1223400	0:06:26	1433.1
2025-11-20 17:03:01	1225103	0:06:13	1478.4
2025-11-20 17:03:02	1226656	0:06:08	1495.1
2025-11-20 17:03:03	1228434	0:06:01	1518.3
2025-11-20 17:03:04	1230118	0:05:59	1521.9
2025-11-20 17:03:05	1231808	0:05:56	1527.0
2025-11-20 17:03:06	1233356	0:05:59	1512.6
2025-11-20 17:03:07	1234591	0:05:57	1515.7
2025-11-20 17:03:08	1234952	0:06:01	1500.1
2025-11-20 17:03:09	1235586	0:06:04	1484.5
2025-11-20 17:03:10	1237275	0:06:03	1485.5
2025-11-20 17:03:11	1238707	0:05:59	1495.2
2025-11-20 17:03:12	1240180	0:06:02	1482.2
2025-11-20 17:03:13	1242332	0:05:55	1503.9
2025-11-20 17:03:14	1243918	0:05:55	1498.9
2025-11-20 17:03:15	1245950	0:05:52	1504.3
2025-11-20 17:03:16	1247869	0:05:50	1507.2
2025-11-20 17:03:17	1249950	0:05:47	1516.5
2025-11-20 17:03:18	1251345	0:05:48	1506.7
2025-11-20 17:03:19	1252924	0:05:51	1489.9
2025-11-20 17:03:20	1254925	0:05:48	1497.5
2025-11-20 17:03:21	1256769	0:05:40	1528.3
2025-11-20 17:03:22	1258738	0:05:34	1547.2
2025-11-20 17:03:23	1260115	0:05:36	1535.2
2025-11-20 17:03:24	1261703	0:05:34	1542.0
2025-11-20 17:03:25	1263563	0:05:29	1556.5
2025-11-20 17:03:26	1264691	0:05:28	1560.9
2025-11-20 17:03:27	1265793	0:05:29	1553.1
2025-11-20 17:03:28	1267249	0:05:29	1548.9
2025-11-20 17:03:29	1268923	0:05:27	1551.7
2025-11-20 17:03:30	1270567	0:05:26	1549.6
2025-11-20 17:03:31	1271716	0:05:28	1535.8
2025-11-20 17:03:32	1273118	0:05:30	1525.3
2025-11-20 17:03:33	1274561	0:05:31	1515.8
2025-11-20 17:03:34	1275917	0:05:32	1504.7
2025-11-20 17:03:35	1277747	0:05:29	1515.2
2025-11-20 17:03:36	1279581	0:05:23	1535.2
2025-11-20 17:03:37	1281394	0:05:12	1584.8
2025-11-20 17:03:38	1283002	0:05:05	1617.4
2025-11-20 17:03:39	1284773	0:05:03	1620.2
2025-11-20 17:03:40	1286450	0:05:01	1628.6
2025-11-20 17:03:41	1287970	0:04:59	1630.3
2025-11-20 17:03:42	1289439	0:05:03	1607.2
2025-11-20 17:03:43	1290928	0:05:02	1604.1
2025-11-20 17:03:44	1292418	0:05:05	1585.5
2025-11-20 17:03:45	1294311	0:05:04	1584.5
2025-11-20 17:03:46	1295641	0:05:07	1563.1
2025-11-20 17:03:47	1297616	0:05:02	1582.8
2025-11-20 17:03:48	1299451	0:04:59	1594.0
2025-11-20 17:03:49	1301466	0:04:58	1593.4
2025-11-20 17:03:50	1302520	0:05:02	1566.4
2025-11-20 17:03:51	1303755	0:05:06	1541.6
2025-11-20 17:03:52	1305388	0:05:04	1550.5
2025-11-20 17:03:53	1306250	0:05:07	1528.7
2025-11-20 17:03:54	1307092	0:05:14	1493.7
2025-11-20 17:03:55	1307367	0:05:20	1465.0
2025-11-20 17:03:56	1307597	0:05:27	1434.4
2025-11-20 17:03:57	1307871	0:05:36	1395.4
2025-11-20 17:03:58	1308496	0:05:44	1359.1
2025-11-20 17:03:59	1309126	0:05:53	1323.3
2025-11-20 17:04:00	1309887	0:05:56	1308.2
2025-11-20 17:04:01	1310953	0:05:59	1296.9
2025-11-20 17:04:02	1312467	0:05:57	1298.8
2025-11-20 17:04:03	1313769	0:05:57	1296.7
2025-11-20 17:04:04	1315564	0:05:55	1296.1
2025-11-20 17:04:05	1316837	0:06:00	1277.0
2025-11-20 17:04:06	1318242	0:06:03	1262.5
2025-11-20 17:04:07	1319871	0:06:02	1261.6
2025-11-20 17:04:08	1321293	0:06:04	1250.5
2025-11-20 17:04:09	1322364	0:06:09	1229.8
2025-11-20 17:04:10	1322669	0:06:22	1187.4
2025-11-20 17:04:11	1322986	0:06:35	1148.2
2025-11-20 17:04:12	1323377	0:06:48	1110.6
2025-11-20 17:04:13	1323900	0:07:00	1077.1
2025-11-20 17:04:14	1324607	0:07:17	1034.8
2025-11-20 17:04:15	1325691	0:07:19	1027.0
2025-11-20 17:04:16	1326302	0:07:40	978.6
2025-11-20 17:04:17	1326966	0:07:59	938.2
2025-11-20 17:04:18	1327230	0:08:31	879.4
2025-11-20 17:04:20	1327674	0:08:43	857.7
2025-11-20 17:04:21	1328804	0:08:44	854.5
2025-11-20 17:04:22	1329882	0:08:55	835.3
2025-11-20 17:04:23	1331089	0:08:46	846.3
2025-11-20 17:04:24	1332815	0:08:26	876.4
2025-11-20 17:04:25	1334337	0:08:01	918.9
2025-11-20 17:04:26	1335639	0:07:41	955.4
2025-11-20 17:04:27	1337404	0:07:16	1006.6
2025-11-20 17:04:28	1339224	0:06:57	1047.4
2025-11-20 17:04:29	1341156	0:06:39	1092.0
2025-11-20 17:04:30	1342508	0:06:29	1114.5
2025-11-20 17:04:31	1343634	0:06:28	1116.4
2025-11-20 17:04:32	1344773	0:06:31	1103.2
2025-11-20 17:04:33	1346895	0:06:19	1131.7
2025-11-20 17:04:34	1348596	0:06:19	1128.3
2025-11-20 17:04:35	1350687	0:06:08	1156.1
2025-11-20 17:04:36	1351942	0:06:09	1151.1
2025-11-20 17:04:37	1354030	0:06:01	1168.6
2025-11-20 17:04:38	1355397	0:06:01	1166.0
2025-11-20 17:04:39	1356820	0:05:56	1178.1
2025-11-20 17:04:40	1358002	0:05:46	1209.4
2025-11-20 17:04:41	1359892	0:05:30	1262.4
2025-11-20 17:04:42	1361626	0:05:17	1308.7
2025-11-20 17:04:43	1363002	0:05:09	1338.1
2025-11-20 17:04:44	1364568	0:05:01	1367.5
2025-11-20 17:04:45	1365725	0:05:00	1367.6
2025-11-20 17:04:46	1367326	0:04:52	1401.1
2025-11-20 17:04:47	1369020	0:04:43	1436.4
2025-11-20 17:04:48	1369985	0:04:38	1460.7
2025-11-20 17:04:49	1371075	0:04:33	1484.2
2025-11-20 17:04:50	1372418	0:04:31	1491.5
2025-11-20 17:04:51	1373886	0:04:27	1504.9
2025-11-20 17:04:52	1375545	0:04:23	1522.1
2025-11-20 17:04:53	1377404	0:04:21	1525.6
2025-11-20 17:04:54	1379374	0:04:18	1540.6
2025-11-20 17:04:55	1380255	0:04:19	1526.0
2025-11-20 17:04:56	1381390	0:04:23	1503.6
2025-11-20 17:04:57	1382267	0:04:28	1471.4
2025-11-20 17:04:58	1383869	0:04:29	1460.2
2025-11-20 17:04:59	1385621	0:04:25	1473.6
2025-11-20 17:05:00	1387412	0:04:20	1496.7
2025-11-20 17:05:01	1389062	0:04:16	1514.1
2025-11-20 17:05:02	1390792	0:04:17	1500.7
2025-11-20 17:05:03	1392539	0:04:15	1502.4
2025-11-20 17:05:04	1394431	0:04:15	1495.7
2025-11-20 17:05:05	1395366	0:04:16	1484.6
2025-11-20 17:05:06	1396100	0:04:24	1439.0
2025-11-20 17:05:07	1396828	0:04:28	1417.4
2025-11-20 17:05:08	1397527	0:04:32	1392.6
2025-11-20 17:05:09	1398741	0:04:31	1393.1
2025-11-20 17:05:10	1399840	0:04:36	1366.1
2025-11-20 17:05:11	1401107	0:04:38	1348.9
2025-11-20 17:05:12	1402254	0:04:39	1341.1
2025-11-20 17:05:13	1403971	0:04:37	1346.2
2025-11-20 17:05:14	1405453	0:04:32	1361.8
2025-11-20 17:05:15	1406914	0:04:33	1353.1
2025-11-20 17:05:16	1408322	0:04:34	1343.4
2025-11-20 17:05:17	1409805	0:04:29	1361.0
2025-11-20 17:05:18	1411567	0:04:23	1384.1
2025-11-20 17:05:19	1412835	0:04:23	1381.0
2025-11-20 17:05:20	1414347	0:04:22	1382.5
2025-11-20 17:05:21	1415733	0:04:23	1373.1
2025-11-20 17:05:22	1417677	0:04:20	1377.2
2025-11-20 17:05:23	1419204	0:04:22	1361.8
2025-11-20 17:05:24	1420831	0:04:16	1387.5
2025-11-20 17:05:25	1422188	0:04:14	1395.8
2025-11-20 17:05:26	1423444	0:04:11	1404.2
2025-11-20 17:05:27	1424686	0:04:13	1392.0
2025-11-20 17:05:28	1426150	0:04:13	1382.1
2025-11-20 17:05:29	1427935	0:04:12	1382.1
2025-11-20 17:05:30	1429637	0:04:10	1384.1
2025-11-20 17:05:31	1431726	0:04:07	1396.4
2025-11-20 17:05:32	1433176	0:04:07	1386.2
2025-11-20 17:05:33	1434706	0:04:08	1374.8
2025-11-20 17:05:34	1435875	0:04:06	1381.8
2025-11-20 17:05:35	1436751	0:04:05	1386.7
2025-11-20 17:05:36	1437791	0:04:02	1397.2
2025-11-20 17:05:37	1439231	0:03:57	1421.7
2025-11-20 17:05:38	1440447	0:03:56	1420.5
2025-11-20 17:05:39	1441764	0:03:54	1427.9
2025-11-20 17:05:40	1443163	0:03:52	1433.7
2025-11-20 17:05:41	1444941	0:03:48	1453.6
2025-11-20 17:05:42	1446924	0:03:45	1461.9
2025-11-20 17:05:43	1448265	0:03:45	1457.1
2025-11-20 17:05:44	1450098	0:03:41	1474.3
2025-11-20 17:05:45	1452028	0:03:38	1489.0
2025-11-20 17:05:47	1454081	0:03:35	1496.0
2025-11-20 17:05:48	1455674	0:03:35	1490.2
2025-11-20 17:05:49	1457191	0:03:33	1498.7
2025-11-20 17:05:50	1458276	0:03:34	1484.3
2025-11-20 17:05:51	1459480	0:03:34	1479.5
2025-11-20 17:05:52	1460568	0:03:38	1448.2
2025-11-20 17:05:53	1461328	0:03:42	1420.8
2025-11-20 17:05:54	1462690	0:03:42	1413.9
2025-11-20 17:05:55	1463774	0:03:43	1402.5
2025-11-20 17:05:56	1465390	0:03:40	1410.9
2025-11-20 17:05:57	1467024	0:03:37	1427.5
2025-11-20 17:05:58	1468351	0:03:36	1427.6
2025-11-20 17:05:59	1469467	0:03:39	1403.5
2025-11-20 17:06:00	1471305	0:03:37	1408.1
2025-11-20 17:06:01	1472588	0:03:40	1380.5
2025-11-20 17:06:02	1474195	0:03:38	1383.3
2025-11-20 17:06:03	1475899	0:03:37	1385.7
2025-11-20 17:06:04	1476860	0:03:37	1379.9
2025-11-20 17:06:05	1477740	0:03:36	1378.7
2025-11-20 17:06:06	1478201	0:03:39	1359.6
2025-11-20 17:06:07	1479029	0:03:42	1338.7
2025-11-20 17:06:08	1479989	0:03:43	1330.6
2025-11-20 17:06:09	1480962	0:03:43	1322.1
2025-11-20 17:06:10	1481968	0:03:45	1308.9
2025-11-20 17:06:11	1482444	0:03:52	1266.3
2025-11-20 17:06:12	1483271	0:03:59	1227.1
2025-11-20 17:06:13	1484828	0:03:56	1235.6
2025-11-20 17:06:14	1485875	0:04:00	1209.0
2025-11-20 17:06:15	1487906	0:03:57	1214.2
2025-11-20 17:06:16	1489642	0:03:56	1213.6
2025-11-20 17:06:17	1491266	0:03:55	1214.8
2025-11-20 17:06:18	1492927	0:03:52	1219.6
2025-11-20 17:06:19	1494922	0:03:45	1251.0
2025-11-20 17:06:20	1496340	0:03:42	1258.3
2025-11-20 17:06:21	1498147	0:03:37	1283.6
2025-11-20 17:06:22	1500225	0:03:28	1328.7
2025-11-20 17:06:23	1502215	0:03:23	1350.1
2025-11-20 17:06:24	1503873	0:03:19	1370.0
2025-11-20 17:06:25	1505549	0:03:17	1375.1
2025-11-20 17:06:26	1507337	0:03:15	1380.5
2025-11-20 17:06:27	1508969	0:03:12	1390.6
2025-11-20 17:06:28	1510640	0:03:08	1409.6
2025-11-20 17:06:29	1512325	0:03:08	1405.8
2025-11-20 17:06:30	1513952	0:03:05	1417.2
2025-11-20 17:06:31	1514834	0:03:08	1391.2
2025-11-20 17:06:32	1516650	0:03:04	1407.8
2025-11-20 17:06:33	1518237	0:03:02	1419.3
2025-11-20 17:06:34	1519979	0:02:57	1444.7
2025-11-20 17:06:35	1521830	0:02:50	1495.1
2025-11-20 17:06:36	1523110	0:02:48	1510.1
2025-11-20 17:06:37	1524117	0:02:47	1513.3
2025-11-20 17:06:38	1526016	0:02:42	1544.9
2025-11-20 17:06:39	1527220	0:02:40	1552.1
2025-11-20 17:06:40	1529291	0:02:34	1606.3
2025-11-20 17:06:41	1530591	0:02:31	1622.2
2025-11-20 17:06:42	1532382	0:02:29	1630.2
2025-11-20 17:06:43	1534041	0:02:27	1651.4
2025-11-20 17:06:44	1535858	0:02:26	1644.2
2025-11-20 17:06:45	1537249	0:02:26	1633.3
2025-11-20 17:06:46	1539164	0:02:24	1642.3
2025-11-20 17:06:47	1541182	0:02:22	1655.4
2025-11-20 17:06:48	1542990	0:02:21	1648.1
2025-11-20 17:06:49	1544915	0:02:19	1665.4
2025-11-20 17:06:50	1546544	0:02:18	1660.4
2025-11-20 17:06:51	1548452	0:02:18	1654.6
2025-11-20 17:06:52	1549506	0:02:20	1622.2
2025-11-20 17:06:53	1549727	0:02:24	1572.9
2025-11-20 17:06:54	1550215	0:02:27	1531.8
2025-11-20 17:06:55	1551026	0:02:31	1492.6
2025-11-20 17:06:56	1552165	0:02:32	1475.9
2025-11-20 17:06:57	1553013	0:02:34	1447.7
2025-11-20 17:06:58	1553943	0:02:36	1422.1
2025-11-20 17:06:59	1554817	0:02:39	1396.3
2025-11-20 17:07:00	1555845	0:02:37	1401.4
2025-11-20 17:07:01	1556410	0:02:42	1359.4
2025-11-20 17:07:02	1556945	0:02:46	1323.5
2025-11-20 17:07:03	1558403	0:02:46	1315.3
2025-11-20 17:07:04	1559490	0:02:48	1289.2
2025-11-20 17:07:05	1561115	0:02:46	1299.4
2025-11-20 17:07:06	1562309	0:02:44	1305.9
2025-11-20 17:07:07	1563122	0:02:48	1268.9
2025-11-20 17:07:08	1564248	0:02:47	1266.3
2025-11-20 17:07:09	1565540	0:02:50	1239.8
2025-11-20 17:07:10	1566729	0:02:50	1234.9
2025-11-20 17:07:11	1567951	0:02:51	1215.9
2025-11-20 17:07:12	1568908	0:02:54	1191.8
2025-11-20 17:07:13	1570392	0:02:54	1181.7
2025-11-20 17:07:14	1572028	0:02:52	1188.2
2025-11-20 17:07:15	1573371	0:02:53	1169.9
2025-11-20 17:07:16	1574593	0:02:57	1142.4
2025-11-20 17:07:17	1576089	0:02:57	1131.7
2025-11-20 17:07:18	1577412	0:02:59	1110.9
2025-11-20 17:07:19	1578179	0:03:03	1080.6
2025-11-20 17:07:20	1579898	0:03:03	1075.5
2025-11-20 17:07:21	1581414	0:02:59	1090.1
2025-11-20 17:07:22	1582929	0:02:51	1133.4
2025-11-20 17:07:23	1583511	0:02:50	1137.5
2025-11-20 17:07:24	1584177	0:02:49	1136.9
2025-11-20 17:07:25	1585136	0:02:49	1130.9
2025-11-20 17:07:26	1586298	0:02:47	1139.9
2025-11-20 17:07:27	1587668	0:02:43	1154.8
2025-11-20 17:07:28	1588486	0:02:43	1152.6
2025-11-20 17:07:29	1589486	0:02:42	1151.7
2025-11-20 17:07:30	1591003	0:02:36	1184.2
2025-11-20 17:07:31	1592040	0:02:33	1201.6
2025-11-20 17:07:32	1593710	0:02:31	1209.1
2025-11-20 17:07:33	1595722	0:02:26	1240.8
2025-11-20 17:07:34	1597195	0:02:25	1237.1
2025-11-20 17:07:35	1599244	0:02:20	1265.8
2025-11-20 17:07:36	1600635	0:02:17	1285.6
2025-11-20 17:07:37	1602473	0:02:13	1309.9
2025-11-20 17:07:38	1604069	0:02:10	1320.3
2025-11-20 17:07:39	1605424	0:02:09	1326.0
2025-11-20 17:07:40	1607413	0:02:05	1353.8
2025-11-20 17:07:42	1608771	0:02:02	1367.2
2025-11-20 17:07:43	1610468	0:02:01	1374.3
2025-11-20 17:07:44	1611607	0:02:01	1356.7
2025-11-20 17:07:45	1613569	0:01:58	1377.1
2025-11-20 17:07:46	1615376	0:01:55	1396.6
2025-11-20 17:07:47	1616924	0:01:54	1398.4
2025-11-20 17:07:48	1618686	0:01:52	1412.3
2025-11-20 17:07:49	1619927	0:01:49	1428.4
2025-11-20 17:07:50	1621813	0:01:48	1431.9
2025-11-20 17:07:51	1623090	0:01:48	1423.6
2025-11-20 17:07:52	1624562	0:01:47	1422.6
2025-11-20 17:07:53	1625985	0:01:43	1451.3
2025-11-20 17:07:54	1627905	0:01:39	1494.1
2025-11-20 17:07:55	1629216	0:01:38	1506.2
2025-11-20 17:07:56	1630989	0:01:35	1521.1
2025-11-20 17:07:57	1632815	0:01:33	1536.8
2025-11-20 17:07:58	1634113	0:01:31	1553.0
2025-11-20 17:07:59	1635801	0:01:29	1577.3
2025-11-20 17:08:00	1636286	0:01:31	1540.5
2025-11-20 17:08:01	1636408	0:01:33	1507.5
2025-11-20 17:08:02	1636693	0:01:36	1460.3
2025-11-20 17:08:03	1636919	0:01:39	1400.0
2025-11-20 17:08:04	1637256	0:01:42	1360.5
2025-11-20 17:08:05	1637667	0:01:46	1305.6
2025-11-20 17:08:06	1638100	0:01:49	1273.2
2025-11-20 17:08:07	1638513	0:01:53	1224.3
2025-11-20 17:08:08	1639774	0:01:53	1212.5
2025-11-20 17:08:09	1641102	0:01:52	1211.6
2025-11-20 17:08:10	1642310	0:01:53	1184.8
2025-11-20 17:08:11	1643731	0:01:52	1187.5
2025-11-20 17:08:12	1645182	0:01:51	1179.1
2025-11-20 17:08:13	1646962	0:01:48	1201.3
2025-11-20 17:08:14	1648461	0:01:48	1185.7
2025-11-20 17:08:15	1650397	0:01:46	1190.3
2025-11-20 17:08:16	1651930	0:01:45	1189.7
2025-11-20 17:08:17	1653403	0:01:44	1181.0
2025-11-20 17:08:18	1654788	0:01:42	1186.0
2025-11-20 17:08:19	1656899	0:01:40	1195.7
2025-11-20 17:08:20	1658679	0:01:37	1212.9
2025-11-20 17:08:21	1660597	0:01:34	1228.4
2025-11-20 17:08:22	1662033	0:01:33	1228.9
2025-11-20 17:08:23	1663831	0:01:32	1224.8
2025-11-20 17:08:24	1665725	0:01:29	1244.3
2025-11-20 17:08:25	1667756	0:01:27	1253.0
2025-11-20 17:08:26	1669091	0:01:26	1249.9
2025-11-20 17:08:27	1670899	0:01:23	1262.9
2025-11-20 17:08:28	1672775	0:01:21	1272.1
2025-11-20 17:08:29	1674564	0:01:18	1304.9
2025-11-20 17:08:30	1676292	0:01:13	1360.5
2025-11-20 17:08:31	1677882	0:01:10	1406.1
2025-11-20 17:08:32	1679619	0:01:06	1460.2
2025-11-20 17:08:33	1681376	0:01:03	1509.3
2025-11-20 17:08:34	1682969	0:01:00	1550.7
2025-11-20 17:08:35	1684191	0:00:58	1579.6
2025-11-20 17:08:36	1684987	0:00:57	1590.4
2025-11-20 17:08:37	1685865	0:00:57	1577.7
2025-11-20 17:08:38	1687350	0:00:56	1582.8
2025-11-20 17:08:39	1688956	0:00:55	1596.2
2025-11-20 17:08:40	1690436	0:00:53	1606.4
2025-11-20 17:08:41	1691925	0:00:52	1606.2
2025-11-20 17:08:42	1693425	0:00:52	1595.8
2025-11-20 17:08:43	1695148	0:00:50	1603.4
2025-11-20 17:08:44	1696793	0:00:50	1593.5
2025-11-20 17:08:45	1698643	0:00:48	1605.2
2025-11-20 17:08:46	1700008	0:00:48	1601.0
2025-11-20 17:08:47	1701345	0:00:47	1599.4
2025-11-20 17:08:48	1702660	0:00:47	1571.9
2025-11-20 17:08:49	1703708	0:00:47	1546.9
2025-11-20 17:08:50	1705042	0:00:47	1526.0
2025-11-20 17:08:51	1706515	0:00:46	1527.5
2025-11-20 17:08:52	1708047	0:00:45	1518.5
2025-11-20 17:08:53	1709356	0:00:45	1498.9
2025-11-20 17:08:54	1711194	0:00:44	1492.2
2025-11-20 17:08:55	1713048	0:00:42	1510.2
2025-11-20 17:08:56	1714636	0:00:41	1502.9
2025-11-20 17:08:57	1715834	0:00:41	1479.3
2025-11-20 17:08:58	1717445	0:00:40	1471.5
2025-11-20 17:08:59	1718947	0:00:39	1463.7
2025-11-20 17:09:00	1720607	0:00:38	1468.1
2025-11-20 17:09:01	1722384	0:00:37	1468.0
2025-11-20 17:09:02	1723957	0:00:36	1461.7
2025-11-20 17:09:03	1725602	0:00:35	1462.3
2025-11-20 17:09:04	1727325	0:00:33	1477.6
2025-11-20 17:09:05	1729204	0:00:31	1514.7
2025-11-20 17:09:06	1730854	0:00:29	1541.2
2025-11-20 17:09:07	1732378	0:00:28	1542.4
2025-11-20 17:09:08	1734110	0:00:27	1546.8
2025-11-20 17:09:09	1735568	0:00:26	1543.5
2025-11-20 17:09:10	1737254	0:00:25	1549.9
2025-11-20 17:09:11	1738493	0:00:24	1541.0
2025-11-20 17:09:12	1740228	0:00:23	1541.5
2025-11-20 17:09:13	1741820	0:00:22	1540.3
2025-11-20 17:09:14	1743412	0:00:21	1531.5
2025-11-20 17:09:15	1744175	0:00:21	1511.0
2025-11-20 17:09:16	1745327	0:00:20	1503.6
2025-11-20 17:09:17	1746668	0:00:20	1504.4
2025-11-20 17:09:18	1748169	0:00:18	1520.3
2025-11-20 17:09:19	1749026	0:00:18	1503.6
2025-11-20 17:09:20	1750471	0:00:17	1500.9
2025-11-20 17:09:21	1751549	0:00:17	1485.0
2025-11-20 17:09:22	1753054	0:00:15	1493.8
2025-11-20 17:09:23	1754508	0:00:15	1477.5
2025-11-20 17:09:24	1756154	0:00:14	1470.1
2025-11-20 17:09:25	1757851	0:00:12	1472.4
2025-11-20 17:09:26	1759440	0:00:11	1486.0
2025-11-20 17:09:27	1761090	0:00:10	1488.5
2025-11-20 17:09:28	1762473	0:00:09	1485.0
2025-11-20 17:09:29	1764120	0:00:08	1485.4
2025-11-20 17:09:30	1765470	0:00:07	1470.8
2025-11-20 17:09:31	1767180	0:00:06	1475.5
2025-11-20 17:09:32	1768754	0:00:05	1473.3
2025-11-20 17:09:33	1770314	0:00:04	1469.2
2025-11-20 17:09:34	1771833	0:00:03	1457.0
2025-11-20 17:09:36	1773682	0:00:02	1464.0
2025-11-20 17:09:37	1775257	0:00:01	1465.7
