2025-11-20 06:29:11	2	98:28:08	5.0
2025-11-20 06:29:12	569	1:20:01	370.0
2025-11-20 06:29:13	1943	0:38:41	764.7
2025-11-20 06:29:14	2501	0:41:55	705.3
2025-11-20 06:29:15	3783	0:35:31	832.0
2025-11-20 06:29:16	4866	0:33:44	875.3
2025-11-20 06:29:17	6212	0:31:26	938.7
2025-11-20 06:29:18	7560	0:29:43	991.9
2025-11-20 06:29:19	8850	0:28:43	1026.0
2025-11-20 06:29:20	9758	0:29:03	1013.6
2025-11-20 06:29:21	10843	0:29:10	1009.0
2025-11-20 06:29:22	12509	0:27:37	1064.6
2025-11-20 06:29:23	13744	0:27:15	1077.9
2025-11-20 06:29:24	14679	0:27:45	1058.2
2025-11-20 06:29:25	16045	0:27:12	1078.7
2025-11-20 06:29:26	17407	0:26:46	1095.1
2025-11-20 06:29:27	19188	0:25:47	1135.6
2025-11-20 06:29:28	20384	0:25:42	1138.9
2025-11-20 06:29:29	21938	0:25:12	1160.6
2025-11-20 06:29:30	23507	0:24:44	1181.0
2025-11-20 06:29:31	24661	0:24:45	1179.7
2025-11-20 06:29:32	25853	0:24:43	1180.2
2025-11-20 06:29:33	27172	0:24:35	1186.2
2025-11-20 06:29:34	28783	0:24:12	1203.9
2025-11-20 06:29:35	30517	0:23:45	1225.1
2025-11-20 06:29:36	32291	0:23:19	1246.3
2025-11-20 06:29:37	33619	0:23:15	1249.3
2025-11-20 06:29:38	34990	0:23:09	1253.6
2025-11-20 06:29:39	36544	0:22:57	1263.7
2025-11-20 06:29:40	37922	0:22:52	1267.4
2025-11-20 06:29:41	39929	0:21:44	1331.9
2025-11-20 06:29:42	41830	0:21:21	1353.5
2025-11-20 06:29:43	43221	0:20:57	1378.8
2025-11-20 06:29:44	44996	0:20:43	1392.7
2025-11-20 06:29:45	46654	0:20:18	1419.7
2025-11-20 06:29:46	48392	0:20:11	1426.4
2025-11-20 06:29:47	49845	0:20:02	1436.3
2025-11-20 06:29:48	51448	0:19:49	1450.2
2025-11-20 06:29:49	53144	0:19:30	1472.1
2025-11-20 06:29:50	54880	0:19:08	1498.8
2025-11-20 06:29:51	56371	0:19:04	1502.9
2025-11-20 06:29:52	58165	0:18:45	1526.6
2025-11-20 06:29:53	59554	0:18:47	1523.1
2025-11-20 06:29:54	61435	0:18:23	1554.3
2025-11-20 06:29:55	62981	0:18:15	1564.5
2025-11-20 06:29:56	64646	0:18:10	1570.1
2025-11-20 06:29:57	66563	0:17:58	1585.6
2025-11-20 06:29:58	68322	0:17:54	1590.5
2025-11-20 06:29:59	70089	0:17:47	1599.4
2025-11-20 06:30:00	71460	0:17:46	1598.4
2025-11-20 06:30:01	71814	0:18:02	1574.8
2025-11-20 06:30:03	73199	0:18:06	1568.3
2025-11-20 06:30:04	74753	0:17:59	1576.5
2025-11-20 06:30:05	75811	0:18:14	1553.8
2025-11-20 06:30:06	77469	0:18:12	1554.9
2025-11-20 06:30:07	78836	0:18:14	1551.5
2025-11-20 06:30:08	80387	0:18:07	1559.6
2025-11-20 06:30:09	81712	0:18:09	1555.5
2025-11-20 06:30:10	82970	0:18:21	1537.1
2025-11-20 06:30:11	84525	0:18:18	1540.4
2025-11-20 06:30:12	86394	0:18:23	1532.5
2025-11-20 06:30:13	88086	0:18:24	1528.6
2025-11-20 06:30:14	89869	0:18:11	1545.0
2025-11-20 06:30:15	91754	0:18:09	1546.2
2025-11-20 06:30:16	93246	0:18:12	1541.0
2025-11-20 06:30:17	94989	0:18:02	1553.2
2025-11-20 06:30:18	96046	0:18:19	1529.2
2025-11-20 06:30:19	97420	0:18:25	1519.9
2025-11-20 06:30:20	99099	0:18:27	1515.5
2025-11-20 06:30:21	100493	0:18:31	1508.7
2025-11-20 06:30:22	102359	0:18:22	1518.5
2025-11-20 06:30:23	104108	0:18:22	1517.6
2025-11-20 06:30:24	105795	0:18:14	1526.2
2025-11-20 06:30:25	107590	0:18:09	1531.8
2025-11-20 06:30:26	109459	0:18:08	1532.5
2025-11-20 06:30:27	110722	0:18:21	1513.2
2025-11-20 06:30:28	112282	0:18:18	1515.3
2025-11-20 06:30:29	114041	0:18:23	1507.5
2025-11-20 06:30:30	115647	0:18:23	1505.7
2025-11-20 06:30:31	117229	0:17:52	1547.0
2025-11-20 06:30:32	118268	0:17:51	1548.0
2025-11-20 06:30:33	120024	0:17:36	1568.4
2025-11-20 06:30:34	121191	0:17:44	1554.9
2025-11-20 06:30:35	122940	0:17:33	1569.7
2025-11-20 06:30:36	124446	0:17:35	1565.4
2025-11-20 06:30:37	126119	0:17:27	1575.3
2025-11-20 06:30:38	127803	0:17:23	1580.2
2025-11-20 06:30:39	129606	0:17:09	1600.3
2025-11-20 06:30:40	131132	0:17:09	1598.3
2025-11-20 06:30:41	132698	0:17:11	1594.1
2025-11-20 06:30:42	133634	0:17:30	1565.0
2025-11-20 06:30:43	134194	0:17:59	1522.2
2025-11-20 06:30:44	135301	0:18:13	1501.2
2025-11-20 06:30:45	136875	0:18:15	1496.8
2025-11-20 06:30:46	138808	0:18:06	1507.8
2025-11-20 06:30:47	140335	0:18:00	1515.0
2025-11-20 06:30:48	142131	0:17:50	1526.9
2025-11-20 06:30:49	143975	0:17:35	1547.1
2025-11-20 06:30:50	145577	0:17:38	1541.1
2025-11-20 06:30:51	147457	0:17:38	1539.8
2025-11-20 06:30:52	149008	0:17:36	1541.4
2025-11-20 06:30:53	150569	0:17:39	1534.5
2025-11-20 06:30:54	152352	0:17:37	1536.3
2025-11-20 06:30:55	153782	0:17:38	1534.1
2025-11-20 06:30:56	155373	0:17:41	1528.0
2025-11-20 06:30:57	157279	0:17:30	1541.4
2025-11-20 06:30:58	158663	0:17:36	1531.4
2025-11-20 06:30:59	160611	0:17:27	1543.3
2025-11-20 06:31:00	162318	0:17:25	1544.7
2025-11-20 06:31:01	163904	0:17:13	1560.1
2025-11-20 06:31:02	165359	0:17:14	1557.3
2025-11-20 06:31:03	166920	0:17:08	1565.9
2025-11-20 06:31:04	168490	0:17:14	1554.2
2025-11-20 06:31:05	169323	0:17:26	1536.4
2025-11-20 06:31:06	170816	0:17:32	1525.3
2025-11-20 06:31:07	172401	0:17:31	1525.6
2025-11-20 06:31:08	173636	0:17:43	1508.0
2025-11-20 06:31:09	175141	0:17:43	1506.4
2025-11-20 06:31:10	176766	0:17:40	1508.5
2025-11-20 06:31:11	178217	0:17:29	1522.8
2025-11-20 06:31:12	179568	0:17:12	1547.7
2025-11-20 06:31:13	180641	0:17:13	1544.7
2025-11-20 06:31:14	181421	0:17:24	1526.8
2025-11-20 06:31:15	181692	0:17:59	1477.2
2025-11-20 06:31:16	182070	0:18:40	1423.3
2025-11-20 06:31:17	182693	0:19:03	1394.1
2025-11-20 06:31:18	183109	0:19:48	1341.0
2025-11-20 06:31:19	184388	0:20:03	1323.3
2025-11-20 06:31:20	185976	0:20:11	1313.0
2025-11-20 06:31:21	187059	0:20:18	1304.8
2025-11-20 06:31:22	188234	0:20:36	1284.4
2025-11-20 06:31:23	189842	0:20:30	1290.2
2025-11-20 06:31:24	191113	0:20:45	1273.2
2025-11-20 06:31:25	192670	0:20:41	1275.7
2025-11-20 06:31:26	194386	0:20:33	1282.6
2025-11-20 06:31:27	195665	0:20:53	1261.1
2025-11-20 06:31:28	197604	0:20:38	1275.3
2025-11-20 06:31:29	199017	0:20:52	1259.3
2025-11-20 06:31:30	200317	0:21:03	1247.7
2025-11-20 06:31:31	201657	0:21:11	1238.9
2025-11-20 06:31:32	202968	0:21:14	1234.5
2025-11-20 06:31:33	204776	0:21:11	1236.2
2025-11-20 06:31:34	205877	0:20:54	1252.1
2025-11-20 06:31:35	207944	0:20:35	1269.9
2025-11-20 06:31:36	209852	0:20:25	1278.2
2025-11-20 06:31:37	211669	0:20:02	1302.1
2025-11-20 06:31:38	213381	0:19:53	1309.5
2025-11-20 06:31:39	215399	0:19:43	1319.6
2025-11-20 06:31:40	217204	0:19:30	1332.2
2025-11-20 06:31:41	218881	0:19:23	1339.2
2025-11-20 06:31:42	220265	0:19:15	1347.0
2025-11-20 06:31:43	221754	0:18:55	1369.5
2025-11-20 06:31:44	223313	0:18:23	1408.3
2025-11-20 06:31:45	224632	0:17:58	1439.8
2025-11-20 06:31:46	226061	0:17:32	1474.0
2025-11-20 06:31:47	227471	0:17:12	1500.8
2025-11-20 06:31:48	229092	0:16:56	1522.2
2025-11-20 06:31:49	230471	0:17:01	1513.9
2025-11-20 06:31:51	231916	0:16:57	1518.5
2025-11-20 06:31:52	233748	0:16:38	1546.0
2025-11-20 06:31:53	235248	0:16:31	1555.0
2025-11-20 06:31:54	236585	0:16:39	1540.6
2025-11-20 06:31:55	238146	0:16:41	1536.0
2025-11-20 06:31:56	239633	0:16:35	1543.8
2025-11-20 06:31:57	239835	0:17:14	1485.9
2025-11-20 06:31:58	239967	0:17:42	1445.9
2025-11-20 06:31:59	240156	0:18:24	1391.8
2025-11-20 06:32:00	240390	0:18:54	1353.8
2025-11-20 06:32:01	240653	0:19:29	1314.1
2025-11-20 06:32:02	241234	0:19:39	1301.9
2025-11-20 06:32:03	242065	0:20:11	1266.5
2025-11-20 06:32:04	243723	0:20:03	1273.7
2025-11-20 06:32:05	244959	0:20:26	1249.5
2025-11-20 06:32:06	246250	0:20:28	1245.8
2025-11-20 06:32:07	247832	0:20:38	1234.5
2025-11-20 06:32:08	249143	0:20:55	1216.4
2025-11-20 06:32:09	250894	0:21:05	1205.9
2025-11-20 06:32:10	252356	0:21:17	1193.1
2025-11-20 06:32:11	254142	0:21:13	1196.0
2025-11-20 06:32:12	255387	0:21:23	1185.8
2025-11-20 06:32:13	257103	0:21:14	1192.4
2025-11-20 06:32:14	259126	0:20:52	1211.5
2025-11-20 06:32:15	260273	0:20:58	1204.8
2025-11-20 06:32:16	261178	0:21:16	1187.8
2025-11-20 06:32:17	262701	0:21:06	1195.4
2025-11-20 06:32:18	264181	0:21:09	1191.1
2025-11-20 06:32:19	265763	0:20:53	1205.8
2025-11-20 06:32:20	267334	0:20:56	1201.3
2025-11-20 06:32:21	267939	0:21:31	1168.5
2025-11-20 06:32:22	268131	0:22:22	1123.8
2025-11-20 06:32:23	268262	0:23:05	1089.0
2025-11-20 06:32:24	268444	0:24:19	1033.7
2025-11-20 06:32:25	268683	0:25:07	1000.7
2025-11-20 06:32:26	268948	0:25:46	975.3
2025-11-20 06:32:27	269608	0:25:16	993.9
2025-11-20 06:32:28	271356	0:23:58	1046.5
2025-11-20 06:32:29	272393	0:23:21	1073.6
2025-11-20 06:32:30	274264	0:22:10	1129.5
2025-11-20 06:32:31	276134	0:21:09	1182.0
2025-11-20 06:32:32	277659	0:20:39	1210.0
2025-11-20 06:32:33	279112	0:20:33	1214.5
2025-11-20 06:32:34	280748	0:20:27	1218.4
2025-11-20 06:32:35	282314	0:20:12	1232.6
2025-11-20 06:32:36	283992	0:20:04	1239.1
2025-11-20 06:32:37	285128	0:20:21	1221.5
2025-11-20 06:32:38	286676	0:20:16	1225.3
2025-11-20 06:32:39	288094	0:20:23	1217.0
2025-11-20 06:32:40	289756	0:20:12	1226.7
2025-11-20 06:32:41	291565	0:20:07	1229.9
2025-11-20 06:32:42	293222	0:20:07	1229.1
2025-11-20 06:32:43	294684	0:20:10	1224.0
2025-11-20 06:32:44	295553	0:20:36	1198.1
2025-11-20 06:32:45	296251	0:20:46	1187.4
2025-11-20 06:32:46	297062	0:20:48	1185.5
2025-11-20 06:32:47	298456	0:21:00	1173.0
2025-11-20 06:32:48	299754	0:21:07	1165.8
2025-11-20 06:32:49	300966	0:21:22	1151.1
2025-11-20 06:32:50	302547	0:20:58	1171.8
2025-11-20 06:32:51	304272	0:20:05	1222.1
2025-11-20 06:32:52	305891	0:19:14	1273.8
2025-11-20 06:32:53	307079	0:18:37	1314.7
2025-11-20 06:32:54	308657	0:18:00	1358.7
2025-11-20 06:32:55	310275	0:17:23	1405.9
2025-11-20 06:32:56	311983	0:16:52	1447.3
2025-11-20 06:32:57	313721	0:16:51	1446.9
2025-11-20 06:32:58	315391	0:16:32	1471.9
2025-11-20 06:32:59	316649	0:16:37	1464.3
2025-11-20 06:33:00	317999	0:16:49	1444.8
2025-11-20 06:33:01	319500	0:16:56	1434.4
2025-11-20 06:33:02	321168	0:16:50	1440.3
2025-11-20 06:33:03	322810	0:16:49	1439.9
2025-11-20 06:33:04	324583	0:16:39	1452.8
2025-11-20 06:33:05	326047	0:16:47	1439.5
2025-11-20 06:33:06	327687	0:16:35	1455.5
2025-11-20 06:33:07	328943	0:16:39	1448.5
2025-11-20 06:33:08	330373	0:16:43	1441.6
2025-11-20 06:33:09	331841	0:16:38	1446.7
2025-11-20 06:33:10	333351	0:16:45	1436.2
2025-11-20 06:33:11	335095	0:16:47	1431.2
2025-11-20 06:33:12	336864	0:16:37	1442.9
2025-11-20 06:33:13	338144	0:16:30	1453.1
2025-11-20 06:33:14	338447	0:16:40	1438.1
2025-11-20 06:33:15	338569	0:16:57	1413.0
2025-11-20 06:33:16	338710	0:17:22	1379.5
2025-11-20 06:33:17	338825	0:17:59	1332.4
2025-11-20 06:33:18	339023	0:18:28	1297.4
2025-11-20 06:33:19	339221	0:19:05	1255.5
2025-11-20 06:33:20	339548	0:19:43	1214.0
2025-11-20 06:33:21	339954	0:20:24	1173.2
2025-11-20 06:33:22	340668	0:20:50	1148.4
2025-11-20 06:33:23	342084	0:20:58	1140.5
2025-11-20 06:33:25	343123	0:21:15	1123.9
2025-11-20 06:33:26	344132	0:21:35	1106.3
2025-11-20 06:33:27	344428	0:22:39	1053.8
2025-11-20 06:33:28	345611	0:23:08	1030.9
2025-11-20 06:33:29	347083	0:22:59	1036.1
2025-11-20 06:33:30	348572	0:22:50	1042.0
2025-11-20 06:33:31	350129	0:22:50	1041.3
2025-11-20 06:33:32	350284	0:23:48	999.0
2025-11-20 06:33:33	350353	0:25:16	940.4
2025-11-20 06:33:34	350461	0:26:45	888.7
2025-11-20 06:33:35	350567	0:28:11	843.4
2025-11-20 06:33:36	350842	0:30:00	792.2
2025-11-20 06:33:37	351917	0:30:25	780.6
2025-11-20 06:33:38	353363	0:30:17	783.1
2025-11-20 06:33:39	355161	0:30:03	788.5
2025-11-20 06:33:40	357258	0:29:03	814.1
2025-11-20 06:33:41	358748	0:29:21	805.2
2025-11-20 06:33:42	360686	0:29:02	812.9
2025-11-20 06:33:43	362585	0:28:29	827.4
2025-11-20 06:33:44	364381	0:26:52	875.9
2025-11-20 06:33:45	365984	0:25:20	927.6
2025-11-20 06:33:46	367377	0:24:11	971.0
2025-11-20 06:33:47	367908	0:23:50	984.7
2025-11-20 06:33:48	368121	0:23:49	985.2
2025-11-20 06:33:49	368388	0:23:47	986.8
2025-11-20 06:33:50	369131	0:23:24	1002.6
2025-11-20 06:33:51	370487	0:22:38	1035.0
2025-11-20 06:33:52	371806	0:22:07	1058.5
2025-11-20 06:33:53	373214	0:22:06	1058.1
2025-11-20 06:33:54	374615	0:21:50	1070.1
2025-11-20 06:33:55	376180	0:21:24	1090.4
2025-11-20 06:33:56	377757	0:20:35	1132.7
2025-11-20 06:33:57	379432	0:20:10	1154.7
2025-11-20 06:33:58	380848	0:20:12	1151.6
2025-11-20 06:33:59	382544	0:19:55	1166.3
2025-11-20 06:34:00	384097	0:20:04	1155.9
2025-11-20 06:34:01	385834	0:19:06	1213.7
2025-11-20 06:34:02	387682	0:18:09	1275.5
2025-11-20 06:34:03	389010	0:17:31	1319.7
2025-11-20 06:34:04	390312	0:16:58	1360.9
2025-11-20 06:34:05	391537	0:16:34	1393.5
2025-11-20 06:34:06	393217	0:16:19	1412.1
2025-11-20 06:34:07	394479	0:16:21	1408.5
2025-11-20 06:34:08	396181	0:16:22	1405.8
2025-11-20 06:34:09	397818	0:16:31	1390.3
2025-11-20 06:34:10	399386	0:16:29	1392.5
2025-11-20 06:34:11	400156	0:16:57	1352.4
2025-11-20 06:34:12	401574	0:17:09	1335.7
2025-11-20 06:34:13	403087	0:17:15	1326.4
2025-11-20 06:34:14	404532	0:17:18	1321.0
2025-11-20 06:34:15	406018	0:17:14	1324.5
2025-11-20 06:34:16	407704	0:16:43	1364.6
2025-11-20 06:34:17	409105	0:16:12	1407.1
2025-11-20 06:34:18	410796	0:15:38	1455.8
2025-11-20 06:34:19	411935	0:15:28	1469.5
2025-11-20 06:34:20	413772	0:15:17	1485.3
2025-11-20 06:34:21	415707	0:15:03	1506.5
2025-11-20 06:34:22	417179	0:15:01	1508.5
2025-11-20 06:34:23	418326	0:15:05	1499.7
2025-11-20 06:34:24	418798	0:15:28	1462.8
2025-11-20 06:34:25	419393	0:15:50	1428.6
2025-11-20 06:34:26	419821	0:16:19	1385.7
2025-11-20 06:34:27	420604	0:16:36	1361.1
2025-11-20 06:34:28	421607	0:16:53	1337.4
2025-11-20 06:34:29	422225	0:17:17	1305.7
2025-11-20 06:34:30	422547	0:17:57	1256.5
2025-11-20 06:34:31	422763	0:18:47	1200.6
2025-11-20 06:34:32	423197	0:19:17	1169.3
2025-11-20 06:34:33	423425	0:19:55	1131.9
2025-11-20 06:34:34	423589	0:20:36	1094.4
2025-11-20 06:34:35	423722	0:21:39	1041.3
2025-11-20 06:34:36	423884	0:22:26	1004.8
2025-11-20 06:34:37	424083	0:23:30	958.9
2025-11-20 06:34:38	424315	0:24:40	913.3
2025-11-20 06:34:39	425392	0:25:23	887.3
2025-11-20 06:34:40	426945	0:24:34	915.6
2025-11-20 06:34:41	428237	0:24:36	913.6
2025-11-20 06:34:42	430154	0:24:02	933.8
2025-11-20 06:34:43	431344	0:24:32	914.0
2025-11-20 06:34:44	433437	0:23:52	937.9
2025-11-20 06:34:45	435073	0:23:59	932.3
2025-11-20 06:34:46	437167	0:23:15	960.0
2025-11-20 06:34:47	438657	0:23:29	949.5
2025-11-20 06:34:48	440041	0:23:12	959.9
2025-11-20 06:34:49	441808	0:23:17	955.6
2025-11-20 06:34:50	443819	0:23:07	960.6
2025-11-20 06:34:51	445505	0:22:57	966.7
2025-11-20 06:34:52	446549	0:23:01	962.9
2025-11-20 06:34:53	447611	0:22:33	982.4
2025-11-20 06:34:54	448696	0:22:08	999.5
2025-11-20 06:34:55	449569	0:21:48	1014.8
2025-11-20 06:34:56	451148	0:21:09	1044.1
2025-11-20 06:34:57	452264	0:21:04	1047.9
2025-11-20 06:34:58	453692	0:20:30	1075.6
2025-11-20 06:34:59	454385	0:20:18	1085.7
2025-11-20 06:35:00	455537	0:19:42	1117.6
2025-11-20 06:35:02	456759	0:19:17	1140.9
2025-11-20 06:35:03	458557	0:18:22	1195.5
2025-11-20 06:35:04	460352	0:17:31	1252.5
2025-11-20 06:35:05	461905	0:16:50	1301.2
2025-11-20 06:35:06	463790	0:16:05	1360.2
2025-11-20 06:35:07	465444	0:15:30	1409.9
2025-11-20 06:35:08	467444	0:14:50	1470.5
2025-11-20 06:35:09	469120	0:14:37	1490.8
2025-11-20 06:35:10	470954	0:14:30	1500.6
2025-11-20 06:35:11	472585	0:14:20	1515.2
2025-11-20 06:35:12	473965	0:14:30	1496.8
2025-11-20 06:35:13	475414	0:14:25	1503.2
2025-11-20 06:35:14	476513	0:14:44	1469.8
2025-11-20 06:35:15	478071	0:14:45	1466.8
2025-11-20 06:35:16	479299	0:15:03	1436.7
2025-11-20 06:35:17	480984	0:14:57	1443.3
2025-11-20 06:35:18	482345	0:14:57	1442.1
2025-11-20 06:35:19	483751	0:15:03	1431.2
2025-11-20 06:35:20	485375	0:15:11	1417.1
2025-11-20 06:35:21	486885	0:15:14	1410.4
2025-11-20 06:35:22	488725	0:14:55	1438.8
2025-11-20 06:35:23	490550	0:14:37	1465.7
2025-11-20 06:35:24	491721	0:14:35	1468.7
2025-11-20 06:35:25	493014	0:14:25	1482.9
2025-11-20 06:35:26	494164	0:14:33	1468.4
2025-11-20 06:35:27	495649	0:14:25	1480.6
2025-11-20 06:35:28	496949	0:14:27	1475.0
2025-11-20 06:35:29	498775	0:14:02	1517.6
2025-11-20 06:35:30	500467	0:13:50	1536.1
2025-11-20 06:35:31	502320	0:13:35	1563.4
2025-11-20 06:35:32	504306	0:13:30	1569.8
2025-11-20 06:35:33	505476	0:13:41	1548.3
2025-11-20 06:35:34	506644	0:13:47	1534.9
2025-11-20 06:35:35	508152	0:13:53	1521.9
2025-11-20 06:35:36	509047	0:14:07	1496.4
2025-11-20 06:35:37	509721	0:14:33	1450.5
2025-11-20 06:35:38	510072	0:15:01	1404.8
2025-11-20 06:35:39	510775	0:15:27	1365.7
2025-11-20 06:35:40	511368	0:15:51	1330.3
2025-11-20 06:35:41	512525	0:15:56	1322.5
2025-11-20 06:35:42	513980	0:15:53	1324.7
2025-11-20 06:35:43	515231	0:15:48	1330.0
2025-11-20 06:35:44	517125	0:15:39	1341.5
2025-11-20 06:35:45	519065	0:15:20	1365.9
2025-11-20 06:35:46	520772	0:15:19	1366.7
2025-11-20 06:35:47	522656	0:15:05	1385.1
2025-11-20 06:35:48	524581	0:14:52	1403.0
2025-11-20 06:35:49	526405	0:14:46	1409.9
2025-11-20 06:35:50	528015	0:14:43	1413.2
2025-11-20 06:35:51	529607	0:14:47	1404.9
2025-11-20 06:35:52	531060	0:14:54	1392.2
2025-11-20 06:35:53	532753	0:14:42	1409.7
2025-11-20 06:35:54	534060	0:14:41	1410.1
2025-11-20 06:35:55	535922	0:14:24	1435.5
2025-11-20 06:35:56	537633	0:14:19	1442.0
2025-11-20 06:35:57	538154	0:14:34	1416.0
2025-11-20 06:35:58	538549	0:15:05	1367.2
2025-11-20 06:35:59	539248	0:15:28	1333.2
2025-11-20 06:36:00	540896	0:15:31	1326.3
2025-11-20 06:36:01	542021	0:15:52	1296.6
2025-11-20 06:36:02	543443	0:15:45	1304.9
2025-11-20 06:36:03	544939	0:15:35	1316.4
2025-11-20 06:36:04	546342	0:15:37	1312.8
2025-11-20 06:36:05	548022	0:15:17	1339.7
2025-11-20 06:36:06	549688	0:14:53	1373.6
2025-11-20 06:36:07	551476	0:14:21	1422.9
2025-11-20 06:36:08	553233	0:13:58	1459.2
2025-11-20 06:36:09	555120	0:13:32	1504.5
2025-11-20 06:36:10	556750	0:13:21	1521.7
2025-11-20 06:36:11	558756	0:13:13	1535.1
2025-11-20 06:36:12	560268	0:13:07	1544.7
2025-11-20 06:36:13	561916	0:13:10	1536.2
2025-11-20 06:36:14	563480	0:13:16	1524.0
2025-11-20 06:36:15	565120	0:13:16	1521.9
2025-11-20 06:36:16	566869	0:13:17	1517.9
2025-11-20 06:36:17	568480	0:13:20	1509.2
2025-11-20 06:36:18	570389	0:13:20	1507.0
2025-11-20 06:36:19	571552	0:13:28	1491.6
2025-11-20 06:36:20	573387	0:13:22	1500.4
2025-11-20 06:36:21	574795	0:13:21	1499.8
2025-11-20 06:36:22	576534	0:13:24	1492.8
2025-11-20 06:36:23	578406	0:13:12	1512.0
2025-11-20 06:36:24	580252	0:13:11	1511.4
2025-11-20 06:36:25	581938	0:13:11	1510.6
2025-11-20 06:36:26	583770	0:12:47	1555.3
2025-11-20 06:36:27	585463	0:12:24	1599.6
2025-11-20 06:36:28	586919	0:12:12	1625.6
2025-11-20 06:36:29	588799	0:12:07	1633.9
2025-11-20 06:36:30	590262	0:12:01	1645.5
2025-11-20 06:36:31	592042	0:11:54	1657.1
2025-11-20 06:36:32	593727	0:11:51	1663.8
2025-11-20 06:36:33	595443	0:11:45	1673.7
2025-11-20 06:36:34	597191	0:11:44	1675.4
2025-11-20 06:36:35	599143	0:11:38	1686.5
2025-11-20 06:36:36	600468	0:11:44	1670.7
2025-11-20 06:36:37	601369	0:11:55	1642.3
2025-11-20 06:36:38	602868	0:12:01	1626.3
2025-11-20 06:36:39	604307	0:12:04	1618.5
2025-11-20 06:36:40	605689	0:12:13	1597.3
2025-11-20 06:36:41	607211	0:12:12	1597.2
2025-11-20 06:36:42	607699	0:12:26	1566.7
2025-11-20 06:36:43	608407	0:12:43	1529.6
2025-11-20 06:36:44	610114	0:12:41	1532.7
2025-11-20 06:36:45	611248	0:12:47	1518.3
2025-11-20 06:36:46	612968	0:12:49	1512.0
2025-11-20 06:36:47	614517	0:12:54	1500.9
2025-11-20 06:36:48	616440	0:12:38	1529.7
2025-11-20 06:36:49	618422	0:12:35	1533.6
2025-11-20 06:36:50	619621	0:12:38	1526.5
2025-11-20 06:36:51	621506	0:12:34	1530.5
2025-11-20 06:36:52	623399	0:12:21	1555.6
2025-11-20 06:36:53	625084	0:12:25	1545.7
2025-11-20 06:36:54	626870	0:12:27	1538.5
2025-11-20 06:36:55	628354	0:12:32	1525.6
2025-11-20 06:36:56	630068	0:12:31	1527.0
2025-11-20 06:36:57	631860	0:12:25	1535.5
2025-11-20 06:36:58	633386	0:12:30	1523.5
2025-11-20 06:36:59	635111	0:12:23	1536.1
2025-11-20 06:37:00	636588	0:12:28	1523.7
2025-11-20 06:37:01	638374	0:12:24	1528.9
2025-11-20 06:37:02	640126	0:12:24	1526.5
2025-11-20 06:37:03	641924	0:12:21	1531.2
2025-11-20 06:37:04	643475	0:12:27	1516.8
2025-11-20 06:37:05	645129	0:12:21	1526.0
2025-11-20 06:37:06	646797	0:12:08	1551.9
2025-11-20 06:37:07	648651	0:12:00	1566.4
2025-11-20 06:37:08	650161	0:11:58	1567.6
2025-11-20 06:37:09	651952	0:11:50	1584.2
2025-11-20 06:37:10	653762	0:11:45	1593.0
2025-11-20 06:37:11	655466	0:11:26	1632.9
2025-11-20 06:37:12	657148	0:11:11	1668.1
2025-11-20 06:37:13	658658	0:11:11	1664.3
2025-11-20 06:37:14	659455	0:11:18	1648.0
2025-11-20 06:37:15	661269	0:11:12	1658.2
2025-11-20 06:37:16	662847	0:11:13	1655.3
2025-11-20 06:37:17	664801	0:11:09	1662.0
2025-11-20 06:37:18	666292	0:11:15	1643.4
2025-11-20 06:37:19	667839	0:11:12	1648.9
2025-11-20 06:37:20	669643	0:11:10	1652.4
2025-11-20 06:37:21	671285	0:11:14	1639.4
2025-11-20 06:37:23	672839	0:11:15	1634.5
2025-11-20 06:37:24	674835	0:11:11	1641.6
2025-11-20 06:37:25	676650	0:11:05	1652.9
2025-11-20 06:37:26	678300	0:11:06	1648.6
2025-11-20 06:37:27	679981	0:11:05	1647.5
2025-11-20 06:37:28	681938	0:10:59	1660.9
2025-11-20 06:37:29	684002	0:10:52	1675.4
2025-11-20 06:37:30	685564	0:10:49	1679.7
2025-11-20 06:37:31	687439	0:10:48	1680.8
2025-11-20 06:37:32	689175	0:10:48	1677.2
2025-11-20 06:37:33	690538	0:10:53	1663.6
2025-11-20 06:37:34	691935	0:10:54	1657.6
2025-11-20 06:37:35	693355	0:10:55	1652.0
2025-11-20 06:37:36	694757	0:10:58	1642.9
2025-11-20 06:37:37	694926	0:11:23	1582.5
2025-11-20 06:37:38	695091	0:11:43	1538.5
2025-11-20 06:37:39	695445	0:12:08	1483.6
2025-11-20 06:37:40	695715	0:12:34	1432.9
2025-11-20 06:37:41	696634	0:12:49	1403.5
2025-11-20 06:37:42	698000	0:12:55	1390.8
2025-11-20 06:37:43	699367	0:13:00	1381.4
2025-11-20 06:37:44	701093	0:12:40	1413.7
2025-11-20 06:37:45	702591	0:12:44	1405.8
2025-11-20 06:37:46	703930	0:12:46	1399.1
2025-11-20 06:37:47	705205	0:12:59	1375.6
2025-11-20 06:37:48	706834	0:12:58	1374.7
2025-11-20 06:37:49	708495	0:12:53	1380.5
2025-11-20 06:37:50	709918	0:12:52	1382.1
2025-11-20 06:37:51	711367	0:12:53	1377.7
2025-11-20 06:37:52	711758	0:13:26	1320.7
2025-11-20 06:37:53	712429	0:13:48	1284.1
2025-11-20 06:37:54	713834	0:13:55	1273.1
2025-11-20 06:37:55	715381	0:13:59	1264.4
2025-11-20 06:37:56	716820	0:14:08	1250.0
2025-11-20 06:37:57	718548	0:14:10	1244.5
2025-11-20 06:37:58	719790	0:14:21	1227.3
2025-11-20 06:37:59	721741	0:14:16	1232.5
2025-11-20 06:38:00	722904	0:14:32	1208.3
2025-11-20 06:38:01	724007	0:14:52	1179.3
2025-11-20 06:38:02	725376	0:14:44	1189.3
2025-11-20 06:38:03	726977	0:14:37	1196.6
2025-11-20 06:38:04	728738	0:14:30	1204.1
2025-11-20 06:38:05	730505	0:14:20	1215.5
2025-11-20 06:38:06	732366	0:13:39	1274.1
2025-11-20 06:38:07	734477	0:12:57	1340.4
2025-11-20 06:38:08	735801	0:12:37	1373.8
2025-11-20 06:38:09	736274	0:12:32	1383.1
2025-11-20 06:38:10	737227	0:12:31	1384.2
2025-11-20 06:38:11	738559	0:12:29	1385.2
2025-11-20 06:38:12	740145	0:12:25	1390.1
2025-11-20 06:38:13	741571	0:12:30	1379.9
2025-11-20 06:38:14	743345	0:12:24	1389.0
2025-11-20 06:38:15	745263	0:12:12	1409.2
2025-11-20 06:38:16	746901	0:12:04	1420.8
2025-11-20 06:38:17	748560	0:12:03	1422.0
2025-11-20 06:38:18	750276	0:12:00	1424.8
2025-11-20 06:38:19	751800	0:11:58	1427.6
2025-11-20 06:38:20	753513	0:11:52	1436.2
2025-11-20 06:38:21	755290	0:11:28	1483.7
2025-11-20 06:38:22	756904	0:11:12	1515.9
2025-11-20 06:38:23	758843	0:11:02	1537.4
2025-11-20 06:38:24	760588	0:10:57	1544.8
2025-11-20 06:38:25	762544	0:10:49	1562.0
2025-11-20 06:38:26	764460	0:10:44	1570.2
2025-11-20 06:38:27	766028	0:10:39	1580.5
2025-11-20 06:38:28	767647	0:10:43	1569.3
2025-11-20 06:38:29	769210	0:10:36	1582.9
2025-11-20 06:38:30	771030	0:10:25	1607.3
2025-11-20 06:38:31	772399	0:10:25	1607.1
2025-11-20 06:38:32	773871	0:10:25	1602.6
2025-11-20 06:38:33	774082	0:10:47	1549.7
2025-11-20 06:38:34	774447	0:11:10	1494.7
2025-11-20 06:38:35	774710	0:11:35	1440.8
2025-11-20 06:38:36	774989	0:12:06	1378.4
2025-11-20 06:38:37	775256	0:12:25	1343.4
2025-11-20 06:38:38	775729	0:12:25	1343.2
2025-11-20 06:38:39	776124	0:12:35	1324.3
2025-11-20 06:38:40	776527	0:12:54	1291.9
2025-11-20 06:38:41	776940	0:13:16	1255.1
2025-11-20 06:38:42	777204	0:13:42	1215.4
2025-11-20 06:38:43	778182	0:14:00	1188.3
2025-11-20 06:38:44	779393	0:14:16	1164.0
2025-11-20 06:38:46	780867	0:14:22	1155.4
2025-11-20 06:38:47	782327	0:14:29	1144.4
2025-11-20 06:38:48	784303	0:14:20	1153.3
2025-11-20 06:38:49	785749	0:14:21	1150.6
2025-11-20 06:38:50	787532	0:14:18	1153.1
2025-11-20 06:38:51	789517	0:14:11	1160.2
2025-11-20 06:38:52	791450	0:14:01	1170.9
2025-11-20 06:38:53	793039	0:14:08	1159.1
2025-11-20 06:38:54	794690	0:14:09	1155.8
2025-11-20 06:38:55	796674	0:14:08	1155.3
2025-11-20 06:38:56	798174	0:14:17	1141.2
2025-11-20 06:38:57	799635	0:14:18	1138.0
2025-11-20 06:38:58	800837	0:14:28	1123.9
2025-11-20 06:38:59	802386	0:14:27	1123.5
2025-11-20 06:39:00	803517	0:14:44	1100.1
2025-11-20 06:39:01	804696	0:14:49	1093.4
2025-11-20 06:39:02	806208	0:14:46	1094.8
2025-11-20 06:39:03	806730	0:14:38	1104.3
2025-11-20 06:39:04	807034	0:14:35	1107.2
2025-11-20 06:39:05	807457	0:14:30	1113.2
2025-11-20 06:39:06	808578	0:14:08	1141.7
2025-11-20 06:39:07	810134	0:13:35	1186.0
2025-11-20 06:39:08	811444	0:13:14	1214.6
2025-11-20 06:39:09	813105	0:12:46	1257.5
2025-11-20 06:39:10	814909	0:12:16	1306.5
2025-11-20 06:39:11	816384	0:11:55	1342.7
2025-11-20 06:39:12	818012	0:11:32	1384.9
2025-11-20 06:39:13	819567	0:11:21	1404.6
2025-11-20 06:39:14	820585	0:11:23	1398.3
2025-11-20 06:39:15	822260	0:11:17	1409.3
2025-11-20 06:39:16	823128	0:11:24	1393.4
2025-11-20 06:39:17	823378	0:11:55	1333.1
2025-11-20 06:39:18	823750	0:12:14	1297.0
2025-11-20 06:39:19	824057	0:12:45	1245.3
2025-11-20 06:39:20	824680	0:13:14	1199.1
2025-11-20 06:39:21	826009	0:13:26	1178.7
2025-11-20 06:39:22	827449	0:13:29	1173.4
2025-11-20 06:39:23	828933	0:13:31	1168.2
2025-11-20 06:39:24	830520	0:13:38	1155.8
2025-11-20 06:39:25	830994	0:14:03	1120.9
2025-11-20 06:39:26	832694	0:13:56	1128.9
2025-11-20 06:39:27	834456	0:13:40	1148.0
2025-11-20 06:39:28	835885	0:13:42	1144.0
2025-11-20 06:39:29	836394	0:13:57	1122.7
2025-11-20 06:39:30	837035	0:14:10	1104.5
2025-11-20 06:39:31	838485	0:14:11	1102.5
2025-11-20 06:39:32	839764	0:13:50	1128.8
2025-11-20 06:39:33	840853	0:13:29	1155.7
2025-11-20 06:39:34	842800	0:12:53	1207.7
2025-11-20 06:39:35	844556	0:12:38	1229.2
2025-11-20 06:39:36	846367	0:12:31	1238.2
2025-11-20 06:39:37	847937	0:12:23	1249.4
2025-11-20 06:39:38	849180	0:12:32	1232.8
2025-11-20 06:39:39	849856	0:12:56	1193.6
2025-11-20 06:39:40	850187	0:13:22	1154.5
2025-11-20 06:39:41	850855	0:13:42	1125.3
2025-11-20 06:39:42	851478	0:14:06	1093.3
2025-11-20 06:39:43	852042	0:14:18	1077.8
2025-11-20 06:39:44	852846	0:14:42	1047.0
2025-11-20 06:39:45	854474	0:14:19	1073.7
2025-11-20 06:39:46	855458	0:13:57	1099.7
2025-11-20 06:39:47	855946	0:13:55	1102.9
2025-11-20 06:39:48	856236	0:13:55	1102.3
2025-11-20 06:39:49	857523	0:13:36	1126.0
2025-11-20 06:39:50	859094	0:13:28	1134.8
2025-11-20 06:39:51	861013	0:13:16	1150.6
2025-11-20 06:39:52	862384	0:13:17	1146.5
2025-11-20 06:39:53	864063	0:13:14	1149.4
2025-11-20 06:39:54	866055	0:12:38	1201.4
2025-11-20 06:39:55	867414	0:12:44	1189.1
2025-11-20 06:39:56	869007	0:12:43	1188.6
2025-11-20 06:39:57	870544	0:12:42	1188.9
2025-11-20 06:39:58	872005	0:12:22	1219.5
2025-11-20 06:39:59	873820	0:11:56	1261.1
2025-11-20 06:40:00	875655	0:11:47	1274.7
2025-11-20 06:40:01	877591	0:11:34	1295.1
2025-11-20 06:40:02	879469	0:11:17	1324.0
2025-11-20 06:40:03	881223	0:11:19	1317.4
2025-11-20 06:40:04	882906	0:11:19	1314.8
2025-11-20 06:40:05	884572	0:11:20	1310.5
2025-11-20 06:40:06	886120	0:11:20	1309.4
2025-11-20 06:40:07	887825	0:11:10	1325.4
2025-11-20 06:40:08	889350	0:10:54	1355.2
2025-11-20 06:40:09	890571	0:10:39	1385.2
2025-11-20 06:40:10	890836	0:10:46	1371.5
2025-11-20 06:40:11	891211	0:10:49	1362.7
2025-11-20 06:40:12	891435	0:10:55	1351.0
2025-11-20 06:40:13	891764	0:11:02	1336.1
2025-11-20 06:40:14	891984	0:11:28	1285.8
2025-11-20 06:40:15	892281	0:11:41	1261.6
2025-11-20 06:40:16	892423	0:11:47	1250.2
2025-11-20 06:40:17	892622	0:11:49	1247.0
2025-11-20 06:40:18	892898	0:12:08	1212.8
2025-11-20 06:40:19	893244	0:12:35	1170.4
2025-11-20 06:40:20	893560	0:13:11	1115.6
2025-11-20 06:40:21	893977	0:13:35	1082.5
2025-11-20 06:40:22	894728	0:14:00	1049.9
2025-11-20 06:40:23	895143	0:14:45	995.6
2025-11-20 06:40:24	896445	0:14:45	994.0
2025-11-20 06:40:25	897720	0:14:55	982.2
2025-11-20 06:40:26	899108	0:14:58	977.0
2025-11-20 06:40:27	900628	0:14:55	978.9
2025-11-20 06:40:28	901592	0:15:21	949.9
2025-11-20 06:40:29	903388	0:15:20	948.5
2025-11-20 06:40:31	905240	0:15:22	945.1
2025-11-20 06:40:32	906765	0:15:32	933.0
2025-11-20 06:40:33	908759	0:15:22	941.3
2025-11-20 06:40:34	910392	0:15:21	939.9
2025-11-20 06:40:35	911892	0:15:26	933.9
2025-11-20 06:40:36	912960	0:15:41	917.5
2025-11-20 06:40:37	914308	0:15:52	905.3
2025-11-20 06:40:38	915580	0:16:00	896.6
2025-11-20 06:40:39	916244	0:16:21	877.2
2025-11-20 06:40:40	917056	0:15:59	896.2
2025-11-20 06:40:41	918591	0:15:19	933.0
2025-11-20 06:40:42	920228	0:14:34	980.0
2025-11-20 06:40:43	921493	0:14:05	1011.9
2025-11-20 06:40:44	922906	0:13:30	1054.1
2025-11-20 06:40:45	924197	0:13:03	1088.8
2025-11-20 06:40:46	925875	0:12:25	1141.5
2025-11-20 06:40:47	926884	0:12:06	1169.3
2025-11-20 06:40:48	927321	0:12:03	1174.6
2025-11-20 06:40:49	928323	0:11:48	1197.0
2025-11-20 06:40:50	929598	0:11:28	1229.9
2025-11-20 06:40:51	931218	0:11:05	1271.0
2025-11-20 06:40:52	932694	0:10:50	1297.3
2025-11-20 06:40:53	933920	0:10:36	1323.8
2025-11-20 06:40:54	935253	0:10:34	1327.4
2025-11-20 06:40:55	937095	0:10:23	1346.8
2025-11-20 06:40:56	939056	0:10:13	1366.3
2025-11-20 06:40:57	940388	0:10:15	1360.1
2025-11-20 06:40:58	942202	0:10:00	1389.3
2025-11-20 06:40:59	943307	0:10:10	1365.9
2025-11-20 06:41:00	943818	0:10:30	1320.8
2025-11-20 06:41:01	944579	0:10:42	1294.7
2025-11-20 06:41:02	946027	0:10:51	1275.9
2025-11-20 06:41:03	947383	0:10:55	1266.0
2025-11-20 06:41:04	949071	0:10:50	1271.8
2025-11-20 06:41:05	950625	0:10:41	1287.8
2025-11-20 06:41:06	951588	0:10:47	1274.4
2025-11-20 06:41:07	952967	0:10:44	1278.7
2025-11-20 06:41:08	954277	0:10:32	1300.8
2025-11-20 06:41:09	955817	0:10:19	1325.7
2025-11-20 06:41:10	957300	0:10:17	1328.0
2025-11-20 06:41:11	959011	0:10:13	1332.3
2025-11-20 06:41:12	960343	0:10:11	1334.4
2025-11-20 06:41:13	961950	0:10:07	1341.1
2025-11-20 06:41:14	963416	0:10:03	1347.1
2025-11-20 06:41:15	965123	0:10:02	1348.2
2025-11-20 06:41:16	966820	0:09:50	1371.6
2025-11-20 06:41:17	968818	0:09:27	1424.5
2025-11-20 06:41:18	970478	0:09:17	1447.4
2025-11-20 06:41:19	972014	0:09:13	1454.8
2025-11-20 06:41:20	973533	0:09:13	1451.7
2025-11-20 06:41:21	975118	0:09:11	1454.5
2025-11-20 06:41:22	976739	0:09:04	1469.4
2025-11-20 06:41:23	978121	0:09:02	1471.1
2025-11-20 06:41:24	980159	0:08:59	1477.8
2025-11-20 06:41:25	981971	0:08:59	1472.1
2025-11-20 06:41:26	983780	0:08:52	1488.4
2025-11-20 06:41:27	985583	0:08:51	1488.5
2025-11-20 06:41:28	987228	0:08:44	1506.5
2025-11-20 06:41:29	988853	0:08:30	1544.8
2025-11-20 06:41:30	990285	0:08:22	1566.3
2025-11-20 06:41:31	992182	0:08:16	1581.9
2025-11-20 06:41:32	993653	0:08:13	1586.5
2025-11-20 06:41:33	995369	0:08:12	1585.4
2025-11-20 06:41:34	997221	0:08:08	1595.4
2025-11-20 06:41:35	999024	0:07:58	1624.2
2025-11-20 06:41:36	1000909	0:07:52	1641.5
2025-11-20 06:41:37	1002686	0:07:47	1657.6
2025-11-20 06:41:38	1004532	0:07:42	1668.2
2025-11-20 06:41:39	1006391	0:07:38	1680.8
2025-11-20 06:41:40	1008055	0:07:37	1679.3
2025-11-20 06:41:41	1009696	0:07:34	1689.8
2025-11-20 06:41:42	1011016	0:07:35	1680.0
2025-11-20 06:41:43	1012461	0:07:35	1676.6
2025-11-20 06:41:44	1013845	0:07:38	1665.2
2025-11-20 06:41:45	1014321	0:07:49	1623.1
2025-11-20 06:41:46	1014540	0:08:08	1562.2
2025-11-20 06:41:47	1014778	0:08:24	1511.2
2025-11-20 06:41:48	1015587	0:08:32	1486.3
2025-11-20 06:41:49	1016937	0:08:32	1482.1
2025-11-20 06:41:50	1018029	0:08:38	1463.0
2025-11-20 06:41:51	1019271	0:08:40	1455.0
2025-11-20 06:41:52	1021088	0:08:35	1466.0
2025-11-20 06:41:53	1022977	0:08:36	1458.9
2025-11-20 06:41:54	1024808	0:08:34	1460.4
2025-11-20 06:41:55	1026432	0:08:34	1457.3
2025-11-20 06:41:56	1027818	0:08:38	1444.1
2025-11-20 06:41:57	1029253	0:08:40	1436.0
2025-11-20 06:41:58	1031161	0:08:37	1442.3
2025-11-20 06:41:59	1032162	0:08:40	1430.1
2025-11-20 06:42:00	1032879	0:08:55	1389.8
2025-11-20 06:42:01	1034408	0:08:53	1391.7
2025-11-20 06:42:02	1035807	0:08:55	1383.8
2025-11-20 06:42:03	1037308	0:09:00	1369.1
2025-11-20 06:42:04	1038724	0:09:04	1356.0
2025-11-20 06:42:05	1039743	0:09:15	1326.5
2025-11-20 06:42:06	1040727	0:09:26	1299.7
2025-11-20 06:42:07	1041515	0:09:41	1263.6
2025-11-20 06:42:08	1042717	0:09:51	1240.7
2025-11-20 06:42:09	1044026	0:09:56	1228.7
2025-11-20 06:42:10	1045410	0:09:59	1219.2
2025-11-20 06:42:11	1046671	0:10:00	1216.4
2025-11-20 06:42:12	1047642	0:10:07	1200.3
2025-11-20 06:42:13	1048485	0:10:15	1182.9
2025-11-20 06:42:14	1049675	0:10:02	1207.4
2025-11-20 06:42:15	1051108	0:09:40	1250.2
2025-11-20 06:42:16	1052748	0:09:16	1301.2
2025-11-20 06:42:17	1054051	0:09:08	1317.6
2025-11-20 06:42:18	1054185	0:09:25	1277.5
2025-11-20 06:42:19	1054346	0:09:40	1245.6
2025-11-20 06:42:20	1054621	0:09:55	1211.9
2025-11-20 06:42:21	1054898	0:10:22	1159.3
2025-11-20 06:42:22	1055212	0:10:52	1105.5
2025-11-20 06:42:23	1055615	0:11:22	1056.4
2025-11-20 06:42:24	1055813	0:11:55	1007.4
2025-11-20 06:42:25	1056017	0:12:26	966.0
2025-11-20 06:42:26	1056485	0:12:52	932.5
2025-11-20 06:42:27	1057817	0:13:09	910.6
2025-11-20 06:42:28	1059265	0:12:55	925.8
2025-11-20 06:42:29	1060625	0:12:36	947.3
2025-11-20 06:42:30	1061807	0:12:44	935.5
2025-11-20 06:42:31	1063353	0:12:38	940.3
2025-11-20 06:42:33	1065215	0:12:26	952.9
2025-11-20 06:42:34	1067099	0:12:12	968.9
2025-11-20 06:42:35	1069021	0:11:48	999.4
2025-11-20 06:42:36	1070356	0:11:38	1011.4
2025-11-20 06:42:37	1071491	0:11:29	1023.2
2025-11-20 06:42:38	1072413	0:11:34	1013.8
2025-11-20 06:42:39	1074257	0:11:23	1027.3
2025-11-20 06:42:40	1076080	0:11:11	1043.0
2025-11-20 06:42:41	1077491	0:11:07	1048.1
2025-11-20 06:42:42	1078852	0:10:57	1061.4
2025-11-20 06:42:43	1079998	0:10:52	1068.7
2025-11-20 06:42:44	1080882	0:10:57	1058.2
2025-11-20 06:42:45	1081971	0:11:02	1049.3
2025-11-20 06:42:46	1083387	0:11:07	1038.9
2025-11-20 06:42:47	1084781	0:11:04	1042.3
2025-11-20 06:42:48	1085967	0:10:40	1077.9
2025-11-20 06:42:49	1087568	0:10:11	1127.0
2025-11-20 06:42:50	1089285	0:09:44	1176.1
2025-11-20 06:42:51	1090938	0:09:20	1222.8
2025-11-20 06:42:52	1092423	0:09:02	1262.5
2025-11-20 06:42:53	1093965	0:08:45	1299.8
2025-11-20 06:42:54	1095645	0:08:24	1350.2
2025-11-20 06:42:55	1096743	0:08:12	1381.9
2025-11-20 06:42:56	1098568	0:07:55	1428.0
2025-11-20 06:42:57	1099950	0:07:52	1433.4
2025-11-20 06:42:58	1101797	0:07:46	1447.1
2025-11-20 06:42:59	1103476	0:07:41	1458.7
2025-11-20 06:43:00	1105200	0:07:34	1476.9
2025-11-20 06:43:01	1106841	0:07:32	1480.7
2025-11-20 06:43:02	1108738	0:07:30	1484.2
2025-11-20 06:43:03	1110720	0:07:27	1487.5
2025-11-20 06:43:04	1112364	0:07:29	1478.3
2025-11-20 06:43:05	1114039	0:07:24	1490.0
2025-11-20 06:43:06	1115646	0:07:19	1505.8
2025-11-20 06:43:07	1117333	0:07:10	1532.0
2025-11-20 06:43:08	1119160	0:07:07	1538.3
2025-11-20 06:43:09	1120774	0:07:08	1531.3
2025-11-20 06:43:10	1122756	0:07:01	1550.8
2025-11-20 06:43:11	1124311	0:06:59	1556.8
2025-11-20 06:43:12	1125410	0:06:57	1559.7
2025-11-20 06:43:13	1126539	0:06:54	1568.3
2025-11-20 06:43:14	1127658	0:06:53	1569.5
2025-11-20 06:43:15	1129083	0:06:52	1570.0
2025-11-20 06:43:16	1130586	0:06:50	1573.8
2025-11-20 06:43:17	1132187	0:06:46	1587.9
2025-11-20 06:43:18	1133881	0:06:44	1591.2
2025-11-20 06:43:19	1135517	0:06:43	1587.9
2025-11-20 06:43:20	1137344	0:06:41	1593.2
2025-11-20 06:43:21	1138809	0:06:40	1591.9
2025-11-20 06:43:22	1140476	0:06:38	1596.8
2025-11-20 06:43:23	1142161	0:06:37	1596.9
2025-11-20 06:43:24	1143819	0:06:32	1614.2
2025-11-20 06:43:25	1145018	0:06:36	1592.5
2025-11-20 06:43:26	1146261	0:06:37	1584.7
2025-11-20 06:43:27	1147671	0:06:40	1569.8
2025-11-20 06:43:28	1149003	0:06:43	1558.0
2025-11-20 06:43:29	1150540	0:06:43	1551.4
2025-11-20 06:43:30	1152114	0:06:43	1549.5
2025-11-20 06:43:31	1154077	0:06:41	1551.6
2025-11-20 06:43:32	1155721	0:06:43	1540.1
2025-11-20 06:43:33	1157515	0:06:40	1545.3
2025-11-20 06:43:34	1159177	0:06:39	1544.5
2025-11-20 06:43:35	1160282	0:06:43	1527.3
2025-11-20 06:43:36	1161699	0:06:45	1518.3
2025-11-20 06:43:37	1163153	0:06:47	1505.6
2025-11-20 06:43:38	1164289	0:06:51	1487.5
2025-11-20 06:43:39	1165567	0:06:57	1463.4
2025-11-20 06:43:40	1166123	0:07:07	1429.0
2025-11-20 06:43:41	1166507	0:07:14	1404.3
2025-11-20 06:43:42	1168042	0:07:09	1418.8
2025-11-20 06:43:43	1169524	0:07:04	1431.1
2025-11-20 06:43:44	1170748	0:07:05	1424.3
2025-11-20 06:43:45	1172377	0:07:03	1428.6
2025-11-20 06:43:46	1173612	0:07:05	1416.3
2025-11-20 06:43:47	1174942	0:07:08	1404.0
2025-11-20 06:43:48	1175833	0:07:15	1378.9
2025-11-20 06:43:49	1177492	0:07:17	1370.3
2025-11-20 06:43:50	1179335	0:07:11	1384.0
2025-11-20 06:43:51	1180732	0:07:13	1375.9
2025-11-20 06:43:52	1181311	0:07:25	1338.2
2025-11-20 06:43:53	1181663	0:07:39	1295.1
2025-11-20 06:43:54	1182108	0:07:48	1269.3
2025-11-20 06:43:55	1183354	0:07:46	1271.8
2025-11-20 06:43:56	1184748	0:07:45	1271.3
2025-11-20 06:43:57	1185881	0:07:47	1264.7
2025-11-20 06:43:58	1187751	0:07:41	1276.2
2025-11-20 06:43:59	1189346	0:07:40	1277.0
2025-11-20 06:44:00	1190566	0:07:48	1250.7
2025-11-20 06:44:01	1191127	0:08:02	1214.1
2025-11-20 06:44:02	1192317	0:08:09	1193.2
2025-11-20 06:44:03	1193611	0:08:13	1180.9
2025-11-20 06:44:04	1195483	0:08:01	1207.2
2025-11-20 06:44:05	1196891	0:08:00	1207.0
2025-11-20 06:44:06	1198436	0:07:58	1210.1
2025-11-20 06:44:07	1200178	0:07:48	1232.1
2025-11-20 06:44:08	1202162	0:07:37	1256.5
2025-11-20 06:44:09	1203708	0:07:24	1290.7
2025-11-20 06:44:10	1205411	0:07:07	1336.2
2025-11-20 06:44:11	1207370	0:07:01	1350.7
2025-11-20 06:44:12	1209152	0:06:57	1360.7
2025-11-20 06:44:13	1210614	0:06:53	1369.0
2025-11-20 06:44:14	1211833	0:06:57	1355.0
2025-11-20 06:44:15	1213059	0:06:56	1354.3
2025-11-20 06:44:16	1214482	0:06:54	1357.4
2025-11-20 06:44:17	1216119	0:06:45	1383.0
2025-11-20 06:44:18	1217492	0:06:47	1373.1
2025-11-20 06:44:19	1218825	0:06:49	1363.8
2025-11-20 06:44:20	1219368	0:06:59	1329.2
2025-11-20 06:44:21	1220678	0:06:51	1352.6
2025-11-20 06:44:22	1222145	0:06:38	1391.0
2025-11-20 06:44:23	1223954	0:06:24	1438.6
2025-11-20 06:44:24	1225355	0:06:22	1442.8
2025-11-20 06:44:25	1226840	0:06:19	1448.7
2025-11-20 06:44:26	1228772	0:06:11	1473.5
2025-11-20 06:44:27	1230525	0:06:11	1470.9
2025-11-20 06:44:28	1232094	0:06:10	1469.3
2025-11-20 06:44:29	1233821	0:06:05	1485.9
2025-11-20 06:44:30	1234658	0:06:02	1496.0
2025-11-20 06:44:31	1234919	0:06:10	1464.2
2025-11-20 06:44:32	1235393	0:06:16	1438.0
2025-11-20 06:44:33	1236490	0:06:23	1409.0
2025-11-20 06:44:34	1238039	0:06:21	1414.1
2025-11-20 06:44:35	1239839	0:06:17	1424.0
2025-11-20 06:44:36	1241469	0:06:17	1418.8
2025-11-20 06:44:37	1243235	0:06:18	1411.1
2025-11-20 06:44:38	1245082	0:06:14	1421.5
2025-11-20 06:44:39	1246698	0:06:13	1418.4
2025-11-20 06:44:40	1248528	0:06:13	1414.0
2025-11-20 06:44:41	1250357	0:06:11	1416.0
2025-11-20 06:44:42	1251387	0:06:15	1401.3
2025-11-20 06:44:43	1253132	0:06:09	1418.5
2025-11-20 06:44:44	1254719	0:06:04	1431.3
2025-11-20 06:44:45	1256704	0:05:58	1451.5
2025-11-20 06:44:46	1258525	0:05:55	1457.8
2025-11-20 06:44:47	1259844	0:05:54	1456.5
2025-11-20 06:44:48	1261524	0:05:51	1465.1
2025-11-20 06:44:49	1263241	0:05:41	1505.9
2025-11-20 06:44:50	1264608	0:05:39	1508.8
2025-11-20 06:44:51	1265592	0:05:42	1492.2
2025-11-20 06:44:52	1266832	0:05:46	1472.6
2025-11-20 06:44:53	1268448	0:05:43	1479.9
2025-11-20 06:44:54	1269871	0:05:43	1478.0
2025-11-20 06:44:55	1271023	0:05:48	1451.3
2025-11-20 06:44:56	1272522	0:05:49	1443.1
2025-11-20 06:44:57	1273997	0:05:49	1439.3
2025-11-20 06:44:58	1274916	0:05:55	1411.4
2025-11-20 06:44:59	1276808	0:05:45	1446.7
2025-11-20 06:45:00	1278538	0:05:32	1497.1
2025-11-20 06:45:01	1280522	0:05:20	1549.2
2025-11-20 06:45:02	1282168	0:05:15	1568.0
2025-11-20 06:45:03	1284028	0:05:12	1578.6
2025-11-20 06:45:04	1285497	0:05:13	1567.7
2025-11-20 06:45:06	1287050	0:05:13	1564.1
2025-11-20 06:45:07	1288571	0:05:13	1555.7
2025-11-20 06:45:08	1290127	0:05:14	1545.6
2025-11-20 06:45:09	1291302	0:05:17	1529.5
2025-11-20 06:45:10	1292690	0:05:19	1514.3
2025-11-20 06:45:11	1294344	0:05:20	1505.9
2025-11-20 06:45:12	1295883	0:05:15	1524.0
2025-11-20 06:45:13	1297719	0:05:13	1527.1
2025-11-20 06:45:14	1299618	0:05:10	1537.4
2025-11-20 06:45:15	1301486	0:05:09	1533.9
2025-11-20 06:45:16	1302797	0:05:12	1515.8
2025-11-20 06:45:17	1303970	0:05:12	1511.5
2025-11-20 06:45:18	1305572	0:05:12	1509.7
2025-11-20 06:45:19	1306300	0:05:18	1475.8
2025-11-20 06:45:20	1307125	0:05:22	1457.5
2025-11-20 06:45:21	1307478	0:05:26	1435.8
2025-11-20 06:45:22	1307714	0:05:35	1400.3
2025-11-20 06:45:23	1308068	0:05:45	1357.0
2025-11-20 06:45:24	1308929	0:05:49	1338.0
2025-11-20 06:45:25	1309920	0:05:50	1332.5
2025-11-20 06:45:26	1311175	0:05:53	1318.4
2025-11-20 06:45:27	1312678	0:05:51	1319.3
2025-11-20 06:45:28	1313877	0:05:48	1328.5
2025-11-20 06:45:29	1315720	0:05:47	1327.6
2025-11-20 06:45:30	1316807	0:05:52	1305.2
2025-11-20 06:45:31	1318229	0:05:56	1287.3
2025-11-20 06:45:32	1319875	0:05:55	1287.0
2025-11-20 06:45:33	1321295	0:05:58	1271.6
2025-11-20 06:45:34	1322347	0:06:01	1257.6
2025-11-20 06:45:35	1322667	0:06:13	1216.1
2025-11-20 06:45:36	1323026	0:06:25	1176.3
2025-11-20 06:45:37	1323478	0:06:37	1139.9
2025-11-20 06:45:38	1323946	0:06:45	1115.8
2025-11-20 06:45:39	1324630	0:06:54	1091.7
2025-11-20 06:45:40	1325821	0:06:58	1077.1
2025-11-20 06:45:41	1326398	0:07:11	1044.2
2025-11-20 06:45:42	1326810	0:07:32	995.5
2025-11-20 06:45:43	1327066	0:07:58	939.5
2025-11-20 06:45:44	1327268	0:08:29	881.6
2025-11-20 06:45:45	1327831	0:08:44	856.0
2025-11-20 06:45:46	1328584	0:08:52	841.6
2025-11-20 06:45:47	1329923	0:08:57	831.3
2025-11-20 06:45:48	1330765	0:08:53	835.5
2025-11-20 06:45:49	1332376	0:08:35	862.0
2025-11-20 06:45:50	1334188	0:08:06	910.7
2025-11-20 06:45:51	1335906	0:07:38	962.1
2025-11-20 06:45:52	1337548	0:07:17	1004.0
2025-11-20 06:45:53	1339684	0:06:58	1045.8
2025-11-20 06:45:54	1341556	0:06:44	1075.2
2025-11-20 06:45:55	1342992	0:06:41	1081.2
2025-11-20 06:45:56	1344228	0:06:41	1078.4
2025-11-20 06:45:57	1345791	0:06:36	1086.4
2025-11-20 06:45:58	1347606	0:06:33	1092.1
2025-11-20 06:45:59	1349688	0:06:20	1123.3
2025-11-20 06:46:00	1351299	0:06:16	1129.6
2025-11-20 06:46:01	1353122	0:06:11	1140.6
2025-11-20 06:46:02	1354810	0:06:07	1147.0
2025-11-20 06:46:03	1355710	0:06:11	1133.2
2025-11-20 06:46:04	1357246	0:05:56	1175.6
2025-11-20 06:46:05	1358842	0:05:42	1219.1
2025-11-20 06:46:06	1360519	0:05:29	1262.4
2025-11-20 06:46:07	1362063	0:05:20	1295.6
2025-11-20 06:46:08	1363905	0:05:08	1337.6
2025-11-20 06:46:09	1365170	0:05:07	1337.5
2025-11-20 06:46:10	1366611	0:05:00	1365.8
2025-11-20 06:46:11	1368186	0:04:50	1405.6
2025-11-20 06:46:12	1369566	0:04:42	1443.4
2025-11-20 06:46:13	1370391	0:04:37	1464.5
2025-11-20 06:46:14	1371460	0:04:33	1483.3
2025-11-20 06:46:15	1373071	0:04:27	1511.8
2025-11-20 06:46:16	1374644	0:04:24	1523.1
2025-11-20 06:46:17	1376547	0:04:16	1559.2
2025-11-20 06:46:18	1378453	0:04:13	1569.3
2025-11-20 06:46:19	1379594	0:04:16	1547.9
2025-11-20 06:46:20	1380628	0:04:19	1524.5
2025-11-20 06:46:21	1381942	0:04:20	1516.5
2025-11-20 06:46:22	1383529	0:04:22	1497.8
2025-11-20 06:46:23	1385043	0:04:23	1486.5
2025-11-20 06:46:24	1386735	0:04:20	1494.9
2025-11-20 06:46:25	1388467	0:04:16	1511.9
2025-11-20 06:46:26	1390207	0:04:14	1518.0
2025-11-20 06:46:27	1392085	0:04:13	1520.6
2025-11-20 06:46:28	1393964	0:04:12	1514.0
2025-11-20 06:46:29	1395259	0:04:13	1503.2
2025-11-20 06:46:30	1395859	0:04:20	1461.4
2025-11-20 06:46:31	1396320	0:04:27	1420.8
2025-11-20 06:46:32	1396863	0:04:29	1407.7
2025-11-20 06:46:33	1397390	0:04:36	1372.4
2025-11-20 06:46:34	1397918	0:04:43	1336.0
2025-11-20 06:46:35	1399087	0:04:46	1318.6
2025-11-20 06:46:36	1400073	0:04:49	1301.0
2025-11-20 06:46:37	1401415	0:04:52	1284.0
2025-11-20 06:46:38	1402439	0:04:53	1275.6
2025-11-20 06:46:39	1404142	0:04:49	1285.5
2025-11-20 06:46:40	1405628	0:04:49	1282.7
2025-11-20 06:46:41	1407149	0:04:47	1287.4
2025-11-20 06:46:42	1408373	0:04:43	1301.2
2025-11-20 06:46:43	1410104	0:04:36	1324.5
2025-11-20 06:46:44	1411249	0:04:39	1306.8
2025-11-20 06:46:45	1413005	0:04:37	1313.0
2025-11-20 06:46:46	1414301	0:04:40	1292.5
2025-11-20 06:46:47	1415887	0:04:41	1281.7
2025-11-20 06:46:49	1417451	0:04:37	1294.9
2025-11-20 06:46:50	1419294	0:04:30	1322.7
2025-11-20 06:46:51	1420925	0:04:26	1333.5
2025-11-20 06:46:52	1422058	0:04:28	1320.1
2025-11-20 06:46:53	1423067	0:04:31	1302.0
2025-11-20 06:46:54	1424597	0:04:31	1296.7
2025-11-20 06:46:55	1425567	0:04:36	1270.1
2025-11-20 06:46:56	1427518	0:04:33	1277.3
2025-11-20 06:46:57	1429307	0:04:32	1274.1
2025-11-20 06:46:58	1431244	0:04:31	1273.8
2025-11-20 06:46:59	1432751	0:04:28	1281.2
2025-11-20 06:47:00	1434491	0:04:19	1320.2
2025-11-20 06:47:01	1435522	0:04:14	1339.7
2025-11-20 06:47:02	1436512	0:04:11	1354.9
2025-11-20 06:47:03	1437282	0:04:09	1363.7
2025-11-20 06:47:04	1438509	0:04:03	1388.3
2025-11-20 06:47:05	1439884	0:04:01	1394.9
2025-11-20 06:47:06	1440873	0:04:00	1396.7
2025-11-20 06:47:07	1442403	0:03:58	1403.2
2025-11-20 06:47:08	1444160	0:03:52	1428.2
2025-11-20 06:47:09	1445885	0:03:51	1427.5
2025-11-20 06:47:10	1447935	0:03:47	1446.2
2025-11-20 06:47:11	1449321	0:03:47	1441.8
2025-11-20 06:47:12	1451014	0:03:43	1458.1
2025-11-20 06:47:13	1452847	0:03:41	1461.4
2025-11-20 06:47:14	1454432	0:03:38	1478.7
2025-11-20 06:47:15	1456142	0:03:37	1476.7
2025-11-20 06:47:16	1457380	0:03:36	1473.6
2025-11-20 06:47:17	1458917	0:03:35	1472.2
2025-11-20 06:47:18	1459727	0:03:39	1446.1
2025-11-20 06:47:19	1460570	0:03:43	1414.5
2025-11-20 06:47:20	1461129	0:03:49	1376.9
2025-11-20 06:47:21	1461932	0:03:50	1365.2
2025-11-20 06:47:22	1463359	0:03:47	1378.2
2025-11-20 06:47:23	1464723	0:03:47	1374.3
2025-11-20 06:47:24	1466183	0:03:44	1386.4
2025-11-20 06:47:25	1467579	0:03:45	1373.2
2025-11-20 06:47:26	1469376	0:03:44	1371.0
2025-11-20 06:47:27	1470855	0:03:45	1355.8
2025-11-20 06:47:28	1472534	0:03:43	1359.8
2025-11-20 06:47:29	1473738	0:03:45	1345.7
2025-11-20 06:47:30	1475412	0:03:39	1370.7
2025-11-20 06:47:31	1476642	0:03:39	1369.7
2025-11-20 06:47:32	1477692	0:03:36	1384.0
2025-11-20 06:47:33	1478298	0:03:39	1361.1
2025-11-20 06:47:34	1479232	0:03:41	1345.4
2025-11-20 06:47:35	1480277	0:03:40	1346.8
2025-11-20 06:47:36	1481425	0:03:40	1341.0
2025-11-20 06:47:37	1482063	0:03:46	1299.4
2025-11-20 06:47:38	1482554	0:03:55	1250.2
2025-11-20 06:47:39	1483339	0:04:01	1215.6
2025-11-20 06:47:40	1484855	0:03:59	1217.4
2025-11-20 06:47:41	1486231	0:04:01	1202.3
2025-11-20 06:47:42	1487791	0:04:00	1200.6
2025-11-20 06:47:43	1489650	0:03:57	1209.7
2025-11-20 06:47:44	1491255	0:03:56	1206.4
2025-11-20 06:47:45	1493241	0:03:50	1229.0
2025-11-20 06:47:46	1495034	0:03:47	1241.0
2025-11-20 06:47:47	1496780	0:03:41	1264.3
2025-11-20 06:47:48	1498397	0:03:36	1287.9
2025-11-20 06:47:49	1500225	0:03:28	1324.6
2025-11-20 06:47:50	1502145	0:03:20	1368.5
2025-11-20 06:47:51	1503942	0:03:17	1379.0
2025-11-20 06:47:52	1505668	0:03:14	1392.2
2025-11-20 06:47:53	1507507	0:03:11	1405.8
2025-11-20 06:47:54	1509227	0:03:08	1416.6
2025-11-20 06:47:55	1511048	0:03:07	1416.3
2025-11-20 06:47:56	1512501	0:03:06	1420.2
2025-11-20 06:47:57	1514004	0:03:06	1408.9
2025-11-20 06:47:58	1514972	0:03:06	1406.4
2025-11-20 06:47:59	1516619	0:03:03	1416.8
2025-11-20 06:48:00	1518613	0:03:01	1423.8
2025-11-20 06:48:01	1520200	0:02:57	1444.5
2025-11-20 06:48:02	1522044	0:02:51	1487.3
2025-11-20 06:48:03	1523194	0:02:49	1495.7
2025-11-20 06:48:04	1523817	0:02:50	1484.6
2025-11-20 06:48:05	1525359	0:02:46	1511.4
2025-11-20 06:48:06	1526817	0:02:44	1522.9
2025-11-20 06:48:07	1528813	0:02:37	1575.1
2025-11-20 06:48:08	1530029	0:02:35	1591.7
2025-11-20 06:48:09	1531931	0:02:32	1611.4
2025-11-20 06:48:10	1533319	0:02:31	1603.6
2025-11-20 06:48:11	1535042	0:02:29	1615.7
2025-11-20 06:48:12	1536743	0:02:28	1616.0
2025-11-20 06:48:13	1538376	0:02:28	1606.5
2025-11-20 06:48:14	1540386	0:02:27	1608.1
2025-11-20 06:48:15	1542288	0:02:25	1609.5
2025-11-20 06:48:16	1544103	0:02:24	1615.0
2025-11-20 06:48:17	1546084	0:02:21	1631.0
2025-11-20 06:48:18	1547915	0:02:20	1626.6
2025-11-20 06:48:19	1549014	0:02:21	1613.7
2025-11-20 06:48:20	1549651	0:02:24	1572.2
2025-11-20 06:48:21	1549974	0:02:29	1518.1
2025-11-20 06:48:22	1550682	0:02:33	1475.4
2025-11-20 06:48:23	1551378	0:02:35	1447.3
2025-11-20 06:48:24	1552312	0:02:37	1424.7
2025-11-20 06:48:25	1553193	0:02:40	1395.6
2025-11-20 06:48:26	1553969	0:02:42	1371.1
2025-11-20 06:48:27	1554893	0:02:42	1367.1
2025-11-20 06:48:28	1555743	0:02:46	1329.8
2025-11-20 06:48:29	1556454	0:02:48	1310.1
2025-11-20 06:48:30	1557299	0:02:52	1274.4
2025-11-20 06:48:31	1558614	0:02:54	1252.7
2025-11-20 06:48:32	1559832	0:02:53	1251.5
2025-11-20 06:48:33	1561374	0:02:48	1280.7
2025-11-20 06:48:34	1562587	0:02:48	1275.4
2025-11-20 06:48:35	1563062	0:02:50	1251.3
2025-11-20 06:48:36	1564103	0:02:54	1219.4
2025-11-20 06:48:37	1565494	0:02:54	1212.3
2025-11-20 06:48:38	1566636	0:02:55	1201.4
2025-11-20 06:48:39	1567948	0:02:56	1185.2
2025-11-20 06:48:40	1568774	0:03:00	1154.0
2025-11-20 06:48:41	1570076	0:03:00	1147.7
2025-11-20 06:48:42	1571326	0:03:02	1129.0
2025-11-20 06:48:44	1572865	0:03:03	1112.4
2025-11-20 06:48:45	1574314	0:03:05	1093.6
2025-11-20 06:48:46	1575711	0:03:05	1082.9
2025-11-20 06:48:47	1577041	0:03:08	1062.9
2025-11-20 06:48:48	1578266	0:03:11	1037.7
2025-11-20 06:48:49	1579670	0:03:08	1043.9
2025-11-20 06:48:50	1581422	0:03:01	1079.4
2025-11-20 06:48:51	1582900	0:02:52	1121.6
2025-11-20 06:48:52	1583445	0:02:53	1115.5
2025-11-20 06:48:53	1584164	0:02:52	1116.3
2025-11-20 06:48:54	1585302	0:02:50	1124.2
2025-11-20 06:48:55	1586530	0:02:47	1136.7
2025-11-20 06:48:56	1587784	0:02:43	1153.3
2025-11-20 06:48:57	1588553	0:02:43	1149.0
2025-11-20 06:48:58	1589574	0:02:42	1154.9
2025-11-20 06:48:59	1590851	0:02:38	1174.2
2025-11-20 06:49:00	1592069	0:02:35	1185.0
2025-11-20 06:49:01	1593394	0:02:34	1186.5
2025-11-20 06:49:02	1595329	0:02:30	1210.1
2025-11-20 06:49:03	1597210	0:02:27	1221.2
2025-11-20 06:49:04	1599229	0:02:22	1246.0
2025-11-20 06:49:05	1600674	0:02:17	1278.9
2025-11-20 06:49:06	1602365	0:02:14	1300.8
2025-11-20 06:49:07	1603750	0:02:13	1300.8
2025-11-20 06:49:08	1605433	0:02:10	1318.7
2025-11-20 06:49:09	1607110	0:02:07	1331.5
2025-11-20 06:49:10	1608659	0:02:04	1355.1
2025-11-20 06:49:11	1609932	0:02:03	1352.1
2025-11-20 06:49:12	1611465	0:02:01	1362.5
2025-11-20 06:49:13	1612864	0:02:00	1362.7
2025-11-20 06:49:14	1614728	0:01:57	1376.8
2025-11-20 06:49:15	1616647	0:01:54	1394.4
2025-11-20 06:49:16	1618197	0:01:53	1401.8
2025-11-20 06:49:17	1619786	0:01:51	1413.4
2025-11-20 06:49:18	1621597	0:01:48	1428.7
2025-11-20 06:49:19	1622866	0:01:49	1412.3
2025-11-20 06:49:20	1624659	0:01:46	1423.1
2025-11-20 06:49:21	1625936	0:01:44	1448.1
2025-11-20 06:49:22	1627907	0:01:40	1487.8
2025-11-20 06:49:23	1629279	0:01:38	1496.5
2025-11-20 06:49:24	1631037	0:01:36	1513.9
2025-11-20 06:49:25	1632710	0:01:34	1528.2
2025-11-20 06:49:26	1633807	0:01:32	1539.4
2025-11-20 06:49:27	1635524	0:01:30	1563.1
2025-11-20 06:49:28	1636270	0:01:31	1544.9
2025-11-20 06:49:29	1636406	0:01:33	1507.9
2025-11-20 06:49:30	1636630	0:01:35	1470.5
2025-11-20 06:49:31	1636942	0:01:38	1416.1
2025-11-20 06:49:32	1637331	0:01:42	1365.9
2025-11-20 06:49:33	1637716	0:01:45	1314.3
2025-11-20 06:49:34	1638115	0:01:48	1278.6
2025-11-20 06:49:35	1638783	0:01:51	1243.7
2025-11-20 06:49:36	1640060	0:01:50	1239.1
2025-11-20 06:49:37	1641343	0:01:50	1225.4
2025-11-20 06:49:38	1642516	0:01:51	1210.5
2025-11-20 06:49:39	1644289	0:01:48	1220.2
2025-11-20 06:49:40	1645707	0:01:47	1223.2
2025-11-20 06:49:41	1647492	0:01:44	1232.6
2025-11-20 06:49:42	1649567	0:01:41	1255.4
2025-11-20 06:49:43	1651482	0:01:39	1257.1
2025-11-20 06:49:44	1652896	0:01:40	1239.7
2025-11-20 06:49:45	1654624	0:01:38	1243.5
2025-11-20 06:49:46	1656571	0:01:35	1255.8
2025-11-20 06:49:47	1658537	0:01:33	1261.1
2025-11-20 06:49:48	1660197	0:01:31	1274.9
2025-11-20 06:49:49	1662305	0:01:29	1285.7
2025-11-20 06:49:50	1664208	0:01:26	1307.1
2025-11-20 06:49:51	1666001	0:01:25	1303.9
2025-11-20 06:49:52	1667793	0:01:22	1318.2
2025-11-20 06:49:53	1669674	0:01:21	1322.7
2025-11-20 06:49:54	1671277	0:01:19	1320.3
2025-11-20 06:49:55	1673329	0:01:16	1350.0
2025-11-20 06:49:56	1675163	0:01:15	1353.9
2025-11-20 06:49:57	1676799	0:01:12	1384.3
2025-11-20 06:49:58	1678582	0:01:08	1443.1
2025-11-20 06:49:59	1680272	0:01:04	1493.3
2025-11-20 06:50:00	1682074	0:01:01	1544.4
2025-11-20 06:50:01	1683804	0:00:58	1590.1
2025-11-20 06:50:02	1684855	0:00:57	1612.9
2025-11-20 06:50:03	1685333	0:00:56	1615.4
2025-11-20 06:50:04	1686750	0:00:54	1641.2
2025-11-20 06:50:05	1688332	0:00:53	1652.8
2025-11-20 06:50:06	1689782	0:00:52	1658.8
2025-11-20 06:50:07	1691087	0:00:51	1663.5
2025-11-20 06:50:08	1692910	0:00:50	1664.7
2025-11-20 06:50:09	1694571	0:00:49	1673.1
2025-11-20 06:50:10	1696403	0:00:48	1674.5
2025-11-20 06:50:11	1698278	0:00:47	1667.5
2025-11-20 06:50:12	1699652	0:00:46	1649.2
2025-11-20 06:50:13	1700866	0:00:46	1643.2
2025-11-20 06:50:14	1702172	0:00:45	1628.6
2025-11-20 06:50:15	1703510	0:00:45	1606.0
2025-11-20 06:50:16	1705081	0:00:44	1600.0
2025-11-20 06:50:17	1706330	0:00:44	1583.1
2025-11-20 06:50:18	1708014	0:00:43	1569.6
2025-11-20 06:50:19	1709440	0:00:43	1557.2
2025-11-20 06:50:20	1711410	0:00:42	1554.1
2025-11-20 06:50:21	1713177	0:00:41	1551.6
2025-11-20 06:50:22	1714678	0:00:40	1540.9
2025-11-20 06:50:23	1716068	0:00:39	1538.0
2025-11-20 06:50:24	1717430	0:00:39	1511.5
2025-11-20 06:50:25	1718950	0:00:38	1499.7
2025-11-20 06:50:26	1720705	0:00:37	1501.6
2025-11-20 06:50:27	1722299	0:00:36	1497.7
2025-11-20 06:50:28	1724000	0:00:35	1496.9
2025-11-20 06:50:29	1725582	0:00:34	1493.5
2025-11-20 06:50:30	1727272	0:00:33	1491.0
2025-11-20 06:50:31	1728920	0:00:31	1513.3
2025-11-20 06:50:32	1730676	0:00:29	1549.5
2025-11-20 06:50:33	1732321	0:00:28	1563.7
2025-11-20 06:50:34	1733843	0:00:27	1559.4
2025-11-20 06:50:36	1735575	0:00:26	1562.5
2025-11-20 06:50:37	1737238	0:00:25	1577.9
2025-11-20 06:50:38	1738483	0:00:24	1557.7
2025-11-20 06:50:39	1740375	0:00:23	1568.4
2025-11-20 06:50:40	1742105	0:00:22	1559.8
2025-11-20 06:50:41	1743559	0:00:21	1546.3
2025-11-20 06:50:42	1744260	0:00:21	1522.1
2025-11-20 06:50:43	1745801	0:00:20	1531.1
2025-11-20 06:50:44	1746813	0:00:19	1518.4
2025-11-20 06:50:45	1748319	0:00:18	1523.6
2025-11-20 06:50:46	1749213	0:00:18	1503.3
2025-11-20 06:50:47	1750573	0:00:17	1512.6
2025-11-20 06:50:48	1751531	0:00:16	1491.7
2025-11-20 06:50:49	1753238	0:00:15	1496.7
2025-11-20 06:50:50	1754595	0:00:15	1484.1
2025-11-20 06:50:51	1756497	0:00:13	1490.0
2025-11-20 06:50:52	1758015	0:00:12	1482.6
2025-11-20 06:50:53	1759560	0:00:11	1491.7
2025-11-20 06:50:54	1760893	0:00:10	1481.8
2025-11-20 06:50:55	1762517	0:00:09	1503.4
2025-11-20 06:50:56	1764065	0:00:08	1484.3
2025-11-20 06:50:57	1765707	0:00:07	1491.2
2025-11-20 06:50:58	1767221	0:00:06	1481.4
2025-11-20 06:50:59	1768758	0:00:05	1483.2
2025-11-20 06:51:00	1770419	0:00:04	1482.2
2025-11-20 06:51:01	1772044	0:00:03	1471.6
2025-11-20 06:51:02	1773714	0:00:02	1471.0
2025-11-20 06:51:03	1775461	0:00:00	1469.6
